,Timestamp,Age,Gender,City,Position,Total_Yrs_Exp,Yrs_Exp_DE,Seniority,Main_Tech,Other_Tech,Salary_Brutto,Bonus_Stocks,Salary_Brutto_Prev,Bonus_Stock_Prev,Vacation_Days,Employment_Status,Contract_Duration,Main_Lang_Work,Company_Size,Company_Type,Lost_Job_Covid,Kurzarbeit,WFH_Support,Total_Salary,Clean_Main_Tech,Age_group
0,24/11/2020 11:14:15,26.0,Male,Munich,Software Engineer,5.0,3,Senior,TypeScript,"Kotlin, Javascript / Typescript",80000.0,5000.0,75000.0,10000,30,Full-time employee,Unlimited contract,English,51-100,Product,No,,,85000.0,TypeScript,25-29
1,24/11/2020 11:14:16,26.0,Male,Berlin,Backend Developer,7.0,4,Senior,Ruby,,80000.0,0.0,82000.0,5000,28,Full-time employee,Unlimited contract,English,101-1000,Product,No,,,80000.0,Ruby,25-29
2,24/11/2020 11:14:21,29.0,Male,Berlin,Software Engineer,12.0,6,Lead,Javascript / Typescript,"Javascript / Typescript, Docker",120000.0,120000.0,100000.0,100000,30,Self-employed (freelancer),Temporary contract,English,101-1000,Product,Yes,,,240000.0,Javascript,25-29
3,24/11/2020 11:15:24,28.0,Male,Berlin,Frontend Developer,4.0,1,Junior,Javascript,,54000.0,0.0,,,24,Full-time employee,Unlimited contract,English,51-100,Startup,No,,,54000.0,Javascript,25-29
4,24/11/2020 11:15:46,37.0,Male,Berlin,Backend Developer,17.0,6,Senior,C# .NET,".NET, SQL, AWS, Docker",62000.0,0.0,62000.0,,29,Full-time employee,Unlimited contract,English,101-1000,Product,No,,,62000.0,C# .NET,35-39
5,24/11/2020 11:15:53,32.0,Male,Berlin,DevOps,5.0,1,Senior,"AWS, GCP, Python,K8s","Python, AWS, Google Cloud, Kubernetes, Docker",76000.0,5000.0,76000.0,5000,30,Full-time employee,Unlimited contract,English,11-50,Startup,No,,,81000.0,AWS GCP PythonK8s,30-34
6,24/11/2020 11:16:35,37.0,Male,Berlin,Frontend Developer,6.0,0.4,Middle,Javascript,,57000.0,0.0,,,24,Full-time employee,Unlimited contract,English,11-50,Product,No,,,57000.0,Javascript,35-39
7,24/11/2020 11:16:44,24.0,Male,Berlin,Frontend Developer,5.0,1,Senior,Typescript,Javascript / Typescript,65000.0,0.0,65000.0,,27,Full-time employee,Unlimited contract,English,1000+,Product,No,0.0,600,65000.0,Typescript,18-24
8,24/11/2020 11:17:24,29.0,Male,Berlin,Backend Developer,8.0,2,Senior,PHP,"SQL, AWS, Docker",56000.0,0.0,55000.0,,28,Full-time employee,Unlimited contract,English,101-1000,Product,No,30.0,,56000.0,PHP,25-29
9,24/11/2020 11:17:50,35.0,Male,Berlin,Software Engineer,15.0,3,Lead,Java,,95000.0,0.0,90000.0,,30,Full-time employee,Unlimited contract,English,101-1000,Product,No,0.0,,95000.0,Java,35-39
10,24/11/2020 11:18:06,32.0,Female,Hamburg,Data Engineer,2.0,2,Junior,Aws Hadoop Postgre Typescript,"Python, Kotlin, Javascript / Typescript, SQL, AWS",52500.0,0.0,52500.0,,30,Full-time employee,Unlimited contract,German,101-1000,Consulting / Agency,No,,,52500.0,Aws Hadoop Postgre Typescript,30-34
11,24/11/2020 11:18:16,,Male,Berlin,Software Engineer,25.0,11,Senior,C++,"Python, C/C++, SQL",100000.0,101.0,80000.0,13000,24,Self-employed (freelancer),Temporary contract,English,11-50,Product,Yes,,,100101.0,C++,
12,24/11/2020 11:18:22,,,Berlin,Software Engineer,,,Lead,PHP,,90000.0,40000.0,,,,Full-time employee,Unlimited contract,English,1000+,,No,,1000,130000.0,PHP,
13,24/11/2020 11:18:26,34.0,Male,Berlin,Software Engineer,14.0,5,Senior,Typescript,"PHP, Javascript / Typescript, AWS",70000.0,0.0,,,28,Full-time employee,Unlimited contract,English,11-50,Startup,No,0.0,,70000.0,Typescript,30-34
14,24/11/2020 11:18:40,28.0,Male,Berlin,Designer (UI/UX),11.0,2,Senior,,,75000.0,9400.0,66000.0,,30,Full-time employee,Unlimited contract,English,1000+,Product,Yes,,,84400.0,,25-29
15,24/11/2020 11:18:41,31.0,Male,Wolfsburg,Backend Developer,5.0,1,Senior,Kotlin,,75000.0,2000.0,75000.0,2000,25,Full-time employee,Unlimited contract,English,101-1000,Consulting / Agency,No,,,77000.0,Kotlin,30-34
16,24/11/2020 11:18:52,29.0,Male,Hamburg,Backend Developer,7.0,3,Middle,Ruby,"Go, Kubernetes, Docker",60350.0,0.0,58000.0,500,31,Full-time employee,Unlimited contract,English,1000+,Product,i didn't but will be looking for new one because of covid,0.0,,60350.0,Ruby,25-29
17,24/11/2020 11:19:10,41.0,Male,Berlin,Product Manager,18.0,2,Senior,,SQL,78000.0,0.0,100000.0,,28,Full-time employee,Unlimited contract,English,51-100,Startup,Yes,,,78000.0,,40-49
18,24/11/2020 11:20:03,27.0,Male,Berlin,Backend Developer,8.0,3,Senior,PHP,,60000.0,0.0,55000.0,,25,Full-time employee,Unlimited contract,English,1000+,Product,No,,,60000.0,PHP,25-29
19,24/11/2020 11:20:49,34.0,Male,Berlin,Mobile Developer,11.0,5,Lead,kotlin,"Kotlin, Javascript / Typescript, AWS, Google Cloud, Kubernetes, Docker",80000.0,80000.0,75000.0,75000,28,Full-time employee,Unlimited contract,English,101-1000,Product,No,,,160000.0,kotlin,30-34
20,24/11/2020 11:21:10,34.0,Male,Berlin,DevOps,13.0,5,Senior,,,103000.0,0.0,90000.0,,30,Full-time employee,Unlimited contract,English,1000+,Product,,,,103000.0,,30-34
21,24/11/2020 11:21:18,34.0,Male,Berlin,Software Architect,15.0,9,Lead,NodeJS,"Javascript / Typescript, SQL, Go, AWS, Kubernetes, Docker, Terraform",100000.0,0.0,92000.0,7000,24,Full-time employee,Unlimited contract,English,1000+,Product,No,,,100000.0,NodeJS,30-34
22,24/11/2020 11:22:57,25.0,Male,Berlin,Software Engineer,5.0,2,Senior,Javascript,"Javascript / Typescript, AWS, Docker",65000.0,0.0,,,28,Full-time employee,Unlimited contract,German,1000+,Product,No,,,65000.0,Javascript,25-29
23,24/11/2020 11:23:11,59.0,Male,Berlin,Backend Developer,30.0,30,Senior,Java,"Kotlin, Java / Scala, SQL",69000.0,0.0,69000.0,2000,28,Full-time employee,Unlimited contract,German,101-1000,Product,No,0.0,,69000.0,Java,50+
24,24/11/2020 11:23:53,36.0,Male,Berlin,Software Engineer,17.0,2,Lead,PHP,"Python, C/C++, Javascript / Typescript, SQL, Go, AWS, Docker",70000.0,0.0,65000.0,,28,Full-time employee,Unlimited contract,English,101-1000,Product,No,,,70000.0,PHP,35-39
25,24/11/2020 11:25:03,38.0,Male,Berlin,Team Lead,18.0,4,Lead,iOS,"Swift, AWS",80000.0,4000.0,80000.0,2000,28,Full-time employee,Unlimited contract,English,101-1000,Product,Yes,,,84000.0,iOS,35-39
26,24/11/2020 11:25:20,24.0,Male,Berlin,DevOps,6.0,3,Senior,Kubernetes,"Python, AWS, Google Cloud, Kubernetes, Docker",75000.0,10000.0,63000.0,,27,Full-time employee,Unlimited contract,English,101-1000,Product,No,,,85000.0,Kubernetes,18-24
27,24/11/2020 11:25:32,37.0,Male,Berlin,Test manager,6.0,6,Middle,Charles,,47400.0,1000.0,44000.0,1000,28,Full-time employee,Unlimited contract,German,1000+,Media,No,,,48400.0,Charles,35-39
28,24/11/2020 11:25:35,,Male,Berlin,DevOps,14.0,5,Senior,,"Python, Go, AWS, Kubernetes, Docker",67000.0,7000.0,65000.0,,30,Full-time employee,Unlimited contract,English,101-1000,Product,No,,,74000.0,,
29,24/11/2020 11:26:16,40.0,Male,Berlin,Product Manager,13.0,1,Senior,SQL,Python,70000.0,0.0,,,28,Full-time employee,Unlimited contract,English,101-1000,Product,No,0.0,200,70000.0,SQL,40-49
30,24/11/2020 11:26:59,29.0,Male,Berlin,Software Engineer,6.0,4,Lead,Go,"Python, Go, AWS, Kubernetes, Docker",85000.0,5000.0,78000.0,,28,Full-time employee,Unlimited contract,English,101-1000,Product,No,,1100,90000.0,Go,25-29
31,24/11/2020 11:27:34,31.0,Male,Berlin,Backend Developer,5.0,1,Middle,java,Kotlin,65000.0,0.0,,,28,Full-time employee,Unlimited contract,English,101-1000,Startup,No,,,65000.0,java,30-34
32,24/11/2020 11:27:39,29.0,Female,Berlin,QA Engineer,7.0,1,Middle,,Javascript / Typescript,45000.0,2000.0,,,26,Full-time employee,Unlimited contract,English,51-100,Startup,No,,,47000.0,,25-29
33,24/11/2020 11:27:49,39.0,Male,Berlin,Software Engineer,8.0,5,Senior,Java,"Python, Java / Scala, SQL, AWS, Google Cloud, Kubernetes, Docker",80000.0,0.0,80000.0,,29,Full-time employee,Unlimited contract,English,51-100,Startup,No,30.0,,80000.0,Java,35-39
34,24/11/2020 11:28:12,27.0,Male,Berlin,Software Engineer,8.0,1,Middle,Javascript,,63000.0,101.0,,,24,Full-time employee,Unlimited contract,English,101-1000,Product,No,,,63101.0,Javascript,25-29
35,24/11/2020 11:28:14,33.0,Male,Berlin,Data Scientist,5.0,4,Lead,Python,"Python, R, Google Cloud, Docker",150000.0,80000.0,81000.0,4000,24,Full-time employee,Unlimited contract,English,1000+,Product,No,0.0,1,230000.0,Python,30-34
36,24/11/2020 11:28:58,28.0,Female,Berlin,Designer (UI/UX),7.0,7,Middle,Figma,,45000.0,0.0,37000.0,,28,Full-time employee,Unlimited contract,German,1000+,Product,No,,,45000.0,Figma,25-29
37,24/11/2020 11:29:18,30.0,Male,Berlin,Software Engineer,8.0,3,Senior,JavaScript,"Python, Javascript / Typescript, Java / Scala, Go, Kubernetes, Docker",80000.0,0.0,72000.0,3500,28,Full-time employee,Unlimited contract,English,101-1000,Product,No,0.0,,80000.0,JavaScript,30-34
38,24/11/2020 11:29:38,28.0,Male,Berlin,Backend Developer,5.0,1,Senior,Kotlin,"Python, Kotlin, Java / Scala, SQL, AWS, Kubernetes, Docker",75000.0,0.0,58000.0,,25,Full-time employee,Unlimited contract,English,101-1000,Startup,No,0.0,,75000.0,Kotlin,25-29
39,24/11/2020 11:29:55,38.0,Male,Berlin,DevOps,10.0,5,Senior,Go/Python,"AWS, Kubernetes, Docker",70000.0,0.0,65000.0,,30,Full-time employee,Unlimited contract,English,51-100,Startup,No,0.0,,70000.0,Go,35-39
40,24/11/2020 11:30:00,29.0,Male,Berlin,Frontend Developer,7.0,2,Senior,React,Javascript / Typescript,72000.0,12000.0,63000.0,,27,Full-time employee,Unlimited contract,English,1000+,Product,No,,1000,84000.0,React,25-29
41,24/11/2020 11:30:11,49.0,Male,Berlin,Software Engineer,15.0,15,Senior,Java,SQL,67000.0,1500.0,66000.0,,29,Full-time employee,Unlimited contract,German,1000+,Product,No,,,68500.0,Java,40-49
42,24/11/2020 11:30:21,32.0,Male,Berlin,Frontend Developer,10.0,5,Senior,TypeScript,"AWS, Kubernetes",105000.0,0.0,80000.0,,60,Self-employed (freelancer),Temporary contract,English,101-1000,Product,Yes,,5000,105000.0,TypeScript,30-34
43,24/11/2020 11:30:38,33.0,Female,Berlin,Software Engineer,12.0,5,Senior,С#,"Python, C/C++, Javascript / Typescript, .NET, SQL",88000.0,35200.0,96000.0,20000,30,Full-time employee,Unlimited contract,English,1000+,Product,,,,123200.0,С#,30-34
44,24/11/2020 11:30:45,30.0,Male,Berlin,Software Engineer,6.0,3,Senior,Java,"Kotlin, AWS, Kubernetes, Docker",74000.0,15000.0,54000.0,54000,27,Full-time employee,Unlimited contract,English,1000+,Product,No,,,89000.0,Java,30-34
45,24/11/2020 11:31:01,48.0,Male,Berlin,Software Engineer,25.0,11,Senior,Java,"Kotlin, Java / Scala, SQL",75000.0,0.0,75000.0,,28,Full-time employee,Unlimited contract,English,101-1000,Product,No,,,75000.0,Java,40-49
46,24/11/2020 11:31:38,28.0,Female,Berlin,Designer (UI/UX),5.0,1,Senior,,,60000.0,0.0,,,20,Full-time employee,Unlimited contract,English,1000+,Product,No,,,60000.0,,25-29
47,24/11/2020 11:31:45,32.0,Male,Berlin,Backend Developer,3.0,1,Middle,Java,"AWS, Kubernetes, Docker",77000.0,0.0,62000.0,,30,Full-time employee,Unlimited contract,English,101-1000,Product,No,,,77000.0,Java,30-34
48,24/11/2020 11:31:50,38.0,Female,Berlin,Backend Developer,12.0,6,Senior,,C/C++,70000.0,8000.0,63000.0,,28,Full-time employee,Unlimited contract,English,1000+,Product,No,0.0,,78000.0,,35-39
49,24/11/2020 11:31:51,31.0,Male,Berlin,Software Engineer,7.0,3,Lead,Python,"Python, SQL, Google Cloud, Kubernetes, Docker",76000.0,10000.0,69000.0,,27,Full-time employee,Unlimited contract,English,101-1000,Startup,No,,,86000.0,Python,30-34
50,24/11/2020 11:32:11,35.0,Male,Berlin,Backend Developer,10.0,7,Senior,Ruby,"Go, AWS, Kubernetes, Docker, Elixir",75000.0,0.0,72000.0,15000,30,Full-time employee,Unlimited contract,English,101-1000,Product,No,0.0,500,75000.0,Ruby,35-39
51,24/11/2020 11:32:24,28.0,Female,Berlin,Designer (UI/UX),7.0,7,Middle,Figma,,45000.0,0.0,37000.0,,28,Full-time employee,Unlimited contract,German,1000+,Product,No,,,45000.0,Figma,25-29
52,24/11/2020 11:32:28,29.0,Female,Berlin,QA Engineer,8.0,5,Senior,,,60000.0,0.0,52000.0,,28,Full-time employee,Unlimited contract,English,51-100,Startup,Yes,,,60000.0,,25-29
53,24/11/2020 11:32:48,32.0,Male,Berlin,Backend Developer,8.0,5,Senior,PHP,"PHP, SQL, AWS, Kubernetes, Docker",65000.0,0.0,60000.0,,30,Full-time employee,Unlimited contract,English,11-50,Product,No,0.0,,65000.0,PHP,30-34
54,24/11/2020 11:32:57,44.0,Male,Berlin,Backend Developer,12.0,3,Senior,Java,"SQL, Go, Kubernetes, Docker",68000.0,0.0,68000.0,,26,Full-time employee,Unlimited contract,English,11-50,Product,No,,,68000.0,Java,40-49
55,24/11/2020 11:33:08,,Male,Berlin,Software Engineer,,1,Senior,PHP,,75000.0,0.0,,,,Full-time employee,,English,,,No,0.0,,75000.0,PHP,
56,24/11/2020 11:33:33,35.0,Male,Munich,Software Engineer,11.0,3,Senior,Php,"Javascript / Typescript, AWS, Kubernetes, Docker",65000.0,5000.0,65000.0,,29,Full-time employee,Unlimited contract,German,101-1000,Product,No,,2000,70000.0,Php,35-39
57,24/11/2020 11:33:45,33.0,Male,Munich,DevOps,15.0,4,Lead,Kubernetes,"AWS, Google Cloud, Azure, Docker",90000.0,10000.0,78000.0,85000,30,Full-time employee,Unlimited contract,,101-1000,Product,No,,,100000.0,Kubernetes,30-34
58,24/11/2020 11:33:46,29.0,Male,Berlin,Software Engineer,5.0,3,Senior,Go,"Java / Scala, AWS, Docker",75000.0,0.0,58000.0,,30,Full-time employee,Unlimited contract,English,101-1000,Product,No,,,75000.0,Go,25-29
59,24/11/2020 11:33:51,66.0,Male,Munich,Software Engineer,40.0,4,Lead,ruby on rails,"Javascript / Typescript, Ruby, SQL",70000.0,0.0,50000.0,,30,Full-time employee,Unlimited contract,German,51-100,Product,No,0.0,,70000.0,ruby on rails,50+
60,24/11/2020 11:35:25,39.0,Female,Berlin,Software Engineer,10.0,10,Senior,Java,"Javascript / Typescript, SQL",70500.0,1000.0,68000.0,,30,Full-time employee,Unlimited contract,German,101-1000,Consulting / Agency,No,,500,71500.0,Java,35-39
61,24/11/2020 11:36:44,28.0,Male,Munich,Backend Developer,5.0,4,Senior,Kotlin,"Kotlin, Javascript / Typescript, Java / Scala, SQL, AWS, Google Cloud, Kubernetes, Docker",72000.0,0.0,56000.0,,28,Full-time employee,Unlimited contract,English,101-1000,Product,No,,,72000.0,Kotlin,25-29
62,24/11/2020 11:37:39,34.0,Male,Munich,Frontend Developer,5.0,5,Senior,JavaScript/ES6,,73500.0,0.0,70000.0,,27,Full-time employee,Unlimited contract,English,11-50,Product,No,,,73500.0,JavaScript,30-34
63,24/11/2020 11:37:52,34.0,Male,Munich,Software Engineer,13.0,3,Lead,.NET,".NET, SQL",72000.0,72000.0,60000.0,60000,30,Full-time employee,Unlimited contract,English,51-100,Product,No,32.0,,144000.0,.NET,30-34
64,24/11/2020 11:38:10,32.0,Male,Munich,Frontend Developer,7.0,5,Senior,Javascript,"Javascript / Typescript, Java / Scala",62000.0,0.0,60000.0,,30,Full-time employee,Unlimited contract,German,101-1000,Consulting / Agency,No,,,62000.0,Javascript,30-34
65,24/11/2020 11:38:14,38.0,Male,Stuttgart,Hardware Engineer,15.0,5,Lead,Hardware,,83000.0,0.0,,,30,Full-time employee,Unlimited contract,English,1000+,Product,,,,83000.0,Hardware,35-39
66,24/11/2020 11:38:15,32.0,Male,Berlin,Data Scientist,10.0,10,Head,,,110000.0,30000.0,85000.0,15000,30,Full-time employee,Unlimited contract,English,1000+,Consulting / Agency,No,,,140000.0,,30-34
67,24/11/2020 11:38:22,45.0,Male,Schleswig-Holstein,Software Engineer,26.0,18,Senior,C#,"C/C++, .NET, SQL",93000.0,10000.0,93000.0,11000,30,Full-time employee,Unlimited contract,German,1000+,Product,No,,,103000.0,C#,40-49
68,24/11/2020 11:39:21,48.0,Male,London,Data Engineer,23.0,0,,Google Cloud Platform,"Python, SQL, Go, Google Cloud, bash",110000.0,0.0,,,,Company Director,Temporary contract,English,up to 10,Personal Ltd,Yes,,,110000.0,Google Cloud Platform,40-49
69,24/11/2020 11:40:04,28.0,Male,Berlin,Software Engineer,3.0,2,Middle,Js,"Javascript / Typescript, SQL, AWS, Google Cloud, Kubernetes, Docker, Quorum",55000.0,0.0,42000.0,,22,Full-time employee,Unlimited contract,English,11-50,Startup,No,24.0,,55000.0,Js,25-29
70,24/11/2020 11:40:05,29.0,Male,Konstanz area,Mobile Developer,6.0,3,Middle,android,Kotlin,53000.0,0.0,53000.0,,26,Full-time employee,Unlimited contract,English,11-50,Startup,No,20.0,,53000.0,android,25-29
71,24/11/2020 11:40:24,36.0,Male,Munich,Backend Developer,15.0,3,Senior,java,PHP,55000.0,0.0,55000.0,,28,Full-time employee,Unlimited contract,English,1000+,Product,No,,600,55000.0,java,35-39
72,24/11/2020 11:40:42,39.0,Male,Berlin,Software Engineer,10.0,2,Senior,C#,"Javascript / Typescript, .NET, SQL, Azure, Docker",75000.0,0.0,65000.0,,30,Full-time employee,Unlimited contract,German,1000+,Consulting / Agency,No,,,75000.0,C#,35-39
73,24/11/2020 11:40:45,29.0,Male,Munich,Software Engineer,7.0,3,Senior,JavaScript ,"Kotlin, Javascript / Typescript, Java / Scala, Docker",80000.0,5000.0,72000.0,2500,24,Full-time employee,Unlimited contract,English,1000+,Product,No,,1000,85000.0,JavaScript,25-29
74,24/11/2020 11:42:49,31.0,Male,Berlin,Engineering Manager,11.0,6,Lead,Java,"Python, Java / Scala, SQL, Go, AWS, Google Cloud, Kubernetes, Docker",80000.0,0.0,79000.0,,27,Full-time employee,Unlimited contract,English,101-1000,Startup,No,40.0,200,80000.0,Java,30-34
75,24/11/2020 11:43:28,30.0,Male,Berlin,Backend Developer,5.0,5,Middle,Java,,55000.0,0.0,,,27,Full-time employee,Unlimited contract,English,1000+,Product,No,,,55000.0,Java,30-34
76,24/11/2020 11:43:34,30.0,Male,Munich,DevOps,8.0,2,Middle,,,70200.0,75000.0,63000.0,63000,30,Full-time employee,Unlimited contract,English,1000+,Product,No,,,145200.0,,30-34
77,24/11/2020 11:43:49,33.0,Male,Frankfurt,Software Engineer,4.0,0,Middle,Java,,50000.0,0.0,,,24,Full-time employee,Unlimited contract,English,11-50,Consulting / Agency,No,,,50000.0,Java,30-34
78,24/11/2020 11:44:00,27.0,Male,Berlin,Software Engineer,5.0,1,Senior,Scala,Java / Scala,78000.0,0.0,70000.0,,30,Full-time employee,Unlimited contract,English,1000+,Startup,No,,,78000.0,Scala,25-29
79,24/11/2020 11:44:02,26.0,Female,Munich,Data Scientist,6.0,2,Middle,python,"Python, C/C++, SQL, Docker",60000.0,10000.0,60000.0,60000,26,Full-time employee,Unlimited contract,English,1000+,Product,No,,,70000.0,python,25-29
80,24/11/2020 11:44:10,26.0,Male,Berlin,Software Engineer,8.0,3,Lead,Go,"Python, PHP, Javascript / Typescript, Go, Google Cloud, Kubernetes, Docker",85000.0,0.0,75000.0,,28,Full-time employee,Unlimited contract,English,1000+,Product,No,,,85000.0,Go,25-29
81,24/11/2020 11:44:18,31.0,Female,Berlin,Analytics engineer,6.0,2,Middle,SQL,Python,60000.0,0.0,50000.0,500,27,Full-time employee,Unlimited contract,English,101-1000,Startup,No,,500,60000.0,SQL,30-34
82,24/11/2020 11:44:34,30.0,Male,Berlin,Software Engineer,10.0,2,Senior,Scala,"Python, Java / Scala, AWS, Docker",72000.0,0.0,70000.0,,28,Full-time employee,Unlimited contract,English,101-1000,Product,No,,,72000.0,Scala,30-34
83,24/11/2020 11:44:51,38.0,Male,Berlin,Localization producer,17.0,3,Middle,,,68500.0,30000.0,62400.0,122000,25,Full-time employee,Unlimited contract,English,1000+,Product,No,,8000,98500.0,,35-39
84,24/11/2020 11:44:59,43.0,Male,Berlin,Mobile Developer,5.0,3,Senior,Kotlin,"Kotlin, Java / Scala",72000.0,0.0,68000.0,,30,Full-time employee,Unlimited contract,English,1000+,Product,No,,,72000.0,Kotlin,40-49
85,24/11/2020 11:45:28,33.0,Male,Berlin,Software Engineer,5.0,1,Middle,python,Kubernetes,65000.0,0.0,65000.0,,30,Full-time employee,Unlimited contract,English,101-1000,Product,No,0.0,,65000.0,python,30-34
86,24/11/2020 11:45:31,31.0,Male,Berlin,Software Engineer,9.0,,Senior,"C#, .net core","Python, .NET, AWS, Azure, Kubernetes, Docker",60000.0,0.0,,,25,Full-time employee,Unlimited contract,English,11-50,Startup,No,,,60000.0,C# .net core,30-34
87,24/11/2020 11:46:15,32.0,Female,Berlin,QA Engineer,10.0,,Senior,Java,"Kotlin, Javascript / Typescript, SQL, Docker",61000.0,0.0,55000.0,,30,Full-time employee,Unlimited contract,English,101-1000,Product,No,,,61000.0,Java,30-34
88,24/11/2020 11:46:16,24.0,Male,Berlin,Data Scientist,4.0,2,Senior,Python,"Python, AWS, Docker",73000.0,73000.0,50000.0,50000,24,Full-time employee,Unlimited contract,English,101-1000,Startup,No,0.0,,146000.0,Python,18-24
89,24/11/2020 11:46:21,29.0,Male,Berlin,DevOps,7.0,1,Lead,Kubernetes,"Python, Go, AWS, Kubernetes",78000.0,10000.0,70000.0,,28,Full-time employee,Unlimited contract,English,101-1000,Product,No,,,88000.0,Kubernetes,25-29
90,24/11/2020 11:46:42,29.0,Male,Berlin,Data Scientist,4.0,4,Senior,Python,"SQL, AWS, Docker",81000.0,0.0,72000.0,,29,Full-time employee,Unlimited contract,English,101-1000,Product,No,,300,81000.0,Python,25-29
91,24/11/2020 11:46:48,30.0,Male,Munich,Hardware Engineer,5.0,5,Senior,VHDL,Python,75000.0,10000.0,73000.0,8000,30,Full-time employee,Unlimited contract,English,101-1000,Product,No,,,85000.0,VHDL,30-34
92,24/11/2020 11:48:46,35.0,Female,Berlin,Reporting Engineer,3.0,2,Middle,Power BI,"Python, Javascript / Typescript, SQL, SAP / ABAP, Google Cloud, Azure",55000.0,3000.0,45000.0,,31,Full-time employee,Unlimited contract,German,1000+,Product,No,,,58000.0,Power BI,35-39
93,24/11/2020 11:48:57,27.0,Female,Hamburg,Account Managet,6.0,1,Senior,,,50000.0,0.0,,,28,Full-time employee,Temporary contract,English,101-1000,Product,No,,,50000.0,,25-29
94,24/11/2020 11:49:06,32.0,Female,Berlin,Product Manager,8.0,8,No level,,,55000.0,0.0,,,27,Full-time employee,Unlimited contract,German,11-50,Consulting / Agency,No,,,55000.0,,30-34
95,24/11/2020 11:49:42,33.0,Male,Munich,QA Engineer,5.0,1,Senior,Java,Docker,60000.0,0.0,,,30,Full-time employee,Unlimited contract,English,1000+,Product,No,,,60000.0,Java,30-34
96,24/11/2020 11:50:04,28.0,Male,Berlin,Software Engineer,8.0,3,Lead,PHP ,"Python, Javascript / Typescript, .NET, SQL, AWS, Azure, Kubernetes, Docker",80000.0,0.0,72000.0,,30,Full-time employee,Unlimited contract,English,101-1000,Product,No,,,80000.0,PHP,25-29
97,24/11/2020 11:50:47,31.0,Female,Munich,agile master ,14.0,7,Middle,none,,80000.0,0.0,80000.0,,30,Full-time employee,Unlimited contract,German,1000+,Product,No,,,80000.0,none,30-34
98,24/11/2020 11:50:51,32.0,Male,Munich,Software Engineer,7.0,3,Senior,Android,Kotlin,60000.0,0.0,60000.0,,38,Full-time employee,Unlimited contract,English,51-100,Product,No,40.0,,60000.0,Android,30-34
99,24/11/2020 11:50:52,30.0,Male,Berlin,Backend Developer,8.0,2.5,Senior,Scala,"Python, Kotlin, Java / Scala, SQL, Kubernetes, Docker",80000.0,0.0,60000.0,,25,Full-time employee,Unlimited contract,English,1000+,Product,No,,,80000.0,Scala,30-34
100,24/11/2020 11:50:56,26.0,Male,Munich,Backend Developer,7.0,"1,5",Senior,Java,,78000.0,4000.0,61000.0,,27,Full-time employee,Unlimited contract,English,101-1000,Product,No,,,82000.0,Java,25-29
101,24/11/2020 11:51:35,31.0,Male,Munich,Software Engineer,10.0,2,Senior,Java,"Python, Javascript / Typescript, SQL, Kubernetes, Docker",68000.0,0.0,68000.0,,30,Full-time employee,Unlimited contract,English,1000+,Product,No,,,68000.0,Java,30-34
102,24/11/2020 11:52:49,38.0,Female,Munich,QA Engineer,6.0,2,Middle,Java,,62000.0,0.0,62000.0,,26,Full-time employee,Unlimited contract,English,1000+,Product,No,,,62000.0,Java,35-39
103,24/11/2020 11:53:56,37.0,Male,Berlin,Software Engineer,10.0,3,Senior,PHP,"PHP, Javascript / Typescript, SQL",55000.0,0.0,55000.0,,26,Full-time employee,Unlimited contract,English,11-50,Startup,No,,,55000.0,PHP,35-39
104,24/11/2020 11:54:06,25.0,Male,Munich,Software Engineer,3.0,1,Middle,Java,"Python, SQL, AWS, Azure, Kubernetes, Docker",62000.0,0.0,55000.0,,30,Full-time employee,Unlimited contract,English,101-1000,Product,No,,,62000.0,Java,25-29
105,24/11/2020 11:54:18,36.0,Male,Berlin,Frontend Developer,12.0,4,Senior,JavaScript,"Javascript / Typescript, AWS, Docker",72000.0,0.0,72000.0,,26,Full-time employee,Unlimited contract,English,up to 10,Startup,No,,,72000.0,JavaScript,35-39
106,24/11/2020 11:54:32,27.0,Male,Munich,QA Engineer,5.0,1,Senior,Swift,"Kotlin, Ruby",58000.0,5800.0,58000.0,101,30,Full-time employee,Unlimited contract,English,1000+,Product,No,,,63800.0,Swift,25-29
107,24/11/2020 11:55:06,35.0,Male,Frankfurt,ML Engineer,12.0,10,Senior,ML,"Python, Java / Scala, R, SQL, AWS, Azure",120000.0,30000.0,90000.0,30000,30,Full-time employee,Unlimited contract,English,1000+,Product,No,0.0,,150000.0,ML,35-39
108,24/11/2020 11:55:07,37.0,Male,Munich,Software Engineer,15.0,2,Senior,php,"PHP, Javascript / Typescript, SQL, Docker",75000.0,0.0,72500.0,,30,Full-time employee,Unlimited contract,German,101-1000,Product,No,,200,75000.0,php,35-39
109,24/11/2020 11:55:33,26.0,Male,Munich,Data Scientist,3.0,2,Middle,Python,"Python, SQL, AWS, Docker",65000.0,7000.0,52000.0,300,30,Full-time employee,Unlimited contract,English,101-1000,Product,No,,,72000.0,Python,25-29
110,24/11/2020 11:55:57,33.0,Male,Frankfurt,Solution Architect,6.0,6,Middle,Python,"SQL, AWS, Google Cloud, Kubernetes, Docker",85000.0,40000.0,78000.0,7000,28,Full-time employee,Unlimited contract,English,1000+,Product,No,,,125000.0,Python,30-34
111,24/11/2020 11:56:00,34.0,Male,Berlin,Frontend Developer,7.0,1,Senior,JavaScript,Docker,65000.0,0.0,,,25,Full-time employee,Unlimited contract,English,up to 10,Startup,No,,,65000.0,JavaScript,30-34
112,24/11/2020 11:56:05,33.0,Male,Berlin,Backend Developer,12.0,6,Lead,PHP,"Javascript / Typescript, SQL, AWS, Docker",65000.0,0.0,60000.0,,27,Full-time employee,Unlimited contract,English,101-1000,Product,No,0.0,,65000.0,PHP,30-34
113,24/11/2020 11:56:25,,Male,Berlin,QA Engineer,6.0,6,Middle,Javascript,"Javascript / Typescript, AWS",50000.0,0.0,45000.0,,30,Full-time employee,Unlimited contract,English,101-1000,Product,No,0.0,,50000.0,Javascript,
114,24/11/2020 11:56:47,29.0,Male,Berlin,Backend Developer,8.0,0,Senior,Scala,"Java / Scala, AWS, Kubernetes, Docker",72000.0,0.0,,,25,Full-time employee,Unlimited contract,English,101-1000,Startup,No,,,72000.0,Scala,25-29
115,24/11/2020 11:56:56,24.0,Male,Munich,Software Engineer,5.0,2,Middle,C++,"Javascript / Typescript, Go",79000.0,56000.0,77000.0,33000,30,Full-time employee,Unlimited contract,English,1000+,Product,No,,900,135000.0,C++,18-24
116,24/11/2020 11:57:37,28.0,Female,Munich,QA Engineer,6.0,2,Middle,,,65000.0,3000.0,42000.0,,25,Full-time employee,Unlimited contract,English,1000+,Product,No,,1600,68000.0,,25-29
117,24/11/2020 11:57:53,30.0,Female,Berlin,Software Engineer,8.0,2,Senior,"Scala, React.js","Javascript / Typescript, SQL, AWS, Kubernetes, Docker",75000.0,0.0,65000.0,,35,Full-time employee,Unlimited contract,English,101-1000,Product,No,,,75000.0,Scala React.js,30-34
118,24/11/2020 11:57:55,28.0,Male,Cologne,BI Consultant,8.0,1,Senior,SQL,"Python, Javascript / Typescript",60000.0,12000.0,,,28,Full-time employee,Unlimited contract,English,up to 10,Consulting / Agency,No,,1500,72000.0,SQL,25-29
119,24/11/2020 11:58:24,31.0,Male,Munich,Backend Developer,11.0,1,Senior,PHP,"Javascript / Typescript, Java / Scala, AWS, Kubernetes, Docker",80000.0,4000.0,80000.0,,30,Full-time employee,Unlimited contract,English,1000+,Product,No,,,84000.0,PHP,30-34
120,24/11/2020 11:59:14,28.0,Male,Munich,Mobile Developer,5.0,3,Senior,iOS,Swift,57000.0,8000.0,70000.0,,30,Full-time employee,Unlimited contract,English,1000+,Product,No,,,65000.0,iOS,25-29
121,24/11/2020 11:59:20,32.0,Female,Kempten,Fullstack Developer,10.0,1,Middle,C#,"Javascript / Typescript, .NET, SQL",49000.0,0.0,,,30,Full-time employee,Unlimited contract,English and German,51-100,Product,No,,,49000.0,C#,30-34
122,24/11/2020 11:59:33,28.0,Male,Berlin,Software Engineer,6.0,2,Senior,Java,"Kotlin, Java / Scala, SQL, AWS, Kubernetes, Docker",65000.0,75000.0,60000.0,60000,28,Full-time employee,Unlimited contract,English,11-50,Startup,No,,,140000.0,Java,25-29
123,24/11/2020 11:59:38,26.0,Female,Munich,Data Scientist,3.0,1,Junior,Ml/Python,"Python, AWS, Docker",70000.0,12000.0,,,28,Full-time employee,Unlimited contract,English,1000+,Product,No,,,82000.0,Ml,25-29
124,24/11/2020 12:00:01,33.0,Male,Berlin,Mobile Developer,6.0,4,Middle,Swift,,63000.0,6300.0,60000.0,6000,28,Full-time employee,Unlimited contract,English,101-1000,Product,No,,850,69300.0,Swift,30-34
125,24/11/2020 12:00:20,41.0,Male,Munich,Product Manager,18.0,3,Middle,,,72000.0,0.0,60000.0,,30,Full-time employee,Unlimited contract,English,1000+,Product,No,,,72000.0,,40-49
126,24/11/2020 12:00:59,31.0,Male,Berlin,Software Engineer,9.0,1,Senior,"C#, .net core","Python, Javascript / Typescript, .NET, AWS, Azure, Kubernetes, Docker",60000.0,6000.0,,,25,Full-time employee,Unlimited contract,English,11-50,Startup,No,,,66000.0,C# .net core,30-34
127,24/11/2020 12:01:01,30.0,Male,Munich,Frontend Developer,6.0,1,Senior,Javascript,"Javascript / Typescript, AWS, Docker",75000.0,101.0,,,28,Full-time employee,Unlimited contract,English,51-100,Product,No,0.0,,75101.0,Javascript,30-34
128,24/11/2020 12:01:59,31.0,Male,Berlin,Frontend Developer,8.0,1,Senior,JavaScript/TypeScript,"Javascript / Typescript, Google Cloud, Docker",70000.0,101.0,,,24,Full-time employee,Unlimited contract,English,101-1000,Startup,No,,,70101.0,JavaScript,30-34
129,24/11/2020 12:02:04,37.0,Male,Munich,Backend Developer,12.0,4,Senior,php,"Javascript / Typescript, Docker",62000.0,5000.0,60000.0,5000,28,Full-time employee,Unlimited contract,English,101-1000,Product,No,32.0,,67000.0,php,35-39
130,24/11/2020 12:04:10,30.0,Male,Berlin,Software Engineer,10.0,5,Lead,Python,"Python, SQL",78000.0,1000.0,75000.0,1000,,Full-time employee,Unlimited contract,English,101-1000,Startup,No,30.0,,79000.0,Python,30-34
131,24/11/2020 12:04:15,34.0,Male,Munich,,17.0,6,Lead,Java,"Python, Java / Scala, R, SQL, Go, AWS, Google Cloud, Azure, Kubernetes, Docker",120000.0,20000.0,110000.0,10000,32,Full-time employee,Unlimited contract,German,1000+,Consulting / Agency,No,,5000,140000.0,Java,30-34
132,24/11/2020 12:06:20,25.0,Male,Munich,Backend Developer,5.0,0,Senior,Java,"Kotlin, Java / Scala, SQL, SAP / ABAP, Kubernetes, Docker",75000.0,5000.0,,,24,Full-time employee,Unlimited contract,English,101-1000,Product,No,,,80000.0,Java,25-29
133,24/11/2020 12:06:41,36.0,Male,Berlin,Backend Developer,19.0,5,Senior,PHP,"Javascript / Typescript, SQL, AWS, Docker",69000.0,0.0,69000.0,,28,Full-time employee,Unlimited contract,English,101-1000,Product,No,,,69000.0,PHP,35-39
134,24/11/2020 12:06:58,40.0,Male,Berlin,Frontend Developer,7.0,1,Middle,Javascript,"PHP, Javascript / Typescript, Dart",54000.0,0.0,54000.0,,24,Full-time employee,Unlimited contract,English,11-50,Product,No,10.0,,54000.0,Javascript,40-49
135,24/11/2020 12:07:16,37.0,Male,Berlin,Product Manager,6.0,6,Middle,,,62000.0,62000.0,58000.0,60000,30,Full-time employee,Unlimited contract,German,101-1000,Product,No,,,124000.0,,35-39
136,24/11/2020 12:07:26,35.0,Male,Munich,Software Engineer,13.0,4,Senior,Java,"Kotlin, Java / Scala, AWS",80000.0,1500.0,77000.0,1500,40,Full-time employee,Unlimited contract,English,101-1000,Product,No,30.0,,81500.0,Java,35-39
137,24/11/2020 12:07:43,42.0,Male,Berlin,Software Engineer,20.0,5,Senior,Ruby on Rails,"Ruby, Kubernetes, Docker",80000.0,0.0,72000.0,,27,Full-time employee,Unlimited contract,German,51-100,Product,No,,,80000.0,Ruby on Rails,40-49
138,24/11/2020 12:07:44,34.0,Male,Berlin,QA Engineer,10.0,4,Senior,Java,"Python, Kotlin, Javascript / Typescript, Go, AWS, Kubernetes, Docker",75000.0,3000.0,65000.0,3000,28,Full-time employee,Unlimited contract,English,101-1000,Startup,No,,,78000.0,Java,30-34
139,24/11/2020 12:07:47,30.0,Male,Berlin,Backend Developer,6.0,2,Senior,Ruby,"SQL, Elixir",75000.0,75000.0,65000.0,65000,30,Full-time employee,Unlimited contract,English,101-1000,Product,No,,,150000.0,Ruby,30-34
140,24/11/2020 12:08:51,35.0,Male,Berlin,Software Engineer,12.0,1,Senior,C#,".NET, SQL, Google Cloud, Kubernetes, Docker",70000.0,22000.0,,,25,Full-time employee,Unlimited contract,English,1000+,Product,No,,200,92000.0,C#,35-39
141,24/11/2020 12:09:03,34.0,Male,Munich,Cloud Architect,10.0,4,Senior,"Azure, SAP","SAP / ABAP, AWS, Google Cloud, Azure, Kubernetes, Docker",120000.0,40000.0,70000.0,30000,30,Full-time employee,Unlimited contract,English,1000+,Cloud,No,0.0,1000,160000.0,Azure SAP,30-34
142,24/11/2020 12:09:06,35.0,Male,Berlin,Designer (UI/UX),10.0,4,Senior,,,70000.0,0.0,65000.0,,25,Full-time employee,Unlimited contract,English,51-100,Product,No,,,70000.0,,35-39
143,24/11/2020 12:09:31,35.0,Male,Berlin,System Administrator,14.0,1,Middle,,,44000.0,0.0,,,27,Full-time employee,Temporary contract,English,101-1000,Startup,No,,,44000.0,,35-39
144,24/11/2020 12:09:50,28.0,Male,Hamburg,Software Engineer,7.0,,Senior,Scala,"Python, Java / Scala, Perl",80000.0,5000.0,,,30,Full-time employee,Unlimited contract,English,101-1000,Product,No,,,85000.0,Scala,25-29
145,24/11/2020 12:09:55,26.0,Male,Münster,Data Scientist,5.5,3,Junior,Python,"Python, C/C++, SQL, AWS",48000.0,2000.0,,,26,Full-time employee,Unlimited contract,German,1000+,Product,No,,,50000.0,Python,25-29
146,24/11/2020 12:10:03,35.0,Male,Berlin,Frontend Developer,4.0,1,Middle,JavaScript,PHP,50000.0,5000.0,,,28,Full-time employee,Unlimited contract,English,101-1000,Product,No,,500,55000.0,JavaScript,35-39
147,24/11/2020 12:10:05,31.0,Female,Munich,QA Engineer,7.0,3,Senior,Java,"Python, Ruby",68000.0,0.0,58000.0,,30,Full-time employee,Unlimited contract,English,1000+,Product,No,40.0,,68000.0,Java,30-34
148,24/11/2020 12:11:42,35.0,Male,Frankfurt,Software Engineer,12.0,3,Senior,java,"Python, Kotlin, Javascript / Typescript, Java / Scala, Docker",66000.0,0.0,66000.0,,25,Full-time employee,Unlimited contract,German,51-100,Consulting / Agency,No,,1,66000.0,java,35-39
149,24/11/2020 12:12:16,28.0,Male,Berlin,Product Manager,3.0,3,Middle,,,51000.0,1500.0,,,27,Full-time employee,Unlimited contract,English,51-100,Product,No,,,52500.0,,25-29
150,24/11/2020 12:12:35,25.0,Male,Berlin,Backend Developer,4.0,1,Middle,Python,"SQL, Go",60000.0,0.0,60000.0,,24,Full-time employee,Unlimited contract,English,11-50,Startup,No,,,60000.0,Python,25-29
151,24/11/2020 12:13:24,42.0,Female,Berlin,QA Engineer,20.0,1,Middle,python,"Python, Javascript / Typescript",55000.0,0.0,,,30,Full-time employee,Unlimited contract,English,1000+,Product,No,,,55000.0,python,40-49
152,24/11/2020 12:14:03,30.0,Male,Berlin,Product Manager,7.0,5,Head,,"Python, SQL",150000.0,0.0,,,25,Full-time employee,Unlimited contract,English,1000+,Startup,No,,,150000.0,,30-34
153,24/11/2020 12:14:23,40.0,Female,Munich,Software Engineer,20.0,7,Middle,Java,SQL,54000.0,0.0,54000.0,,30,Full-time employee,Unlimited contract,German,101-1000,Behörde,No,,,54000.0,Java,40-49
154,24/11/2020 12:14:27,36.0,Female,Erlangen,Project Manager,14.0,2,Middle,,Python,62000.0,0.0,36000.0,,30,Full-time employee,Unlimited contract,English,1000+,Product,No,,,62000.0,,35-39
155,24/11/2020 12:14:52,37.0,Male,Berlin,Software Engineer,8.0,5,Junior,Java,"Java / Scala, AWS, Kubernetes, Docker",60000.0,0.0,,,28,Full-time employee,Unlimited contract,English,51-100,Product,No,,,60000.0,Java,35-39
156,24/11/2020 12:15:30,33.0,Male,Munich,Software Engineer,10.0,3,Senior,Java,"AWS, Docker",75000.0,7500.0,68000.0,6800,30,Full-time employee,Unlimited contract,English,101-1000,Product,No,,1500,82500.0,Java,30-34
157,24/11/2020 12:16:38,38.0,Male,Cologne,Software Engineer,11.0,5,Senior,PHP,"PHP, Javascript / Typescript, Go, AWS, Google Cloud, Kubernetes, Docker",55000.0,0.0,55000.0,,26,Full-time employee,Unlimited contract,English,101-1000,Product,No,,,55000.0,PHP,35-39
158,24/11/2020 12:16:49,27.0,Male,Munich,Frontend Developer,4.0,0,Senior,Frontend,Javascript / Typescript,60000.0,0.0,,,28,Full-time employee,Unlimited contract,English,51-100,Product,No,,,60000.0,Frontend,25-29
159,24/11/2020 12:17:15,33.0,Male,Berlin,Software Engineer,7.0,7,Senior,"Java, JavaScript","Javascript / Typescript, Java / Scala, SQL",62000.0,67000.0,52000.0,58000,30,Full-time employee,Unlimited contract,English,1000+,Consulting / Agency,No,0.0,,129000.0,Java JavaScript,30-34
160,24/11/2020 12:17:21,34.0,Male,Vienna,Data Scientist,12.0,3,Senior,,"Python, SQL, AWS, Azure",77500.0,7750.0,67000.0,,25,Full-time employee,Unlimited contract,English,101-1000,Consulting / Agency,No,,,85250.0,,30-34
161,24/11/2020 12:17:32,36.0,Female,Munich,Backend Developer,5.0,1,Middle,PHP,"Javascript / Typescript, Docker",60000.0,5000.0,,,28,Full-time employee,Unlimited contract,English,101-1000,Product,No,,,65000.0,PHP,35-39
162,24/11/2020 12:17:51,42.0,Male,Berlin,DevOps,22.0,4,Lead,yaml,"Python, PHP, Javascript / Typescript, SQL, Go, Perl, AWS, Google Cloud, Azure, Kubernetes, Docker",70000.0,0.0,,,24,Full-time employee,Unlimited contract,English,1000+,Startup,No,,,70000.0,yaml,40-49
163,24/11/2020 12:18:41,32.0,Male,Frankfurt,Network Engineer ,10.0,2,Senior,Python ,"Python, Docker",68500.0,6000.0,68500.0,70000,25,Full-time employee,Unlimited contract,English,101-1000,Product,No,,,74500.0,Python,30-34
164,24/11/2020 12:21:10,31.0,Male,Berlin,Frontend Developer,10.0,1.5,Senior,Javascript,"Javascript / Typescript, SQL, Google Cloud, Docker",71060.0,101.0,67500.0,101,28,Full-time employee,Unlimited contract,English,51-100,Startup,No,,200,71161.0,Javascript,30-34
165,24/11/2020 12:21:33,33.0,Female,Berlin,QA Engineer,6.0,0.5,Middle,Java,"Python, Kubernetes",60000.0,0.0,,,28,Full-time employee,Unlimited contract,English,101-1000,Startup,No,,,60000.0,Java,30-34
166,24/11/2020 12:21:45,40.0,Male,Berlin,VP Engineering,10.0,7,VP,JS,"Javascript / Typescript, AWS",100000.0,0.0,,,24,Full-time employee,Unlimited contract,English,51-100,Product,No,,,100000.0,JS,40-49
167,24/11/2020 12:23:06,28.0,Male,Moldova,Backend Developer,4.0,0,Middle,Java ,"Kotlin, Java / Scala",28000.0,0.0,,,,,,English,51-100,Startup,Yes,,,28000.0,Java,25-29
168,24/11/2020 12:23:47,28.0,Male,Munich,Backend Developer,6.0,5,Senior,Java,"Javascript / Typescript, Java / Scala, SQL",70000.0,2000.0,57000.0,1500,30,Full-time employee,Unlimited contract,English,101-1000,Consulting / Agency,No,,,72000.0,Java,25-29
169,24/11/2020 12:23:50,46.0,Male,Munich,Agile Coach,4.0,1.5,Senior,,,82000.0,0.0,78000.0,5000,30,Full-time employee,Unlimited contract,English,101-1000,Product,kurzarbeitzeit for 1.5 months,24.0,,82000.0,,40-49
170,24/11/2020 12:26:12,31.0,Male,Berlin,Software Engineer,9.0,4,Senior,Python,"Python, SQL, AWS, Kubernetes, Docker",90000.0,0.0,80000.0,,30,Full-time employee,Unlimited contract,English,1000+,Product,No,,1000,90000.0,Python,30-34
171,24/11/2020 12:26:20,28.0,Male,Berlin,Mobile Developer,5.0,1.5,Lead,Swift,,70800.0,0.0,,,28,Full-time employee,Unlimited contract,English,11-50,Consulting / Agency,No,0.0,,70800.0,Swift,25-29
172,24/11/2020 12:27:21,29.0,Male,Berlin,Software Engineer,8.0,3,Middle,PHP,"PHP, Javascript / Typescript, SQL, AWS, Docker",55000.0,0.0,,,24,Full-time employee,Unlimited contract,English,11-50,Startup,No,20.0,,55000.0,PHP,25-29
173,24/11/2020 12:27:23,40.0,Male,Munich,Mobile Developer,25.0,2,Lead,Swift,"Swift, Objective-C",85000.0,5000.0,72000.0,3000,30,Full-time employee,Unlimited contract,English,11-50,Product,No,0.0,,90000.0,Swift,40-49
174,24/11/2020 12:28:08,46.0,Male,Munich,QA Engineer,13.0,13,Senior,Java,SQL,70000.0,8500.0,70000.0,8500,28,Full-time employee,Unlimited contract,German,101-1000,Product,No,,500,78500.0,Java,40-49
175,24/11/2020 12:28:14,33.0,Male,Berlin,Backend Developer,5.0,2,Middle,Java,,66000.0,70000.0,61000.0,61000,30,Full-time employee,Unlimited contract,English,101-1000,Product,No,0.0,,136000.0,Java,30-34
176,24/11/2020 12:28:23,33.0,Male,Berlin,ML Engineer,10.0,5,Middle,Python,"Python, C/C++, Pytorch",62000.0,0.0,60000.0,,28,Full-time employee,Unlimited contract,English,51-100,Startup,No,20.0,,62000.0,Python,30-34
177,24/11/2020 12:28:45,34.0,Male,Berlin,Software Engineer,14.0,4,Lead,Java,"Kotlin, Javascript / Typescript, Java / Scala, AWS, Kubernetes, Docker",95000.0,5000.0,90000.0,,30,Full-time employee,Unlimited contract,English,1000+,Product,No,,500,100000.0,Java,30-34
178,24/11/2020 12:28:58,36.0,Male,Berlin,Backend Developer,18.0,1,Senior,PHP,"PHP, AWS, Google Cloud",65000.0,70000.0,60000.0,60000,26,Full-time employee,Unlimited contract,English,101-1000,Product,No,34.0,,135000.0,PHP,35-39
179,24/11/2020 12:29:35,33.0,Female,Berlin,QA Engineer,8.0,1.5,Senior,-,Python,50000.0,0.0,42000.0,,24,Full-time employee,Unlimited contract,English,11-50,Startup,Yes,20.0,,50000.0,-,30-34
180,24/11/2020 12:30:03,32.0,Male,Berlin,Software Engineer,11.0,6,Lead,Android,"Python, Kotlin, Swift, Javascript / Typescript, Java / Scala, SQL, AWS, Google Cloud, Kubernetes, Docker",80000.0,0.0,80000.0,,28,Full-time employee,Unlimited contract,English,101-1000,Product,No,,,80000.0,Android,30-34
181,24/11/2020 12:35:28,46.0,Male,Berlin,Software Engineer,14.0,14,Senior,JavaScript,"PHP, Javascript / Typescript, SQL, Google Cloud, Docker",80000.0,0.0,63000.0,,30,Full-time employee,Unlimited contract,English,51-100,Product,Yes,20.0,,80000.0,JavaScript,40-49
182,24/11/2020 12:36:04,30.0,Male,Munich,Mobile Developer,8.0,1,Senior,Kotlin,"Kotlin, Java / Scala",66000.0,0.0,,,30,Full-time employee,Unlimited contract,English,1000+,Product,No,0.0,,66000.0,Kotlin,30-34
183,24/11/2020 12:36:13,36.0,Male,Rosenheim,Data Science Manager,12.0,0.5,Manager,Python,"R, SQL, AWS, Azure, Docker",89200.0,17800.0,,,,Full-time employee,Unlimited contract,English,1000+,Construction,No,,,107000.0,Python,35-39
184,24/11/2020 12:37:20,35.0,Male,Berlin,Product Manager,10.0,5,Senior,php,"PHP, Javascript / Typescript",90000.0,10000.0,,,,Full-time employee,Unlimited contract,English,101-1000,Product,No,,,100000.0,php,35-39
185,24/11/2020 12:38:26,47.0,Male,Munich,DevOps,20.0,1,Senior,,"PHP, SQL, AWS, Azure, Kubernetes, Docker",75000.0,0.0,,,30,Full-time employee,Unlimited contract,,1000+,Product,No,,,75000.0,,40-49
186,24/11/2020 12:40:25,31.0,Male,Berlin,Data Scientist,10.0,5,Lead,Python ,"Kubernetes, Docker",115000.0,70000.0,115000.0,60000,28,Full-time employee,Unlimited contract,English,1000+,Product,No,,100,185000.0,Python,30-34
187,24/11/2020 12:41:45,46.0,Male,Munich,Scrum Master,12.0,8,Senior,Agile,"C/C++, PHP, .NET, SQL",85000.0,10000.0,88000.0,10000,30,Full-time employee,Unlimited contract,German,1000+,Product,No,38.0,,95000.0,Agile,40-49
188,24/11/2020 12:44:38,26.0,Male,Berlin,Mobile Developer,6.0,2,Senior,Kotlin,"Kotlin, Java / Scala",70000.0,0.0,65000.0,,30,Full-time employee,Unlimited contract,English,101-1000,Product,No,,,70000.0,Kotlin,25-29
189,24/11/2020 12:44:58,31.0,Male,Mannheim ,Firmware Engineer,10.0,3,Senior,C,"Python, C/C++",45000.0,0.0,,,30,Full-time employee,Temporary contract,English,11-50,Product,Yes,,,45000.0,C,30-34
190,24/11/2020 12:47:46,31.0,Male,Munich,Frontend Developer,12.0,1.5,Lead,"TypeScript, JavaScript","Javascript / Typescript, Docker",85000.0,3000.0,75000.0,,29,Full-time employee,Unlimited contract,English,11-50,Startup,No,,,88000.0,TypeScript JavaScript,30-34
191,24/11/2020 12:48:17,30.0,Female,Berlin,QA Engineer,5.0,3,Middle,Python ,"Python, Kubernetes, Docker, Ansible",50000.0,4000.0,50000.0,4000,30,Full-time employee,Unlimited contract,German,101-1000,Product,No,,,54000.0,Python,30-34
192,24/11/2020 12:50:06,35.0,Male,Munich,Software Engineer,13.0,4,Lead,Pegasystems platform ,"C/C++, Javascript / Typescript, Java / Scala, SQL, Docker",140000.0,6000.0,132000.0,2000,28,Full-time employee,Unlimited contract,English,51-100,Consulting / Agency,No,,,146000.0,Pegasystems platform,35-39
193,24/11/2020 12:51:24,33.0,Male,Berlin,Software Engineer,12.0,5,Senior,Javascript,"PHP, Javascript / Typescript, SQL, Docker",120000.0,0.0,65000.0,,28,Self-employed (freelancer),Temporary contract,English,101-1000,Product,No,,,120000.0,Javascript,30-34
194,24/11/2020 12:52:56,36.0,Male,Berlin,Software Engineer,7.0,5,Middle,"C++, Java, Embedded C","Python, C/C++, .NET, Java / Scala",42000.0,0.0,42000.0,,25,Full-time employee,Unlimited contract,English and German,up to 10,Product,No,32.0,,42000.0,C++ Java Embedded C,35-39
195,24/11/2020 12:54:46,36.0,Male,Munich,Solutions Architect,12.0,5,Lead,Cloud,"Kotlin, Java / Scala, AWS, Kubernetes, Docker",105000.0,25000.0,105000.0,25000,28,Full-time employee,Unlimited contract,English,1000+,Product,No,0.0,,130000.0,Cloud,35-39
196,24/11/2020 12:55:11,40.0,Male,Munich,Software Engineer,13.0,1,Senior,,".NET, Azure",77000.0,101.0,,,30,Full-time employee,Unlimited contract,English,1000+,Product,No,,,77101.0,,40-49
197,24/11/2020 12:55:30,38.0,Male,Frankfurt,Data Center Manager,6.0,2,Work Center Manager,DC Management,,68000.0,12000.0,65000.0,77000,30,Full-time employee,Unlimited contract,English,1000+,Product,No,0.0,,80000.0,DC Management,35-39
198,24/11/2020 12:55:58,35.0,Female,Berlin,Software Engineer,15.0,6,Senior,C#,.NET,76000.0,0.0,,,30,Full-time employee,Unlimited contract,German,1000+,Product,No,24.0,,76000.0,C#,35-39
199,24/11/2020 12:58:38,32.0,Male,Munich,Fullstack Developer,9.0,2,Senior,Java,"Javascript / Typescript, Kubernetes, Docker, Angular",70000.0,4000.0,68000.0,3000,26,Full-time employee,Unlimited contract,English,11-50,Product,No,,,74000.0,Java,30-34
200,24/11/2020 12:59:10,29.0,Male,Berlin,Software Engineer,8.0,2,Senior,Go,"Python, Javascript / Typescript, Go",70000.0,5000.0,70000.0,5000,30,Full-time employee,Unlimited contract,English,1000+,Product,No,32.0,,75000.0,Go,25-29
201,24/11/2020 13:00:56,30.0,Male,Rosenheim,Software Engineer,9.0,5,Middle,Java,"Javascript / Typescript, SQL",63000.0,0.0,57600.0,,30,Full-time employee,Unlimited contract,German,101-1000,Product,No,,,63000.0,Java,30-34
202,24/11/2020 13:01:17,35.0,Male,Berlin,ML Engineer,10.0,2,Lead,Scala,"Java / Scala, SQL, AWS, Kubernetes, Docker",96000.0,4000.0,80000.0,,30,Full-time employee,Unlimited contract,English,11-50,Product,No,,,100000.0,Scala,35-39
203,24/11/2020 13:02:04,29.0,Male,Berlin,Software Engineer,7.0,5,Senior,Python,Javascript / Typescript,64000.0,0.0,60000.0,,30,Full-time employee,Unlimited contract,English,101-1000,Startup,No,,,64000.0,Python,25-29
204,24/11/2020 13:05:17,32.0,Female,Berlin,Product Manager,10.0,"4,5",Senior,,,60000.0,6000.0,54000.0,5400,30,Full-time employee,Unlimited contract,English,51-100,Consulting / Agency,No,0.0,,66000.0,,30-34
205,24/11/2020 13:05:30,30.0,Female,Munich,Mobile Developer,10.0,3.5,Senior,Swift,"Kotlin, Javascript / Typescript",65000.0,5000.0,65000.0,5000,30,Full-time employee,Unlimited contract,English,1000+,Product,No,,,70000.0,Swift,30-34
206,24/11/2020 13:05:53,25.0,Male,Berlin,Software Engineer,6.0,1,Middle,Java,,61500.0,26000.0,,,28,Full-time employee,Unlimited contract,English,1000+,Big commercial,No,,,87500.0,Java,25-29
207,24/11/2020 13:07:04,43.0,Male,Berlin,Software Engineer,20.0,4,Senior,Python,"SQL, AWS, Docker",79000.0,0.0,80000.0,,27,Full-time employee,Unlimited contract,English,1000+,Product,No,,500,79000.0,Python,40-49
208,24/11/2020 13:07:24,38.0,Male,Berlin,Software Engineer,16.0,1,Senior,Python,"Python, Javascript / Typescript, Java / Scala, SQL, AWS, Kubernetes, Docker",65000.0,0.0,65000.0,,26,Full-time employee,Unlimited contract,English,1000+,Product,No,,,65000.0,Python,35-39
209,24/11/2020 13:09:38,26.0,Male,Berlin,Software Engineer,5.0,2,Middle,Scala,"Java / Scala, SQL, Google Cloud, Docker",63000.0,10300.0,56500.0,,28,Full-time employee,Unlimited contract,English,101-1000,Product,No,,850,73300.0,Scala,25-29
210,24/11/2020 13:09:51,25.0,Female,Munich,Product Manager,3.0,0.5,Middle,--,,62000.0,0.0,,,30,Full-time employee,Unlimited contract,English,1000+,Product,No,0.0,,62000.0,--,25-29
211,24/11/2020 13:11:21,34.0,Male,Munich,Software Engineer,12.0,5,Lead,python,"Python, Javascript / Typescript, SQL, AWS, Docker",95000.0,0.0,85000.0,10000,30,Full-time employee,Unlimited contract,English,11-50,Product,No,,1500,95000.0,python,30-34
212,24/11/2020 13:14:01,34.0,Male,Munich,Designer (UI/UX),11.0,1,Senior,,,60000.0,0.0,,,28,Full-time employee,Unlimited contract,English,11-50,Startup,No,,,60000.0,,30-34
213,24/11/2020 13:14:33,27.0,Male,Berlin,Backend Developer,5.0,1,Middle,Java,"AWS, Docker",65000.0,0.0,,,30,Full-time employee,Unlimited contract,English,1000+,Product,No,,,65000.0,Java,25-29
214,24/11/2020 13:16:52,30.0,Male,Berlin,Mobile Developer,3.0,2,Senior,Swift,"Kotlin, .NET, Java / Scala, Dart",58000.0,0.0,52000.0,,28,Full-time employee,Unlimited contract,English,11-50,Startup,No,0.0,,58000.0,Swift,30-34
215,24/11/2020 13:21:22,34.0,Male,Berlin,Data Scientist,5.0,5,Middle,Python,"C/C++, SQL, AWS, Docker",65000.0,5000.0,60000.0,2000,30,Full-time employee,Unlimited contract,English,101-1000,Product,No,,,70000.0,Python,30-34
216,24/11/2020 13:23:32,36.0,Female,Berlin,QA Engineer,14.0,7,Lead,Java,Kotlin,69000.0,6900.0,63000.0,6300,30,Full-time employee,Unlimited contract,English,11-50,Product,No,,,75900.0,Java,35-39
217,24/11/2020 13:25:44,27.0,Male,Berlin,Backend Developer,5.0,1,Middle,Java,"AWS, Docker",65000.0,0.0,,,30,Full-time employee,Unlimited contract,English,1000+,Product,No,,,65000.0,Java,25-29
218,24/11/2020 13:25:57,45.0,Male,Berlin,Mobile Developer,10.0,4,Lead,SWIFT,"Swift, Javascript / Typescript, Java / Scala, Google Cloud",77000.0,2000.0,66000.0,2000,28,Full-time employee,Unlimited contract,English,101-1000,Product,No,,,79000.0,SWIFT,40-49
219,24/11/2020 13:29:21,35.0,Male,Berlin,Backend Developer,6.0,2,Senior,"Java, angular, Aws","Python, Javascript / Typescript, Java / Scala, SQL, AWS, Docker",74000.0,2000.0,,,30,Full-time employee,Unlimited contract,English,51-100,Product,No,32.0,,76000.0,Java angular Aws,35-39
220,24/11/2020 13:32:34,36.0,Male,Berlin,Engineering Manager,7.0,1,Lead,"Swift, objective-c","Kotlin, Swift, Go, AWS, Kubernetes, Docker",80000.0,95000.0,,,26,Full-time employee,Unlimited contract,English,1000+,Product,No,,1600,175000.0,Swift objective-c,35-39
221,24/11/2020 13:33:08,32.0,Male,Stuttgart,QA Engineer,9.0,9,Senior,Java,"R, SQL, Perl, Docker",60000.0,4700.0,67000.0,5000,30,Full-time employee,Unlimited contract,German,1000+,Consulting / Agency,No,40.0,50,64700.0,Java,30-34
222,24/11/2020 13:35:41,33.0,Male,Boeblingen,DevOps,14.0,4,Senior,Golang,"Python, Javascript / Typescript, SQL, Go, Perl, Google Cloud, Kubernetes, Docker",70000.0,0.0,,,30,Full-time employee,Unlimited contract,English,101-1000,Product,No,,,70000.0,Golang,30-34
223,24/11/2020 13:36:54,30.0,Male,Berlin,Backend Developer,10.0,2,Middle,PHP,"Kotlin, Java / Scala, SQL, AWS, Docker",56000.0,0.0,,,30,Full-time employee,Unlimited contract,English,1000+,Product,No,,,56000.0,PHP,30-34
224,24/11/2020 13:37:05,35.0,Male,Berlin,Software Engineer,15.0,4,Senior,go,"PHP, Javascript / Typescript, Perl, AWS, Kubernetes, Docker",70000.0,0.0,,,28,Full-time employee,Unlimited contract,English,51-100,Startup,Yes,,,70000.0,go,35-39
225,24/11/2020 13:37:57,24.0,Male,Boeblingen,C/C++/Java developer,0.8,0.8,Junior,Java,C/C++,48000.0,101.0,48000.0,101,30,Full-time employee,Unlimited contract,English,11-50,Product,No,40.0,250,48101.0,Java,18-24
226,24/11/2020 13:40:28,25.0,Male,Stuttgart,Backend Developer,4.0,2,Middle,Java,"Javascript / Typescript, .NET",60000.0,0.0,50000.0,,30,Full-time employee,Unlimited contract,German,101-1000,Consulting / Agency,No,,,60000.0,Java,25-29
227,24/11/2020 13:40:53,29.0,Male,Berlin,Mobile Developer,8.0,4,Senior,Kotlin,"Kotlin, Javascript / Typescript, Dart",65000.0,0.0,52000.0,,26,Full-time employee,Unlimited contract,English,101-1000,Product,No,,,65000.0,Kotlin,25-29
228,24/11/2020 13:41:26,32.0,Male,Berlin,DevOps Manager,10.0,3,Lead,DevOps,"Python, AWS, Azure, Kubernetes, Docker",100000.0,0.0,,,30,Full-time employee,Unlimited contract,English,1000+,Product,No,,,100000.0,DevOps,30-34
229,24/11/2020 13:42:43,32.0,Male,Düsseldorf,Software Engineer,11.0,7,Senior,.net,"Javascript / Typescript, Java / Scala, Go",60000.0,62000.0,47000.0,49000,30,Full-time employee,Unlimited contract,English,1000+,Consulting / Agency,No,,,122000.0,.net,30-34
230,24/11/2020 13:50:23,24.0,Male,Munich,Software Engineer,3.0,2,Middle,Node.js,"Swift, Javascript / Typescript, Go, AWS, Kubernetes, Docker",58000.0,18000.0,,,28,Full-time employee,Unlimited contract,English,1000+,Consulting / Agency,No,,,76000.0,Node.js,18-24
231,24/11/2020 13:51:23,24.0,Female,Stuttgart,Software Engineer,2.0,1,Middle,iOS,"Swift, Flutter",55200.0,2000.0,,,30,Full-time employee,Unlimited contract,English,11-50,Consulting / Agency,No,20.0,,57200.0,iOS,18-24
232,24/11/2020 13:53:01,56.0,Male,Ingolstadt,Software Engineer,9.0,9,Senior,R,"R, SQL",75000.0,0.0,,,30,Full-time employee,Temporary contract,German,1000+,Product,No,,,75000.0,R,50+
233,24/11/2020 13:54:47,53.0,Male,Stuttgart,Frontend Developer,15.0,15,Senior,"Java, Javascript",Javascript / Typescript,50000.0,0.0,,,,Full-time employee,Unlimited contract,German,101-1000,Product,No,0.0,,50000.0,Java Javascript,50+
234,24/11/2020 13:55:19,25.0,Male,Munich,ML Engineer,1.0,1,Middle,Python,"Python, C/C++, Swift, Matlab ",65000.0,2000.0,,,30,Full-time employee,Unlimited contract,English,1000+,Product,No,,,67000.0,Python,25-29
235,24/11/2020 13:55:19,32.0,Male,Berlin,Engineering Manager,9.0,5,Lead,,"PHP, Javascript / Typescript, .NET, SQL, Google Cloud, Kubernetes, Docker",95000.0,140000.0,,,365,Full-time employee,Unlimited contract,English,1000+,Product,No,,400,235000.0,,30-34
236,24/11/2020 13:55:55,28.0,Male,Stuttgart,Software Engineer,8.0,1,Senior,C++,Python,67200.0,0.0,,,30,Full-time employee,Unlimited contract,English,1000+,Outsorce,No,,,67200.0,C++,25-29
237,24/11/2020 13:56:32,32.0,Male,Berlin,Backend Developer,,3,Senior,Ruby,"Javascript / Typescript, Go, AWS, Docker",72000.0,0.0,,,30,Full-time employee,Unlimited contract,English,101-1000,Product,No,,400,72000.0,Ruby,30-34
238,24/11/2020 13:58:11,30.0,Male,Munich,Software Engineer,7.0,5,Senior,C++,,100000.0,75000.0,97000.0,70000,30,Full-time employee,Unlimited contract,English,1000+,Product,No,,,175000.0,C++,30-34
239,24/11/2020 14:00:19,26.0,Female,Berlin,Software Engineer,6.0,4,Senior,.NET,".NET, SQL, Azure, Docker",65000.0,1000.0,56000.0,1000,27,Full-time employee,Unlimited contract,English,101-1000,Product,No,,,66000.0,.NET,25-29
240,24/11/2020 14:01:01,31.0,Female,Stuttgart,Data Scientist,4.0,2,Middle,R,"Python, R, Azure",65000.0,73000.0,62000.0,68000,30,Full-time employee,Unlimited contract,German,1000+,Product,No,35.0,,138000.0,R,30-34
241,24/11/2020 14:02:22,31.0,Male,Munich,Software Engineer,9.0,1,Middle,C++,Java / Scala,92500.0,22500.0,,,30,Full-time employee,Unlimited contract,English,1000+,Product,No,,,115000.0,C++,30-34
242,24/11/2020 14:03:04,29.0,Female,Stuttgart,QA Engineer,6.0,2,Middle,JS,,54000.0,0.0,,,26,Full-time employee,Unlimited contract,English,101-1000,Product,No,20.0,,54000.0,JS,25-29
243,24/11/2020 14:03:07,33.0,Male,Munich,Backend Developer,15.0,3,Lead,Scala,"Javascript / Typescript, Java / Scala, SQL, AWS, Docker",100000.0,10000.0,98000.0,101,30,Full-time employee,Unlimited contract,English,11-50,Startup,No,,,110000.0,Scala,30-34
244,24/11/2020 14:04:28,26.0,Male,Munich,ML Engineer,1.5,1.5,Junior,Python,"C/C++, PyTorch",58000.0,0.0,55000.0,,30,Full-time employee,Unlimited contract,German,101-1000,Consulting / Agency,No,,,58000.0,Python,25-29
245,24/11/2020 14:06:46,30.0,Female,Frankfurt,QA Engineer,6.0,4,Senior,Bash,"Python, Java / Scala, SQL, AWS, Azure",70000.0,2000.0,70000.0,2000,30,Full-time employee,Unlimited contract,German,1000+,Bank ,No,,,72000.0,Bash,30-34
246,24/11/2020 14:07:23,34.0,Male,Berlin,Software Engineer,14.0,5,Senior,C#,"Javascript / Typescript, .NET, SQL, AWS, Docker",72000.0,0.0,65000.0,,26,Full-time employee,Unlimited contract,English,101-1000,Product,No,30.0,,72000.0,C#,30-34
247,24/11/2020 14:07:23,37.0,Male,Berlin,Team Lead,12.0,10,Head,Python,"Python, PHP, Javascript / Typescript, SQL, Docker",90000.0,0.0,85000.0,,30,Full-time employee,Unlimited contract,English,11-50,Consulting / Agency,No,,,90000.0,Python,35-39
248,24/11/2020 14:13:21,38.0,Male,Frankfurt,Tech Lead,16.0,1,Lead,.Net,"Javascript / Typescript, .NET, SQL, AWS, Azure, Kubernetes, Docker",99000.0,112000.0,,,25,Full-time employee,,English,101-1000,Fintech,No,,,211000.0,.Net,35-39
249,24/11/2020 14:13:25,28.0,Male,Munich,Network Administrator,9.0,3,Senior,Network,,61200.0,7300.0,53300.0,6200,30,Full-time employee,Unlimited contract,English,1000+,Automotive,No,,,68500.0,Network,25-29
250,24/11/2020 14:14:23,35.0,Male,Stuttgart,Security Manager,14.0,8,Senior,,"AWS, Google Cloud",80000.0,5000.0,53000.0,4000,30,Full-time employee,Unlimited contract,German,1000+,Product,No,0.0,,85000.0,,35-39
251,24/11/2020 14:17:20,31.0,Male,Berlin,QA Engineer,10.0,5,Senior,nothing,Python,60000.0,77000.0,67500.0,,28,Full-time employee,Unlimited contract,English,1000+,Product,No,,,137000.0,nothing,30-34
252,24/11/2020 14:21:40,29.0,Male,Düsseldorf,Consultant Data Analytics,1.0,1,Junior,Python,,45000.0,2000.0,,,30,Full-time employee,Unlimited contract,German,1000+,Consulting / Agency,No,,,47000.0,Python,25-29
253,24/11/2020 14:24:07,39.0,Male,Munich,BI IT Consultant,5.0,5,Middle,"Qlik BI Tool, SQL","Javascript / Typescript, SQL",56000.0,17000.0,53000.0,17000,30,Full-time employee,Unlimited contract,German,1000+,Product,No,36.0,,73000.0,Qlik BI Tool SQL,35-39
254,24/11/2020 14:26:28,31.0,Female,Berlin,Graphic Designer,11.0,2,Middle,,"Adobe Cloud, Sketch, 3Ds Max",32000.0,0.0,21800.0,,27,Full-time employee,Temporary contract,English,101-1000,Startup,No,0.0,,32000.0,,30-34
255,24/11/2020 14:28:29,39.0,Male,Munich,Software Engineer,12.0,6,Lead,PHP,"Javascript / Typescript, Kubernetes, Docker",108000.0,0.0,108000.0,,,Self-employed (freelancer),Unlimited contract,English,up to 10,Consulting / Agency,No,0.0,,108000.0,PHP,35-39
256,24/11/2020 14:28:35,29.0,Male,Munich,Backend Developer,8.0,4,Senior,Java,SQL,95000.0,7000.0,74000.0,6000,30,Full-time employee,Unlimited contract,English,1000+,Product,No,,,102000.0,Java,25-29
257,24/11/2020 14:29:49,36.0,Male,Nürnberg,Frontend Developer,1.0,0.5,Junior,Javascript,"PHP, SQL",37500.0,0.0,,,28,Full-time employee,Temporary contract,German,up to 10,Startup,Yes,0.0,,37500.0,Javascript,35-39
258,24/11/2020 14:30:08,33.0,Male,Berlin,iOS Developer,10.0,2,Middle,Swift,"Ruby, Objective C",67000.0,0.0,66000.0,,29,Full-time employee,Unlimited contract,English,1000+,Product,No,,500,67000.0,Swift,30-34
259,24/11/2020 14:30:58,35.0,Male,Frankfurt,Banker,12.0,2,Senior,,,100000.0,32000.0,,,,Full-time employee,Unlimited contract,English,101-1000,Bank,No,,,132000.0,,35-39
260,24/11/2020 14:31:59,31.0,Male,Berlin,Data Engineer,9.0,5,Senior,Python,"Kotlin, SQL, AWS, Docker, Spark",81000.0,12150.0,80600.0,,,Full-time employee,Unlimited contract,English,101-1000,Product,No,,,93150.0,Python,30-34
261,24/11/2020 14:34:00,38.0,Male,Berlin,Backend Developer,11.0,1,Senior,Javascript,"Python, Javascript / Typescript, SQL, AWS, Docker",35000.0,0.0,,,,Founder,Unlimited contract,English,up to 10,Startup,No,,,35000.0,Javascript,35-39
262,24/11/2020 14:34:18,37.0,Male,Berlin,Cloud Engineer,15.0,3,Senior,Cloud,"Python, .NET, Azure, Kubernetes, Docker",72000.0,10000.0,62000.0,7000,36,Full-time employee,Unlimited contract,English,1000+,Product,Yes,0.0,,82000.0,Cloud,35-39
263,24/11/2020 14:34:36,34.0,Male,Munich,Product Manager,7.0,"1,7",Middle,,,72000.0,0.0,72000.0,,28,Full-time employee,Unlimited contract,English,101-1000,Startup,No,30.0,,72000.0,,30-34
264,24/11/2020 14:34:38,30.0,Male,Ansbach,Software Engineer,4.0,3,Junior,PHP,Javascript / Typescript,42000.0,0.0,36000.0,,27,Full-time employee,Unlimited contract,English,101-1000,Product,No,,,42000.0,PHP,30-34
265,24/11/2020 14:37:11,34.0,Male,Munich,Solutions architect,14.0,6,Head,Blockchain,"Python, Kotlin, Java / Scala, SQL, Go, AWS, Google Cloud, Kubernetes, Docker",95000.0,10000.0,85000.0,10000,24,Full-time employee,Unlimited contract,English,101-1000,Startup,No,,400,105000.0,Blockchain,30-34
266,24/11/2020 14:37:19,33.0,Male,Berlin,Backend Developer,12.0,2,Senior,PHP,"SQL, Go, AWS, Docker",67000.0,0.0,65000.0,,26,Full-time employee,Unlimited contract,English,101-1000,,No,0.0,,67000.0,PHP,30-34
267,24/11/2020 14:38:11,43.0,Male,Berlin,Backend Developer,5.0,1.5,Middle,Java,Kotlin,64000.0,6000.0,63000.0,6000,28,Full-time employee,Unlimited contract,English,101-1000,Product,No,0.0,,70000.0,Java,40-49
268,24/11/2020 14:40:25,32.0,Female,Stuttgart,Stuttgart,2.0,2,Junior,Java,,52000.0,4000.0,48000.0,,30,Full-time employee,Unlimited contract,English,1000+,Product,No,,,56000.0,Java,30-34
269,24/11/2020 14:42:18,34.0,Male,Leipzig,Mobile Developer,14.0,2,Senior,Android,"Kotlin, Java / Scala, Azure",60000.0,60000.0,52000.0,52000,23,Full-time employee,Unlimited contract,English,101-1000,Consulting / Agency,No,,,120000.0,Android,30-34
270,24/11/2020 14:47:18,29.0,Male,Berlin,Backend Developer,9.0,5,Senior,Java,"Kotlin, SQL, Azure, Kubernetes, Docker, Mongo",85000.0,0.0,66000.0,,30,Full-time employee,Unlimited contract,English,1000+,Product,No,,,85000.0,Java,25-29
271,24/11/2020 14:49:06,37.0,Male,Berlin,Frontend Developer,14.0,5,Senior,Angular,"Javascript / Typescript, Azure, Kubernetes, GraphQL",84000.0,0.0,82000.0,,30,Full-time employee,Unlimited contract,English,1000+,IT Department of established business,No,0.0,,84000.0,Angular,35-39
272,24/11/2020 14:49:52,41.0,Male,Munich,Senior Program Manager,19.0,5,Senior,Autonomous Driving,C/C++,123600.0,0.0,120000.0,,33,Full-time employee,Unlimited contract,English,101-1000,Product,No,,,123600.0,Autonomous Driving,40-49
273,24/11/2020 14:52:12,33.0,Male,Mannheim,Software Engineer,6.0,2,Middle,c#,.NET,49000.0,0.0,48000.0,,28,Full-time employee,Unlimited contract,English,51-100,Startup,No,24.0,,49000.0,c#,30-34
274,24/11/2020 14:54:48,33.0,Female,Berlin,QA Engineer,9.0,2,Middle,Java,,57000.0,0.0,54000.0,,21,Full-time employee,Unlimited contract,English,101-1000,Startup,No,,,57000.0,Java,30-34
275,24/11/2020 14:56:33,40.0,Male,Munich,QA Engineer,18.0,14,Lead,Java,"SQL, AWS, Kubernetes, Docker, Groovy",78000.0,8000.0,76000.0,7000,30,Full-time employee,Unlimited contract,German,1000+,Product,No,0.0,,86000.0,Java,40-49
276,24/11/2020 14:58:11,38.0,Male,Munich,Backend Developer,12.0,12,Senior,Java,"PHP, Javascript / Typescript, SQL",70000.0,1500.0,68000.0,1500,30,Full-time employee,Unlimited contract,German,101-1000,Telecommunications,No,0.0,675,71500.0,Java,35-39
277,24/11/2020 15:03:12,29.0,Male,Munich,Frontend Developer,5.0,"3,5",Middle,"Js, TypeScript, Angular",,57000.0,0.0,57000.0,,26,Full-time employee,Unlimited contract,English,101-1000,Product,No,,,57000.0,Js TypeScript Angular,25-29
278,24/11/2020 15:04:23,27.0,Male,Berlin,Backend Developer,7.0,0,Senior,go,"SQL, Go, AWS, Kubernetes, Docker",72000.0,15000.0,,,30,Full-time employee,Unlimited contract,English,11-50,Product,No,,,87000.0,go,25-29
279,24/11/2020 15:05:21,39.0,Male,Berlin,Product Manager,10.0,5,Lead,,,120000.0,200000.0,120000.0,200000,25,Full-time employee,Unlimited contract,English,1000+,Product,No,,2000,320000.0,,35-39
280,24/11/2020 15:07:35,33.0,Male,Frankfurt,Software Engineer,10.0,1,Senior,.NET,"Javascript / Typescript, SQL, Azure",26400.0,0.0,,,,Self-employed (freelancer),Unlimited contract,English,up to 10,Startup,No,,,26400.0,.NET,30-34
281,24/11/2020 15:07:35,28.0,Male,Berlin,Frontend Developer,8.0,5,Senior,Javascript,,68000.0,0.0,,,,Full-time employee,,,,,,,,68000.0,Javascript,25-29
282,24/11/2020 15:08:28,33.0,Female,Munich,QA Engineer,6.5,3,Senior,,,58000.0,3500.0,55000.0,3000,30,Full-time employee,Unlimited contract,English,101-1000,Product,No,,,61500.0,,30-34
283,24/11/2020 15:09:28,38.0,Male,Munich,ML Engineer,10.0,3,Lead,Python,"SQL, AWS, Azure, Kubernetes, Docker",92000.0,101.0,85000.0,7000,30,Full-time employee,Unlimited contract,English,51-100,Consulting / Agency,No,20.0,,92101.0,Python,35-39
284,24/11/2020 15:10:18,42.0,Male,Berlin,ML Engineer,20.0,20,Senior,Python,"Java / Scala, SQL, AWS, Google Cloud, Azure, Docker",80000.0,0.0,66000.0,,30,Full-time employee,Unlimited contract,German,1000+,Product,No,0.0,,80000.0,Python,40-49
285,24/11/2020 15:16:47,45.0,Female,Frankfurt,DB developer/Data analyst,6.0,0.9,Senior,T-SQL,,55000.0,0.0,,,28,Full-time employee,Unlimited contract,English,11-50,Product,No,,,55000.0,T-SQL,40-49
286,24/11/2020 15:17:34,38.0,Male,Hamburg,Software Engineer,12.0,6,Senior,Java,"Python, Java / Scala, AWS, Docker",73000.0,7000.0,72000.0,0,30,Full-time employee,Unlimited contract,English,51-100,Product,No,,,80000.0,Java,35-39
287,24/11/2020 15:17:54,29.0,Male,Berlin,QA Engineer,9.0,2,Senior,,"SQL, AWS, Kubernetes",62000.0,8000.0,55000.0,,28,Full-time employee,Unlimited contract,English,101-1000,Startup,No,,,70000.0,,25-29
288,24/11/2020 15:21:19,30.0,Male,Berlin,Software Engineer,11.0,2,Senior,Kotlin,"Kotlin, .NET, SQL, AWS",55000.0,0.0,55000.0,,30,Full-time employee,Unlimited contract,English,11-50,Startup,No,,,55000.0,Kotlin,30-34
289,24/11/2020 15:22:10,32.0,Male,Berlin,Software Engineer,9.0,5,Lead,JavaScript,"Javascript / Typescript, Ruby, AWS, Kubernetes, Docker",90000.0,0.0,75000.0,0,25,Full-time employee,Unlimited contract,English,101-1000,Product,Have been a freelancer at the beginning of year,0.0,No,90000.0,JavaScript,30-34
290,24/11/2020 15:27:01,41.0,Male,Munich,Backend Developer,21.0,3,Senior,Java,"Kubernetes, Docker",80000.0,0.0,78000.0,0,30,Full-time employee,Unlimited contract,English,101-1000,Product,No,0.0,0,80000.0,Java,40-49
291,24/11/2020 15:28:50,34.0,Male,Berlin,Security Engineer,10.0,4,Senior,python,"Javascript / Typescript, AWS, Kubernetes",85000.0,25000.0,72000.0,0,28,Full-time employee,Unlimited contract,English,1000+,Product,No,,No,110000.0,python,30-34
292,24/11/2020 15:31:46,45.0,Male,Berlin,Software Engineer,25.0,20,Lead,c++,"Python, C/C++, Javascript / Typescript, Ruby, .NET, Java / Scala, SQL, Go, AWS, Kubernetes",75000.0,20000.0,73000.0,20000,30,Full-time employee,Unlimited contract,German,1000+,Product,No,,,95000.0,c++,40-49
293,24/11/2020 15:32:59,34.0,Male,Berlin,DevOps,6.0,6,Middle,"Java, terraform","Python, Kotlin, Javascript / Typescript, Java / Scala, AWS, Kubernetes, Docker",62000.0,70000.0,54000.0,60000,28,Full-time employee,Unlimited contract,German,1000+,Media,No,,,132000.0,Java terraform,30-34
294,24/11/2020 15:37:24,25.0,Male,Stuttgart,Backend Developer,7.0,1,Senior,PHP,"Python, PHP, Javascript / Typescript, SQL",60000.0,0.0,,,26,Full-time employee,Unlimited contract,English,11-50,Startup,Yes,,,60000.0,PHP,25-29
295,24/11/2020 15:38:09,32.0,Male,Berlin,Software Engineer,12.0,1.5,Senior,iOS,"Swift, objective-c",66800.0,0.0,65000.0,,25,Full-time employee,Unlimited contract,English,51-100,Product,No,20.0,1000,66800.0,iOS,30-34
296,24/11/2020 15:39:13,65.0,Male,Berlin,Software Engineer,25.0,25,Senior,"Pascal, VB.NET, C#",".NET, SQL",55000.0,0.0,50000.0,,30,Full-time employee,Unlimited contract,German,51-100,Product,No,,,55000.0,Pascal VB.NET C#,50+
297,24/11/2020 15:41:16,33.0,Male,Munich,Business Analyst,10.0,4,Senior,Java,SQL,70000.0,0.0,70000.0,850,27,Full-time employee,Unlimited contract,English,101-1000,Product,"No, but there was a salary cut at 10% for 3 months and then at 5% for further 3 months",,,70000.0,Java,30-34
298,24/11/2020 15:41:45,34.0,Male,Berlin,ML Engineer,12.0,3,Senior,Python,"Python, SQL, Google Cloud, Kubernetes, Docker",90000.0,0.0,80000.0,,27,Full-time employee,Unlimited contract,English,1000+,Product,No,,500,90000.0,Python,30-34
299,24/11/2020 15:42:31,28.0,Male,Berlin,Backend Developer,7.0,1,Senior,PHP,"Javascript / Typescript, .NET, SQL, Azure, Kubernetes, Docker",70000.0,0.0,,,30,Full-time employee,Unlimited contract,English,101-1000,Product,No,,,70000.0,PHP,25-29
300,24/11/2020 15:47:19,,Male,Berlin,Data Engineer,7.5,1.5,Middle,SQL,"Python, SQL, AWS, Kubernetes, Docker",68000.0,500.0,48000.0,0,30,Full-time employee,Unlimited contract,English,101-1000,Product,No,,,68500.0,SQL,
301,24/11/2020 15:56:31,39.0,Male,Munich,DBA,17.0,5,Senior,Oracle,SQL,64000.0,70000.0,,,28,Full-time employee,Unlimited contract,English,101-1000,Product,No,,500,134000.0,Oracle,35-39
302,24/11/2020 15:59:02,30.0,Male,Berlin,Backend Developer,7.0,2,Senior,Ruby,"Javascript / Typescript, SQL, Go, AWS, Docker",72000.0,0.0,66000.0,0,25,Full-time employee,Unlimited contract,English,11-50,Product,No,0.0,0,72000.0,Ruby,30-34
303,24/11/2020 15:59:17,34.0,Male,Berlin,DevOps,12.0,2,Senior,Java,"Go, AWS, Kubernetes, Docker",70000.0,0.0,,,25,Full-time employee,Unlimited contract,English,101-1000,Product,No,,1000,70000.0,Java,30-34
304,24/11/2020 16:02:11,35.0,Male,Berlin,Support Engineer,10.0,4,Senior,PHP,"SQL, AWS, Docker",63500.0,63500.0,60000.0,60000,28,Full-time employee,Unlimited contract,English,101-1000,Product,No,,,127000.0,PHP,35-39
305,24/11/2020 16:03:27,35.0,Female,Berlin,Frontend Developer,12.0,5,Middle,Javascript ,"AWS, Docker",70000.0,0.0,70000.0,0,29,Full-time employee,Unlimited contract,English,101-1000,E-commerce,No,,No,70000.0,Javascript,35-39
306,24/11/2020 16:05:55,34.0,Male,Berlin,Frontend Developer,10.0,3,Senior,"Angular, React","Python, Javascript / Typescript, Docker",68000.0,0.0,68000.0,0,40,Full-time employee,Unlimited contract,English,11-50,Startup,No,30.0,0,68000.0,Angular React,30-34
307,24/11/2020 16:06:53,34.0,Male,Berlin,Software Engineer,12.0,2,Lead,.net,"Javascript / Typescript, .NET, SQL, Azure",78000.0,8000.0,64000.0,70000,36,Full-time employee,Unlimited contract,German,1000+,Product,No,0.0,0,86000.0,.net,30-34
308,24/11/2020 16:14:57,35.0,Male,Berlin,Software Engineer,8.0,1,Senior,Elixir,Erlang,75000.0,0.0,,,27,Full-time employee,Unlimited contract,English,101-1000,Startup,,,1500,75000.0,Elixir,35-39
309,24/11/2020 16:15:34,38.0,Male,Berlin,Software Engineer,13.0,6,Lead,Java,Kotlin,89570.0,20240.0,82240.0,18000,30,Full-time employee,Unlimited contract,English,1000+,Product,No,0.0,500,109810.0,Java,35-39
310,24/11/2020 16:16:41,34.0,Female,Berlin,Software Engineer,9.0,3,Senior,Kotlin,"Python, Kotlin, Java / Scala, Google Cloud, Kubernetes, Docker",78000.0,3000.0,65000.0,7000,30,Full-time employee,Unlimited contract,English,101-1000,Product,No,,,81000.0,Kotlin,30-34
311,24/11/2020 16:20:42,31.0,Male,Berlin,Mobile Developer,7.0,"3,5",Senior,iOS,Swift,80000.0,0.0,72500.0,,27,Full-time employee,Unlimited contract,English,1000+,Product,No,20.0,,80000.0,iOS,30-34
312,24/11/2020 16:26:30,34.0,Male,Berlin,Backend Developer,15.0,5,Senior,Elixir,"Javascript / Typescript, Ruby, SQL, Google Cloud, Kubernetes, Docker",70000.0,70000.0,65000.0,65000,30,Full-time employee,Unlimited contract,English,51-100,Product,No,,,140000.0,Elixir,30-34
313,24/11/2020 16:34:40,29.0,Female,Munich,Software Engineer,5.0,4,Middle,"NodeJS, Typescript, AWS","Javascript / Typescript, Java / Scala, AWS",67000.0,5000.0,65000.0,4000,31,Full-time employee,Unlimited contract,English,101-1000,Product,No,,,72000.0,NodeJS Typescript AWS,25-29
314,24/11/2020 16:35:30,37.0,Male,Berlin,Software Engineer,15.0,3,Senior,Scala,"Python, Java / Scala, Docker",85000.0,5000.0,100000.0,,30,Full-time employee,Unlimited contract,English,1000+,Product,No,,,90000.0,Scala,35-39
315,24/11/2020 16:42:53,44.0,Male,Stuttgart,Software Engineer,22.0,3,Senior,Erlang,"Python, SQL, Docker",76000.0,0.0,76000.0,,30,Full-time employee,Unlimited contract,English,51-100,Startup,No,,,76000.0,Erlang,40-49
316,24/11/2020 16:56:17,30.0,Male,Munich,Frontend Developer,9.0,3,Middle,TypeScript,"Javascript / Typescript, Kubernetes",66000.0,0.0,64000.0,0,30,Full-time employee,Unlimited contract,English,101-1000,Product,No,,,66000.0,TypeScript,30-34
317,24/11/2020 17:01:00,26.0,Male,Frankfurt,Consultant,4.0,4,Middle,JavaScript,"Python, Javascript / Typescript",65000.0,70000.0,55000.0,55000,30,Full-time employee,Unlimited contract,German,101-1000,Consulting / Agency,No,,,135000.0,JavaScript,25-29
318,24/11/2020 17:03:03,33.0,Diverse,Hamburg,Software Engineer,1.0,6,Middle,Scala,"Python, SQL, Kubernetes, Docker",130000.0,0.0,,,,Full-time employee,Unlimited contract,English,1000+,Product,No,,,130000.0,Scala,30-34
319,24/11/2020 17:04:09,46.0,Male,Berlin,Software Engineer,14.0,14,Senior,JavaScript,"PHP, Javascript / Typescript, SQL, Google Cloud, Docker",80000.0,0.0,63000.0,,30,Full-time employee,Unlimited contract,English,51-100,Product,Yes,20.0,,80000.0,JavaScript,40-49
320,24/11/2020 17:05:17,33.0,Male,Berlin,Software Engineer,14.0,4,Senior,PHP,"PHP, Java / Scala",68000.0,0.0,68000.0,0,,Full-time employee,Unlimited contract,English,51-100,Product,No,,500,68000.0,PHP,30-34
321,24/11/2020 17:08:51,27.0,Male,Tuttlingen,Software Engineer,4.0,4,Junior,C#,.NET,46000.0,2000.0,43000.0,2000,30,Full-time employee,Unlimited contract,German,up to 10,Product,No,40.0,,48000.0,C#,25-29
322,24/11/2020 17:12:18,38.0,Male,Stuttgart,Software Engineer,15.0,8,Senior,C#,.NET,56400.0,0.0,56400.0,,30,Full-time employee,Unlimited contract,English,11-50,Product,No,,,56400.0,C#,35-39
323,24/11/2020 17:21:09,32.0,Male,Munich,Backend Developer,11.0,3.5,Senior,PHP,"PHP, Javascript / Typescript, Java / Scala, Docker",81200.0,81200.0,,,30,Full-time employee,Unlimited contract,English,1000+,Product,No,28.0,,162400.0,PHP,30-34
324,24/11/2020 17:24:17,36.0,Female,Berlin,Recruiter,11.0,4,Senior,,,70000.0,11000.0,55000.0,0,unlimited,Full-time employee,Unlimited contract,English,1000+,Product,No,,1500,81000.0,,35-39
325,24/11/2020 17:24:24,26.0,Male,Frankfurt,Backend Developer,7.0,1.5,Senior,Java,,65000.0,0.0,,,30,Full-time employee,Unlimited contract,English,101-1000,Product,No,,,65000.0,Java,25-29
326,24/11/2020 17:27:43,29.0,Male,Berlin,Software Engineer,12.0,3,Senior,Go,"PHP, Go",75000.0,75000.0,70000.0,70000,27,Full-time employee,Unlimited contract,English,101-1000,Product,No,0.0,1000,150000.0,Go,25-29
327,24/11/2020 17:28:01,32.0,Male,Nürnberg,Testautomation,8.0,2,Senior,"Java, JS","Javascript / Typescript, Java / Scala",60000.0,0.0,,,30,Full-time employee,Unlimited contract,German,101-1000,Consulting / Agency,Yes,0.0,500,60000.0,Java JS,30-34
328,24/11/2020 17:29:12,29.0,Male,Bonn,Mobile Developer,5.0,2,Middle,Objective-C,Swift,55000.0,4000.0,55000.0,1800,24,Full-time employee,Unlimited contract,English,11-50,Product,No,,,59000.0,Objective-C,25-29
329,24/11/2020 17:29:25,33.0,Male,Hamburg,Software Engineer,10.0,3,Senior,Ruby,Elixir,75000.0,0.0,70000.0,,30,Full-time employee,Unlimited contract,English,101-1000,Product,No,,,75000.0,Ruby,30-34
330,24/11/2020 17:29:51,,,Munich,Data Scientist,2.0,2,Middle,Python ,,54000.0,0.0,54000.0,,20,Full-time employee,Unlimited contract,English,51-100,Product,No,,,54000.0,Python,
331,24/11/2020 17:30:40,32.0,Male,Munich,QA Engineer,9.0,3,Senior,QA,Java / Scala,76000.0,0.0,,0,28,Full-time employee,Unlimited contract,English,101-1000,Product,No,,,76000.0,QA,30-34
332,24/11/2020 17:31:48,34.0,Male,Berlin,Software Engineer,10.0,10,Senior,C++,Python,76000.0,12000.0,73000.0,8000,30,Full-time employee,Unlimited contract,English,101-1000,Product,No,,,88000.0,C++,30-34
333,24/11/2020 17:33:40,31.0,Male,Moscow,Data Scientist,2.5,0,Lead,Python,Python,20000.0,6500.0,17000.0,3500,30,Full-time employee,Unlimited contract,Russian,1000+,Bank,No,,,26500.0,Python,30-34
334,24/11/2020 17:35:27,29.0,Male,Munich,Software Engineer,7.0,1,Senior,TypeScript,"Javascript / Typescript, AWS",80000.0,0.0,,,,Full-time employee,Unlimited contract,English,11-50,Startup,No,,,80000.0,TypeScript,25-29
335,24/11/2020 17:35:46,33.0,Male,Munich,Software Engineer,10.0,4,Senior,C#,Javascript / Typescript,78000.0,0.0,65000.0,,30,Full-time employee,Unlimited contract,German,51-100,Product,No,,,78000.0,C#,30-34
336,24/11/2020 17:37:32,32.0,Male,Berlin,Backend Developer,4.0,1,Senior,Ruby,"Python, SQL, Go, AWS, Kubernetes, Docker",65000.0,0.0,,57000,28,Full-time employee,Unlimited contract,English,51-100,Product,No,,,65000.0,Ruby,30-34
337,24/11/2020 17:38:29,47.0,Male,Hamburg,Software Engineer,22.0,10,Senior,C++/C#,"C/C++, .NET, SQL",46000.0,46000.0,46000.0,46000,30,Full-time employee,Unlimited contract,English,up to 10,Product,No,,1500,92000.0,C++,40-49
338,24/11/2020 17:38:51,29.0,Male,Berlin,Backend Developer,8.0,1.5,Middle,Go,Python,65000.0,0.0,60000.0,0,30,Full-time employee,Unlimited contract,English,101-1000,Product,No,,,65000.0,Go,25-29
339,24/11/2020 17:39:35,28.0,Male,Munich,Software Engineer,5.0,6,Senior,C++,"Python, C/C++",67000.0,2000.0,44000.0,2500,20,Self-employed (freelancer),Unlimited contract,English,up to 10,Startup,Yes,,,69000.0,C++,25-29
340,24/11/2020 17:40:38,,Male,Hamburg,Support Engineer,,2,Senior,,"Kubernetes, Docker",61000.0,0.0,60000.0,,28,Full-time employee,Unlimited contract,English,,,No,,100,61000.0,,
341,24/11/2020 17:40:40,25.0,Male,Hamburg,Data Scientist,2.0,2,Middle,Python,.NET,48000.0,5000.0,43200.0,48000,28,Full-time employee,Unlimited contract,German,11-50,Product,No,,,53000.0,Python,25-29
342,24/11/2020 17:40:57,32.0,Male,Munich,SAP Developer,9.0,1,Senior,ABAP,SAP / ABAP,70800.0,5000.0,,,30,Full-time employee,Unlimited contract,German,1000+,Consulting / Agency,No,35.0,,75800.0,ABAP,30-34
343,24/11/2020 17:43:34,45.0,Male,Munich,Frontend Developer,3.0,< 1,Senior,Javascript / Typescript,,70000.0,0.0,65000.0,,25,Full-time employee,Unlimited contract,Russian,11-50,Startup,Yes,,,70000.0,Javascript,40-49
344,24/11/2020 17:45:03,26.0,Male,Frankfurt,Software Engineer,3.0,1,Middle,Python ,"Python, Java / Scala",48000.0,0.0,,,27,Full-time employee,Unlimited contract,English,51-100,Consulting / Agency,No,,,48000.0,Python,25-29
345,24/11/2020 17:45:39,29.0,Male,Munich,Mobile Developer,8.0,0.25,Senior,Java/Kotlin,"Kotlin, C/C++, Java / Scala",65400.0,0.0,,,30,Full-time employee,Unlimited contract,English,11-50,Consulting / Agency,No,0.0,0,65400.0,Java,25-29
346,24/11/2020 17:47:00,40.0,Male,Berlin,Backend Developer,18.0,2.5,Senior,php,"PHP, SQL, Go, Docker, Postgres",60000.0,0.0,60000.0,0,28,Full-time employee,Unlimited contract,English,1000+,Product,No,34.0,0,60000.0,php,40-49
347,24/11/2020 17:47:42,27.0,Male,Munich,Software Engineer,5.0,1,Senior,Typescript / Angular,,71000.0,5000.0,66000.0,0,30,Full-time employee,Unlimited contract,English,1000+,Product,No,,,76000.0,Typescript,25-29
348,24/11/2020 17:51:26,27.0,Male,Munich,Software Engineer,5.0,1,Senior,Javascript,"Javascript / Typescript, Go",65000.0,0.0,65000.0,65000,22,Full-time employee,Unlimited contract,English,51-100,Product,No,,,65000.0,Javascript,25-29
349,24/11/2020 17:53:18,38.0,Male,Koblenz,Systemadministrator,20.0,2,Senior,,,44000.0,0.0,42000.0,,25,Full-time employee,Unlimited contract,German,11-50,Systemhaus,No,20.0,,44000.0,,35-39
350,24/11/2020 17:55:30,22.0,Male,Warsaw,Backend Developer,3.0,0,Middle,PHP,,27000.0,0.0,,,21,Full-time employee,Unlimited contract,Polish,51-100,Consulting / Agency,No,,,27000.0,PHP,18-24
351,24/11/2020 17:57:20,30.0,Male,Berlin,DevOps,9.0,5,Lead,Kubernetes,"Python, Google Cloud, Kubernetes, Docker",90000.0,0.0,80000.0,0,30,Full-time employee,Unlimited contract,English,101-1000,Product,No,,,90000.0,Kubernetes,30-34
352,24/11/2020 17:57:39,30.0,Male,Hamburg,Software Engineer,6.0,0,Middle,.NET,"Javascript / Typescript, .NET, SQL, Docker",60000.0,6000.0,,,30,Full-time employee,Unlimited contract,English,101-1000,Product,No,,,66000.0,.NET,30-34
353,24/11/2020 18:01:03,29.0,Male,Munich,SW Architect,8.0,3,Senior,C++,"Python, C/C++, Docker",73000.0,400.0,59000.0,60000,30,Full-time employee,Unlimited contract,English,1000+,Product,No,,,73400.0,C++,25-29
354,24/11/2020 18:06:17,37.0,Male,Heidelberg,Software Engineer,15.0,7,Senior,ABAP,"Javascript / Typescript, SAP / ABAP",67500.0,7500.0,65000.0,5000,30,Full-time employee,Unlimited contract,English,1000+,Product,No,,,75000.0,ABAP,35-39
355,24/11/2020 18:09:09,28.0,Male,Berlin,SRE,6.0,1.5,Middle,Kubernetes,"Python, Go, AWS, Kubernetes, Docker",66000.0,122.13,66000.0,0,27,Full-time employee,Unlimited contract,English,1000+,Product,No,0.0,0,66122.13,Kubernetes,25-29
356,24/11/2020 18:10:47,28.0,Female,Berlin,Software Engineer,8.0,0,Lead,Javascript,,80000.0,0.0,,,28,Full-time employee,Unlimited contract,English,101-1000,Product,No,,500,80000.0,Javascript,25-29
357,24/11/2020 18:10:54,26.0,Male,Karlsruhe,Software Engineer,5.0,5,,,"Python, Kotlin, Javascript / Typescript, Java / Scala, SQL, Kubernetes, Docker",55000.0,0.0,52000.0,0,30,Full-time employee,Unlimited contract,50/50,11-50,Consulting / Agency,No,32.0,0,55000.0,,25-29
358,24/11/2020 18:12:43,28.0,Male,Stuttgart,Backend Developer,5.0,1.5,Middle,Java,Linux,55000.0,5000.0,42000.0,,30,Full-time employee,Unlimited contract,German,101-1000,Product,No,0.0,,60000.0,Java,25-29
359,24/11/2020 18:13:06,33.0,Male,Berlin,Software Engineer,13.0,3,Senior,Ruby,"Ruby, Java / Scala, Go, AWS, Kubernetes, Docker",75000.0,20000.0,68000.0,0,27,Full-time employee,Unlimited contract,English,1000+,Product,No,,600,95000.0,Ruby,30-34
360,24/11/2020 18:16:39,25.0,Male,Berlin,Backend Developer,5.0,0,Senior,Java,Python,60000.0,5600.0,,,,,,,,,,,,65600.0,Java,25-29
361,24/11/2020 18:19:49,38.0,Male,Köln,QA Engineer,7.0,2,Middle,,,54500.0,0.0,54500.0,,30,Full-time employee,Unlimited contract,German,11-50,Consulting / Agency,No,,1500,54500.0,,35-39
362,24/11/2020 18:22:41,40.0,Male,Frankfurt,Software Engineer,22.0,3,Senior,Java,"Kotlin, Javascript / Typescript, Java / Scala, Kubernetes, Docker",72000.0,5000.0,45000.0,45000,30,Full-time employee,Unlimited contract,German,1000+,Product,No,,,77000.0,Java,40-49
363,24/11/2020 18:25:30,28.0,Male,Munich,"Fullstack engineer, ну или Software engineer",9.0,1,Senior,React/Typescript,MongoDB,60000.0,0.0,,,28,Full-time employee,Unlimited contract,English,up to 10,Startup,No,20.0,,60000.0,React,25-29
364,24/11/2020 18:27:22,29.0,Male,Berlin,Backend Developer,11.0,2,Senior,Python,"Python, Go, AWS, Kubernetes, Docker",85000.0,4000.0,85000.0,4000,30,Full-time employee,Unlimited contract,English,51-100,Product,No,,,89000.0,Python,25-29
365,24/11/2020 18:31:25,,Male,Berlin,Software Engineer,9.0,1,Lead,Java,"AWS, Docker",75000.0,0.0,,,24,Full-time employee,Unlimited contract,English,1000+,Startup,No,20.0,No,75000.0,Java,
366,24/11/2020 18:32:14,24.0,Male,Aachen,HiWi,3.0,2,Junior,Python,"Python, C/C++",10164.0,0.0,,,14,Part-time employee,Temporary contract,English,11-50,University,No,,,10164.0,Python,18-24
367,24/11/2020 18:33:17,30.0,Male,Berlin,Backend Developer,4.0,2,Senior,Golang ,"Javascript / Typescript, .NET, SQL, Go, Kubernetes, Docker",65000.0,0.0,,,,Full-time employee,Unlimited contract,English,101-1000,Product,No,,,65000.0,Golang,30-34
368,24/11/2020 18:36:46,31.0,Male,Munich,Software Engineer,11.0,1,Middle,Python,Docker,75000.0,0.0,,,unlimited ,Full-time employee,Unlimited contract,English,1000+,Product,No,,,75000.0,Python,30-34
369,24/11/2020 18:37:32,44.0,Male,Munich,Software Engineer,28.0,6,Senior,C#,"C/C++, .NET, SQL",78500.0,0.0,78500.0,2000,30,Full-time employee,Unlimited contract,English,51-100,Product,No,,,78500.0,C#,40-49
370,24/11/2020 18:39:05,35.0,Male,Düsseldorf,Product Manager,5.0,2,Senior,,,56000.0,56000.0,54000.0,54000,30,Full-time employee,Unlimited contract,English,101-1000,Product,No,0.0,No,112000.0,,35-39
371,24/11/2020 18:39:13,41.0,Female,Munich,Data Engineer,12.0,12,Senior,,"Python, SQL, Azure",68000.0,4500.0,61500.0,5000,30,Full-time employee,Unlimited contract,German,101-1000,Consulting / Agency,Lost the job but for different reason,0.0,0,72500.0,,40-49
372,24/11/2020 18:40:13,32.0,Male,Berlin,Software Engineer,12.0,1,Senior,Java,"Python, SQL, AWS, Kubernetes, Docker",83000.0,500.0,75000.0,0,27,Full-time employee,Unlimited contract,English,1000+,Product,No,0.0,40,83500.0,Java,30-34
373,24/11/2020 18:44:33,28.0,Female,Mannheim,Software Engineer,4.0,4,Junior,,"PHP, SQL, Perl",53000.0,0.0,,,30,Full-time employee,Unlimited contract,English,1000+,Consulting / Agency,No,,,53000.0,,25-29
374,24/11/2020 18:48:30,,Male,Karlsruhe ,Backend Developer,8.0,8,Lead,Python,"Python, C/C++, Javascript / Typescript, Java / Scala",65000.0,5400.0,70400.0,5400,29,Part-time employee,Unlimited contract,English,up to 10,Product,No,39.0,10000,70400.0,Python,
375,24/11/2020 18:49:18,33.0,Male,Berlin,Software Engineer,10.0,1,Middle,iOS,Swift,65000.0,0.0,,,27,Full-time employee,Unlimited contract,English,1000+,Product,No,,500,65000.0,iOS,30-34
376,24/11/2020 18:49:33,46.0,Male,Munich,Software Engineer,10.0,2,Senior,Python ,"Javascript / Typescript, AWS",68500.0,0.0,60000.0,,28,Full-time employee,Unlimited contract,English,51-100,Startup,No,,,68500.0,Python,40-49
377,24/11/2020 18:50:28,27.0,Male,Berlin,Frontend Developer,8.0,1,Middle,Angular,Javascript / Typescript,45000.0,0.0,,,28,Full-time employee,Unlimited contract,English,51-100,Product,No,30.0,,45000.0,Angular,25-29
378,24/11/2020 18:50:50,30.0,Male,Samara,Backend Developer,2.0,0,Middle,php,"PHP, Javascript / Typescript, SQL",12000.0,0.0,,,,,,,,,,,,12000.0,php,30-34
379,24/11/2020 18:51:35,32.0,Male,Berlin,Backend Developer,5.0,3,Middle,Ruby,"Javascript / Typescript, AWS, Docker",72000.0,0.0,60000.0,,30,Full-time employee,Unlimited contract,English,11-50,Product,No,0.0,,72000.0,Ruby,30-34
380,24/11/2020 18:52:09,34.0,Male,Berlin,Software Engineer,15.0,2,Lead,Java,"Java / Scala, SQL",80000.0,12000.0,76000.0,11000,28,Full-time employee,Unlimited contract,English,1000+,Product,No,,750,92000.0,Java,30-34
381,24/11/2020 18:53:16,33.0,Male,Berlin,Software Engineer,10.0,,Senior,Salesforce ,"Python, Javascript / Typescript, Apex",68000.0,0.0,,,25,Full-time employee,Temporary contract,English,11-50,Startup,No,,,68000.0,Salesforce,30-34
382,24/11/2020 18:53:57,26.0,Male,"Riga, Latvia",Software Engineer,4.0,0,Middle,javascript,"Javascript / Typescript, SAP / ABAP",24000.0,0.0,20000.0,0,20,Full-time employee,Unlimited contract,English,101-1000,Consulting / Agency,No,0.0,0,24000.0,javascript,25-29
383,24/11/2020 18:54:07,41.0,Male,Berlin,Software Engineer,19.0,7,Lead,Python,"C/C++, SQL, AWS, Kubernetes, Docker",95500.0,14500.0,94000.0,7500,30,Full-time employee,Unlimited contract,English,1000+,Product,No,,,110000.0,Python,40-49
384,24/11/2020 18:54:54,35.0,Male,Cologne,Software Engineer,14.0,7,Senior,C++,"Python, C/C++, SQL",72000.0,77000.0,70000.0,70000,35,Full-time employee,Unlimited contract,English,101-1000,Product,No,,,149000.0,C++,35-39
385,24/11/2020 18:58:54,26.0,Male,Hamburg,Software Engineer,7.0,3.5,Senior,TypeScript,"Python, Javascript / Typescript, AWS, Docker",72000.0,0.0,,,27,Full-time employee,Unlimited contract,German,101-1000,Consulting / Agency,No,,,72000.0,TypeScript,25-29
386,24/11/2020 18:59:20,27.0,Male,Berlin,Mobile Developer,3.0,0,Middle,Kotlin,"Kotlin, Java / Scala",65000.0,0.0,,,,Full-time employee,Unlimited contract,English,101-1000,Startup,No,,,65000.0,Kotlin,25-29
387,24/11/2020 18:59:38,24.0,Male,Munich,Software Engineer,3.0,2,Middle,Java/C++,"Python, C/C++, Javascript / Typescript, Java / Scala, SQL, Kubernetes",77600.0,43500.0,72000.0,18800,30,Full-time employee,Unlimited contract,English,1000+,Product,No,40.0,1000,121100.0,Java,18-24
388,24/11/2020 19:07:37,35.0,Male,Hamburg,Software Engineer,13.0,3,Lead,Scala / Python,"Python, Ruby, Java / Scala, Google Cloud, Kubernetes, Docker",95000.0,15000.0,90000.0,0,25,Full-time employee,Unlimited contract,English,51-100,Startup,No,0.0,0,110000.0,Scala,35-39
389,24/11/2020 19:07:57,31.0,Male,Dusseldorf,Software Engineer,7.0,3,Senior,C++,"Python, C/C++, Javascript / Typescript, SQL",50400.0,50400.0,50000.0,50000,27,Full-time employee,Unlimited contract,English,1000+,Product,No,,,100800.0,C++,30-34
390,24/11/2020 19:09:32,25.0,Male,Berlin,Backend Developer,5.0,0,Middle,Java,"Python, Kotlin, Java / Scala, SQL, AWS, Google Cloud, Kubernetes, Docker",80000.0,0.0,,,30,Full-time employee,Unlimited contract,English,1000+,Startup,,,,80000.0,Java,25-29
391,24/11/2020 19:12:16,30.0,Male,Moscow,Backend Developer,2.0,,Middle,Python,"Python, SQL, Docker",13000.0,0.0,,,28,Full-time employee,Unlimited contract,Russian,51-100,Startup,No,,,13000.0,Python,30-34
392,24/11/2020 19:14:03,37.0,Male,Zurich,Project manager,20.0,"4 (in Switzerland), 0 (in Germany)",Middle,,,130000.0,20000.0,125000.0,10000,25,Full-time employee,Unlimited contract,English,1000+,Consulting / Agency,No,,300,150000.0,,35-39
393,24/11/2020 19:15:02,30.0,Male,Moscow,Software Engineer,5.0,0,Middle,C,C/C++,14712.0,0.0,14712.0,0,30,Full-time employee,Unlimited contract,Russian,101-1000,Product,No,40.0,0,14712.0,C,30-34
394,24/11/2020 19:15:49,33.0,Male,Berlin,Product Manager,5.0,5,Senior,,Python,70000.0,800.0,65000.0,67000,30,Full-time employee,,German,101-1000,Product,No,,,70800.0,,30-34
395,24/11/2020 19:19:30,35.0,Male,Berlin,QA Engineer,11.0,10,Senior,Java,"Python, Javascript / Typescript, .NET, Java / Scala, Kubernetes, Docker",74400.0,0.0,,,30,Full-time employee,Unlimited contract,English,101-1000,Product,No,32.0,,74400.0,Java,35-39
396,24/11/2020 19:24:50,37.0,Male,Hamburg,Software Engineer,15.0,5,Senior,Java,"Python, Javascript / Typescript, Java / Scala, Go, AWS, Kubernetes, Docker",70000.0,0.0,60000.0,0,25,Full-time employee,Temporary contract,English,11-50,Startup,No,,,70000.0,Java,35-39
397,24/11/2020 19:30:15,36.0,Male,Hamburg,Backend Developer,10.0,5,Senior,Java/Scala,"Python, Go, AWS, Docker",82000.0,0.0,78000.0,,30,Full-time employee,Unlimited contract,German,51-100,Product,No,,500,82000.0,Java,35-39
398,24/11/2020 19:31:46,32.0,Female,Cologne,Data Scientist,4.0,4,Senior,Python,,85000.0,88000.0,76000.0,78000,30,Full-time employee,Unlimited contract,English,1000+,consumer goods,No,,no,173000.0,Python,30-34
399,24/11/2020 19:40:48,38.0,Male,Berlin,Security Engineer,5.0,3,Lead,,"Python, C/C++, AWS, Kubernetes, Docker",80000.0,0.0,70000.0,3500,30,Full-time employee,Unlimited contract,English,101-1000,Startup,No,32.0,0,80000.0,,35-39
400,24/11/2020 19:41:27,23.0,Male,Berlin,Software Engineer,4.0,1,Middle,Javascript,"Javascript / Typescript, SQL, AWS, Docker",70500.0,0.0,58000.0,0,30,Full-time employee,Unlimited contract,English,1000+,Product,No,,,70500.0,Javascript,18-24
401,24/11/2020 19:42:42,39.0,Male,Stuttgart,Software Engineer,11.0,3,Lead,PHP,"PHP, SQL, Kubernetes, Docker",75000.0,0.0,75000.0,0,30,Full-time employee,Unlimited contract,English,101-1000,Product,No,,,75000.0,PHP,35-39
402,24/11/2020 19:47:34,27.0,Female,Berlin,Data Scientist,3.0,3,Middle,Python,"Python, SQL, Google Cloud, Kubernetes, Docker",58000.0,1000.0,55000.0,0,24,Full-time employee,Unlimited contract,English,51-100,Product,No,,,59000.0,Python,25-29
403,24/11/2020 19:48:24,50.0,Male,Berlin,Software Engineer,29.0,2,Lead,C++,"C/C++, PHP, SQL",28800.0,28800.0,28800.0,28800,30,Full-time employee,Unlimited contract,German,11-50,IT-Outsourcing,No,0.0,0,57600.0,C++,50+
404,24/11/2020 19:57:46,35.0,Female,Berlin,Designer (UI/UX),15.0,1,Middle,,,53000.0,65000.0,,,(no idea),Full-time employee,Unlimited contract,English,1000+,Product,No,,180€,118000.0,,35-39
405,24/11/2020 20:00:02,40.0,Male,Berlin,Architect,10.0,3,Middle,,"Python, R, Go",89000.0,10000.0,,,30,Full-time employee,Unlimited contract,English,101-1000,,No,,,99000.0,,40-49
406,24/11/2020 20:01:18,35.0,Male,Helsinki,Backend Developer,11.0,2.5,Senior,python,"SQL, AWS, Docker",66000.0,2000.0,53000.0,56000,28,Full-time employee,Unlimited contract,English,101-1000,Product,No,37.5,500,68000.0,python,35-39
407,24/11/2020 20:02:15,29.0,Male,Berlin,Backend Developer,10.0,1,Senior,Ruby,Go,80000.0,0.0,,,30,Full-time employee,Unlimited contract,English,101-1000,Product,No,,,80000.0,Ruby,25-29
408,24/11/2020 20:02:34,30.0,Male,Munich,Mobile Developer,8.0,2,Lead,Swift,Swift,75000.0,86000.0,60000.0,65000,24,Full-time employee,Unlimited contract,English,11-50,Startup,No,0.0,0,161000.0,Swift,30-34
409,24/11/2020 20:04:24,24.0,Male,Frankfurt,Frontend Developer,3.0,0,Middle,JavaScript,"Javascript / Typescript, Docker",44000.0,3000.0,44000.0,0,26,Full-time employee,Unlimited contract,English,51-100,Product,No,0.0,0,47000.0,JavaScript,18-24
410,24/11/2020 20:04:37,28.0,Male,Würzburg,Software Engineer,8.0,0,Senior,Java,"Kotlin, Javascript / Typescript",75000.0,0.0,,,28,Full-time employee,Unlimited contract,English,101-1000,Product,No,,,75000.0,Java,25-29
411,24/11/2020 20:14:50,28.0,Male,Berlin,Backend Developer,9.0,2,Senior,PHP,"SQL, AWS, Docker",60000.0,1000.0,45000.0,45000,25,Full-time employee,Unlimited contract,English,11-50,Product,No,0.0,0,61000.0,PHP,25-29
412,24/11/2020 20:15:27,37.0,Female,Berlin,Designer (UI/UX),2.0,1,Middle,,,70000.0,0.0,,,,Full-time employee,Temporary contract,English,up to 10,Startup,No,,,70000.0,,35-39
413,24/11/2020 20:18:31,37.0,Male,Berlin,Software Engineer,8.0,5,Senior,Python ,"Python, Javascript / Typescript, SQL, Go, AWS, Google Cloud, Kubernetes, Docker",76900.0,77400.0,70000.0,74800,26,Full-time employee,Unlimited contract,English,101-1000,Product,No,,,154300.0,Python,35-39
414,24/11/2020 20:23:25,33.0,Male,Berlin,Technical Lead,10.0,2,Lead,,"Kotlin, Java / Scala, SQL, AWS, Kubernetes, Docker",85000.0,0.0,70000.0,,26,Full-time employee,Unlimited contract,English,1000+,Startup,No,,,85000.0,,30-34
415,24/11/2020 20:23:56,30.0,Male,Kiev,Backend Developer,8.0,0,Middle,Web developer,"PHP, Javascript / Typescript, SQL, Docker",27000.0,0.0,27000.0,0,21,Full-time employee,Temporary contract,Русский,51-100,Product,No,40.0,0,27000.0,Web developer,30-34
416,24/11/2020 20:25:32,30.0,Male,Munich,Frontend Developer,4.0,1,Middle,JavaScript/Typescript,"PHP, SQL",55000.0,0.0,,,27,Full-time employee,Unlimited contract,English,1000+,Product,No,,,55000.0,JavaScript,30-34
417,24/11/2020 20:26:19,31.0,Male,Berlin,Software Engineer,4.0,2,Lead,Java,"Kotlin, SQL, AWS, Kubernetes, Docker",95000.0,0.0,89000.0,0,28,Full-time employee,Unlimited contract,English,1000+,Startup,No,0.0,0,95000.0,Java,30-34
418,24/11/2020 20:26:20,,Male,Munich,Software Engineer,4.0,3,Middle,Java,"Javascript / Typescript, AWS, Kubernetes",56000.0,0.0,56000.0,0,,Full-time employee,Unlimited contract,English,1000+,Product,No,,0,56000.0,Java,
419,24/11/2020 20:26:58,28.0,Female,Berlin,Software Engineer,3.0,3,Middle,Javascript,"PHP, Javascript / Typescript",60000.0,0.0,55000.0,0,28,Full-time employee,Unlimited contract,English,101-1000,Startup,No,,,60000.0,Javascript,25-29
420,24/11/2020 20:28:38,31.0,Female,Munich,Software Engineer,2.0,2,Middle,Java,SQL,58000.0,3000.0,26000.0,1500,28,Full-time employee,Unlimited contract,German,1000+,Product,No,0.0,No,61000.0,Java,30-34
421,24/11/2020 20:28:49,34.0,Male,Berlin,Mobile Developer,9.0,2,Senior,Android,"Kotlin, Java / Scala",72000.0,12.0,65000.0,0,27,Full-time employee,Unlimited contract,English,1000+,Product,No,,600,72012.0,Android,30-34
422,24/11/2020 20:29:04,24.0,Male,Berlin,Backend Developer,4.0,3,Middle,PHP,"SQL, Kubernetes, Docker",46000.0,0.0,42000.0,,28,Full-time employee,Unlimited contract,English,51-100,Startup,No,0.0,,46000.0,PHP,18-24
423,24/11/2020 20:29:50,39.0,Male,Berlin,DevOps,15.0,3,Senior,Python,"Python, Ruby, Java / Scala, Go, Rust, AWS, Kubernetes, Docker, Terraform, helm, packer",70000.0,0.0,70000.0,0,21,Full-time employee,Unlimited contract,English,101-1000,Product,No,0.0,,70000.0,Python,35-39
424,24/11/2020 20:30:14,42.0,Male,Den Haag,Backend Developer,20.0,6,Senior,.NET,"Python, Javascript / Typescript, SQL, AWS, Docker",75000.0,0.0,75000.0,0,25,Full-time employee,Unlimited contract,English,101-1000,Product,No,40.0,300,75000.0,.NET,40-49
425,24/11/2020 20:37:40,26.0,Male,London,Frontend Developer,8.0,0,Senior,"TypeScript, React","Javascript / Typescript, Google Cloud, Kubernetes, Docker",105000.0,60000.0,85000.0,60000,30,Full-time employee,Unlimited contract,English,1000+,Startup,No,,,165000.0,TypeScript React,25-29
426,24/11/2020 20:38:22,31.0,Female,Frankfurt,Software Engineer,2.0,2,Junior,,,50000.0,0.0,,,28,Full-time employee,Unlimited contract,English,1000+,Consulting / Agency,No,,,50000.0,,30-34
427,24/11/2020 20:39:33,32.0,Female,Berlin,Mobile Developer,7.0,3,Senior,Kotlin,"Python, Ruby",63000.0,0.0,55000.0,0,26,Full-time employee,Unlimited contract,English,1000+,Product,No,,1100,63000.0,Kotlin,30-34
428,24/11/2020 20:41:20,30.0,Female,Berlin,QA Engineer,4.0,1,Middle,,Javascript / Typescript,52000.0,0.0,,,20,Full-time employee,Unlimited contract,English,51-100,Startup,No,,,52000.0,,30-34
429,24/11/2020 20:41:21,23.0,Male,Berlin,Mobile Developer,3.0,0,Lead,Swift,Swift,65000.0,65000.0,,,25,Full-time employee,Unlimited contract,English,51-100,Startup,No,,,130000.0,Swift,18-24
430,24/11/2020 20:43:22,27.0,Female,Berlin,Backend Developer,3.0,1,Middle,,,60000.0,0.0,,,24,Full-time employee,Unlimited contract,English,11-50,,No,32.0,,60000.0,,25-29
431,24/11/2020 21:04:58,27.0,Male,Amsterdam,ML Engineer,4.0,1,Middle,python,"Python, R, SQL, SAP / ABAP, AWS, Kubernetes, Docker",62000.0,62000.0,40000.0,40000,25,Full-time employee,Unlimited contract,English,1000+,Product,No,,,124000.0,python,25-29
432,24/11/2020 21:05:56,27.0,Male,Berlin,Tech Lead / Full-Stack,5.0,3.5,Lead,Python / JavaScript (React),"Python, Javascript / Typescript, SQL, AWS, Docker, React, Tailwindcss",90000.0,1000.0,75000.0,1000,30 in contract (but theoretically unlimited),Full-time employee,Unlimited contract,English,11-50,Startup,No,36.0,0,91000.0,Python,25-29
433,24/11/2020 21:07:50,29.0,Male,Berlin,Frontend Developer,8.0,4,Senior,JavaScript / typescript,,69000.0,74000.0,,,30,Full-time employee,Unlimited contract,English,1000+,Product,No,30.0,,143000.0,JavaScript,25-29
434,24/11/2020 21:10:08,32.0,Male,Munich,Software Engineer,10.0,6,Senior,Java,"Javascript / Typescript, Go",88000.0,120000.0,86000.0,115000,30,Full-time employee,Unlimited contract,English,1000+,Product,No,,,208000.0,Java,30-34
435,24/11/2020 21:14:25,31.0,Male,Berlin,DevOps,11.0,4,Senior,Terraform,"PHP, SQL, AWS, Docker",81000.0,0.0,75000.0,0,28,Full-time employee,Unlimited contract,English,101-1000,Startup,No,30.0,0,81000.0,Terraform,30-34
436,24/11/2020 21:16:30,29.0,Male,Cracovia,Frontend Developer,2.0,,Middle,JavaScript,"Javascript / Typescript, Angular",18700.0,19200.0,16000.0,16300,22,Full-time employee,Unlimited contract,Polish,1000+,Product,No,0.0,0,37900.0,JavaScript,25-29
437,24/11/2020 21:21:56,26.0,Male,Berlin,Marketing Analyst,7.0,2,Middle,SQL,"Python, Javascript / Typescript, Google Cloud",60000.0,5000.0,,48000,27,Full-time employee,Unlimited contract,English,101-1000,Startup,No,0.0,0,65000.0,SQL,25-29
438,24/11/2020 21:28:26,29.0,Male,Berlin,Software Engineer,5.0,"1,5",Middle,PHP,"Javascript / Typescript, SQL, Docker",56000.0,0.0,,,30,Full-time employee,Unlimited contract,English,11-50,Product,No,,500,56000.0,PHP,25-29
439,24/11/2020 21:34:09,30.0,Male,Hamburg,Frontend Developer,7.0,1,Senior,JavaScript,Javascript / Typescript,55000.0,0.0,,,28,Full-time employee,Unlimited contract,English,101-1000,Product,No,20.0,,55000.0,JavaScript,30-34
440,24/11/2020 21:34:10,38.0,Male,Berlin,Mobile Developer,10.0,4,Senior,Swift,"Swift, Objective-C",70000.0,0.0,70000.0,5000,24,Full-time employee,Unlimited contract,English,1000+,Product,Yes,0.0,0,70000.0,Swift,35-39
441,24/11/2020 21:36:24,32.0,Male,Berlin,CTO,10.0,4,CTO,JAVA,"Python, C/C++",200000.0,200000.0,,,28,Full-time employee,Unlimited contract,English,101-1000,Product,Yes,,,400000.0,JAVA,30-34
442,24/11/2020 21:37:44,25.0,Male,Berlin,Solutions Architect,6.0,2,Middle,Apache Spark,"Python, Java / Scala",100000.0,20000.0,73000.0,0,30,Full-time employee,Unlimited contract,English,1000+,Product,No,0.0,400,120000.0,Apache Spark,25-29
443,24/11/2020 21:38:24,24.0,Male,Berlin,Backend Developer,3.0,0,Junior,C#,"Javascript / Typescript, .NET, Kubernetes, Docker",48000.0,0.0,,,28,Full-time employee,Temporary contract,English,1000+,Game Company,No,,,48000.0,C#,18-24
444,24/11/2020 21:39:12,24.0,Male,Tallinn,Software Engineer,3.0,0,Junior,Java,"Python, SQL",30000.0,0.0,28800.0,0,28,Full-time employee,Unlimited contract,English,11-50,Product,No,,,30000.0,Java,18-24
445,24/11/2020 21:45:48,27.0,Male,Prague,Software Engineer,3.0,0,Middle,.NET,"Javascript / Typescript, Java / Scala, SQL",21120.0,3520.0,16560.0,2760,21,Full-time employee,Temporary contract,Czech,11-50,Product,No,,,24640.0,.NET,25-29
446,24/11/2020 21:47:25,34.0,Female,Berlin,QA Engineer,6.0,2,Senior,Ruby,"Ruby, Java / Scala, AWS, Kubernetes, Docker",67500.0,0.0,61400.0,0,30,Full-time employee,Unlimited contract,English,1000+,Product,No,,,67500.0,Ruby,30-34
447,24/11/2020 21:47:33,30.0,Male,Utrecht,Data Scientist,2.0,0,Middle,python,Google Cloud,48000.0,10000.0,41000.0,6000,25,Full-time employee,Temporary contract,English,1000+,Product,No,,,58000.0,python,30-34
448,24/11/2020 21:52:03,27.0,Female,Munich,Frontend Developer,2.0,2,Middle,JavaScript,Javascript / Typescript,64000.0,0.0,50000.0,0,28,Full-time employee,Unlimited contract,English,101-1000,Startup,No,,,64000.0,JavaScript,25-29
449,24/11/2020 22:04:32,46.0,Male,Frankfurt,Software Engineer,23.0,16,Senior,C#,"C/C++, Javascript / Typescript, .NET, SQL, Azure",90000.0,96000.0,76000.0,82000,30,Full-time employee,Unlimited contract,German,1000+,Consulting / Agency,No,40.0,,186000.0,C#,40-49
450,24/11/2020 22:06:59,48.0,Male,Berlin,Senior Network&Security Eng.,,17,Senior,"Computer Networking,  Network Security ",SQL,68500.0,0.0,,0,26,Full-time employee,Unlimited contract,English,1000+,Startup,No,8.0,0,68500.0,Computer Networking  Network Security,40-49
451,24/11/2020 22:08:31,42.0,Female,Munich,Software tester ,12.0,12,No level ,Java,,47500.0,47500.0,39000.0,39000,28,Part-time employee,Unlimited contract,German,51-100,Product,No,10.0,0,95000.0,Java,40-49
452,24/11/2020 22:10:34,40.0,Female,Berlin,Fullstack Developer,8.0,8,Senior,C#,"PHP, Javascript / Typescript, .NET, SQL, Azure, Kubernetes, Docker, React, Angular2+",57000.0,1500.0,54000.0,100,26,Full-time employee,Unlimited contract,German,51-100,Product,No,,,58500.0,C#,40-49
453,24/11/2020 22:17:23,23.0,Male,Stockholm,Frontend Developer,5.0,1.5,Senior,Javascript,Javascript / Typescript,45600.0,45600.0,,,30,Full-time employee,Unlimited contract,English,up to 10,Consulting / Agency,No,,,91200.0,Javascript,18-24
454,24/11/2020 22:22:57,33.0,Male,Berlin,Software Engineer,,10,Senior,Java,"Java / Scala, Google Cloud, Kubernetes, Docker",90000.0,9000.0,78000.0,0,25,Full-time employee,Unlimited contract,English,1000+,Product,No,8.0,180,99000.0,Java,30-34
455,24/11/2020 22:28:07,30.0,Male,Moscow,Backend Developer,2.0,0,Junior,Elixir,,50000.0,55000.0,18000.0,18000,30,Self-employed (freelancer),Unlimited contract,English,101-1000,Product,No,,,105000.0,Elixir,30-34
456,24/11/2020 22:34:48,40.0,Male,Braunschweig ,SAP BW Senior Consultant ,11.0,11,Senior,SAP BW / ABAP,SAP / ABAP,75000.0,5000.0,72000.0,4800,30,Full-time employee,Unlimited contract,German,1000+,Financial ,No,,,80000.0,SAP BW,40-49
457,24/11/2020 22:41:24,38.0,Male,Dresden,Software Engineer,10.0,10,Lead,"Go, PHP, SQL","PHP, SQL, Go, AWS, Docker",62000.0,0.0,,,30,Full-time employee,Unlimited contract,German,51-100,Product,No,,,62000.0,Go PHP SQL,35-39
458,24/11/2020 22:46:49,28.0,Male,Kyiv,Mobile Developer,5.0,0,Senior,Swift,"Swift, Google Cloud",45000.0,0.0,30000.0,,20,Full-time employee,Unlimited contract,English,11-50,Product,No,,,45000.0,Swift,25-29
459,24/11/2020 22:52:26,38.0,Male,Berlin,Software Engineer,16.0,2,Senior,ABAP,"PHP, SQL, SAP / ABAP, Delphi",83000.0,11000.0,80000.0,80000,27,Full-time employee,Unlimited contract,English,1000+,Startup,No,0.0,700,94000.0,ABAP,35-39
460,24/11/2020 23:09:13,32.0,Male,Hamburg,Software Engineer,12.0,7,Senior,Java,"Kotlin, PHP, Javascript / Typescript, Java / Scala",66300.0,1000.0,65000.0,1000,28,Full-time employee,Unlimited contract,German,101-1000,Product,No,,2000,67300.0,Java,30-34
461,24/11/2020 23:20:02,33.0,Female,Berlin,Software Engineer,6.0,3,Middle,java,"SQL, AWS, Kubernetes, Docker",65000.0,0.0,54000.0,,28,Full-time employee,Unlimited contract,English,1000+,Startup,No,30.0,500,65000.0,java,30-34
462,24/11/2020 23:38:34,34.0,Male,Berlin,Software Engineer,13.0,4,Lead,Kotlin ,"Python, Kotlin, C/C++, Java / Scala",85000.0,0.0,,,32,Full-time employee,Unlimited contract,English,1000+,Product,No,,600,85000.0,Kotlin,30-34
463,24/11/2020 23:40:13,35.0,Female,Stuttgart ,QA Manager ,9.0,4,Middle,Jira,,60000.0,0.0,60000.0,0,30,Full-time employee,Unlimited contract,English,101-1000,Consulting / Agency,No,,No,60000.0,Jira,35-39
464,24/11/2020 23:42:24,37.0,Male,Stuttgart ,Software Engineer,9.0,5,Senior,Qml,C/C++,60000.0,0.0,60000.0,0,30,Full-time employee,Unlimited contract,English,101-1000,Consulting / Agency,No,,No,60000.0,Qml,35-39
465,24/11/2020 23:44:21,40.0,Male,Stuttgart,Software Engineer,14.0,14,Senior,C,C/C++,95000.0,0.0,,,,Full-time employee,Unlimited contract,German,1000+,Product,No,0.0,0,95000.0,C,40-49
466,24/11/2020 23:59:07,33.0,Male,Berlin,Director of Engineering,10.0,5,Director,PHP,"PHP, Javascript / Typescript, Java / Scala, SQL, AWS, Docker",100000.0,0.0,84000.0,0,30,Full-time employee,Unlimited contract,English,1000+,Product,No,32.0,0,100000.0,PHP,30-34
467,25/11/2020 00:01:55,36.0,Male,Munich,IT Spezialist,15.0,6,Senior,AWS,"Javascript / Typescript, Java / Scala, AWS, Docker",79300.0,11900.0,73000.0,6000,30,Full-time employee,Unlimited contract,German,1000+,Product,No,0.0,,91200.0,AWS,35-39
468,25/11/2020 00:01:59,31.0,Female,Berlin,Product Manager,,1,Senior,,,60000.0,0.0,,,20,Full-time employee,Unlimited contract,English,1000+,Product,No,,,60000.0,,30-34
469,25/11/2020 00:09:51,27.0,Male,Frankfurt,Software Engineer,5.0,3,Middle,C#/.NET,"C/C++, SQL, VBA",48000.0,0.0,45000.0,0,28,Full-time employee,Unlimited contract,English,up to 10,Consulting / Agency,No,,0,48000.0,C#,25-29
470,25/11/2020 00:41:34,28.0,Male,Berlin,Software Engineer,6.0,2,Middle,PHP,"Javascript / Typescript, SQL, Go, Docker",60000.0,0.0,60000.0,0,26,Full-time employee,Unlimited contract,English,101-1000,E-commerce,No,40.0,0,60000.0,PHP,25-29
471,25/11/2020 01:12:28,23.0,Male,Warsaw,Software Engineer,4.0,0,Middle,PHP,"Javascript / Typescript, SQL, Docker",34000.0,0.0,,,28,Full-time employee,Temporary contract,English,up to 10,Product,No,,,34000.0,PHP,18-24
472,25/11/2020 01:29:48,31.0,Female,Berlin,QA Engineer,11.0,1.5,Middle,JS,"Ruby, SQL",57000.0,,55000.0,"learning budget, bvg, gym, food",30,Full-time employee,Unlimited contract,English,101-1000,Startup,No,0.0,0,,JS,30-34
473,25/11/2020 03:27:34,,,Berlin,,,,,,,99999999999.0,0.0,,,,,,,,,,,,99999999999.0,,
474,25/11/2020 05:58:16,34.0,Male,Tallinn,Software Engineer,12.0,0,Middle,PHP,"Javascript / Typescript, SQL, Go, Docker",54000.0,0.0,,,28,Full-time employee,Unlimited contract,English,101-1000,Product,No,0.0,,54000.0,PHP,30-34
475,25/11/2020 06:05:32,34.0,Male,Berlin,Software Engineer,10.0,2,Senior,.Net,Python,60000.0,0.0,55000.0,,28,Full-time employee,Unlimited contract,English,11-50,Product,No,,,60000.0,.Net,30-34
476,25/11/2020 06:26:53,29.0,Male,Tallinn,Mobile Developer,7.0,,Senior,Android,Kotlin,65000.0,20000.0,65000.0,12000,28,Full-time employee,Unlimited contract,English,101-1000,Startup,No,32.0,,85000.0,Android,25-29
477,25/11/2020 07:05:35,38.0,Male,Munich,Software Engineer,15.0,5,Senior,Javascript,"Javascript / Typescript, .NET, SQL, AWS, Kubernetes, Docker",80000.0,6000.0,78000.0,5000,30,Full-time employee,Unlimited contract,English,51-100,Corporation,No,,,86000.0,Javascript,35-39
478,25/11/2020 07:27:58,25.0,Female,Berlin,Frontend Developer,4.0,1,Middle,Javascript / Typescript,NodeJS,60000.0,0.0,,,23,Full-time employee,Unlimited contract,English,11-50,Startup,Yes,,,60000.0,Javascript,25-29
479,25/11/2020 07:38:11,28.0,Male,Berlin,Frontend Developer,6.0,1,Senior,JavaScript,"Javascript / Typescript, Docker",66000.0,0.0,,0,24,Full-time employee,Unlimited contract,English,,,No,,,66000.0,JavaScript,25-29
480,25/11/2020 07:46:34,23.0,Male,Berlin,Software Engineer,3.0,3,Middle,JavaScript,AWS,60000.0,6000.0,52000.0,0,30,Full-time employee,Unlimited contract,English,1000+,Product,No,,,66000.0,JavaScript,18-24
481,25/11/2020 07:56:59,30.0,Male,Munich,Software Engineer,10.0,4,Senior,.NET,"Python, Javascript / Typescript, Azure",75000.0,5000.0,75000.0,7000,30,Full-time employee,Unlimited contract,English,1000+,Product,No,,,80000.0,.NET,30-34
482,25/11/2020 08:05:37,32.0,Male,Berlin,Engineering Manager,10.0,5,Middle,JavaScript,"Javascript / Typescript, Ruby, Kubernetes, Docker",85000.0,0.0,78000.0,,24,Full-time employee,Unlimited contract,English,101-1000,Product,No,,700,85000.0,JavaScript,30-34
483,25/11/2020 08:08:50,28.0,Male,Berlin,Frontend Developer,2.0,2,Junior,JavaScript,"Javascript / Typescript, Google Cloud",47000.0,0.0,46000.0,,26,Full-time employee,Unlimited contract,German,1000+,Publishing and Technology,No,,,47000.0,JavaScript,25-29
484,25/11/2020 08:12:21,31.0,Male,Berlin,ML Engineer,4.0,4,Junior,python,"Python, Java / Scala, AWS",62000.0,8000.0,50000.0,0,30,Full-time employee,Unlimited contract,German,1000+,Product,No,0.0,0,70000.0,python,30-34
485,25/11/2020 08:17:18,29.0,Male,Berlin,Designer (UI/UX),6.0,2,Middle,,,56000.0,0.0,54000.0,,28,Full-time employee,Unlimited contract,English,11-50,Startup,No,15.0,,56000.0,,25-29
486,25/11/2020 08:35:46,40.0,Female,Berlin,Software Engineer,15.0,"1,5",Junior,JavaScript ,Ruby,50000.0,0.0,40000.0,5000,30,Full-time employee,Unlimited contract,English,51-100,Startup,No,,1200,50000.0,JavaScript,40-49
487,25/11/2020 08:39:38,42.0,Male,Berlin,Software Engineer,17.0,9,Senior,Go,"Ruby, AWS, Kubernetes, Docker",75000.0,8000.0,73000.0,3000,28,Full-time employee,Unlimited contract,English,101-1000,Startup,No,,,83000.0,Go,40-49
488,25/11/2020 08:43:21,40.0,Male,Berlin,Product Manager,13.0,9,Head,,SQL,90000.0,10000.0,75000.0,,30,Full-time employee,Unlimited contract,English,1000+,Product,No,,300,100000.0,,40-49
489,25/11/2020 08:47:15,27.0,Male,Berlin,Software Engineer,6.0,3,Middle,Java,"C/C++, Kubernetes, Docker",82000.0,12000.0,94000.0,92000,30,Full-time employee,Unlimited contract,English,1000+,Product,No,,1300,94000.0,Java,25-29
490,25/11/2020 08:47:37,29.0,Male,Munich,Software Engineer,8.0,6,Middle,PHP,"Javascript / Typescript, SQL",75000.0,0.0,66000.0,,30,Full-time employee,Unlimited contract,English,1000+,Product,No,0.0,0,75000.0,PHP,25-29
491,25/11/2020 08:47:37,37.0,Male,Malta,Software Architect,18.0,,Head,Go,"Google Cloud, Kubernetes, Docker, Shell",156000.0,0.0,156000.0,0,0,Self-employed (freelancer),Unlimited contract,English,11-50,Startup,No,,,156000.0,Go,35-39
492,25/11/2020 08:54:22,23.0,Male,Berlin,Software Engineer,5.0,0,Middle,Python,"Python, C/C++, Javascript / Typescript, SQL, Docker",53000.0,0.0,,,30,Full-time employee,Unlimited contract,English,101-1000,Product,No,,,53000.0,Python,18-24
493,25/11/2020 08:55:24,35.0,Male,Munich,Backend Developer,14.0,2.5,Senior,Java,"Kotlin, Java / Scala, SQL, Kubernetes, Docker",77000.0,0.0,69300.0,0,30,Full-time employee,Unlimited contract,English,101-1000,Startup,No,,,77000.0,Java,35-39
494,25/11/2020 09:00:23,39.0,Male,Berlin,Manager,11.0,9,Head,Python ,"Python, Kotlin, Java / Scala, AWS",180000.0,150000.0,130000.0,120000,28,Full-time employee,Unlimited contract,English,1000+,Product,No,0.0,0,330000.0,Python,35-39
495,25/11/2020 09:03:05,33.0,Male,Lübeck,Software Engineer,10.0,1,Middle,C#,"Javascript / Typescript, .NET",55000.0,0.0,,,27,Full-time employee,Unlimited contract,German,101-1000,Product,No,,,55000.0,C#,30-34
496,25/11/2020 09:04:25,31.0,Male,Berlin,Software Engineer,10.0,4,Lead,Python,"AWS, Docker",82000.0,0.0,,,26,Full-time employee,Unlimited contract,English,101-1000,Startup,,,,82000.0,Python,30-34
497,25/11/2020 09:05:26,38.0,Male,Berlin,Data Scientist,15.0,2,Head,Python,"Python, SQL, SAP / ABAP, AWS",100000.0,120000.0,80000.0,,27,Full-time employee,Unlimited contract,English,101-1000,Startup,No,25.0,,220000.0,Python,35-39
498,25/11/2020 09:05:43,31.0,Male,Hamburg,ML Engineer,3.0,3,Lead,Python ,"Kubernetes, Docker",70000.0,0.0,65000.0,0,30,Full-time employee,Unlimited contract,English,11-50,Startup,No,,,70000.0,Python,30-34
499,25/11/2020 09:05:48,24.0,Male,Cologne,Data Scientist,1.0,1,,Python,"SQL, Google Cloud, Kubernetes, Docker",57600.0,7000.0,48000.0,7000,27,Full-time employee,Unlimited contract,English,11-50,Consulting / Agency,No,0.0,0,64600.0,Python,18-24
500,25/11/2020 09:06:43,26.0,Female,Berlin,Data Scientist,2.0,1,Junior,Python,"R, SQL, AWS, Docker",47000.0,0.0,,,25,Full-time employee,Unlimited contract,English,11-50,Consulting / Agency,No,40.0,0,47000.0,Python,25-29
501,25/11/2020 09:08:09,30.0,Male,Berlin,Software Engineer,10.0,4,Senior,Java,"PHP, Java / Scala",70000.0,0.0,70000.0,,27,Full-time employee,Unlimited contract,English,11-50,Startup,No,,,70000.0,Java,30-34
502,25/11/2020 09:14:40,33.0,Male,Munich,Software Engineer,9.0,9,Lead,Java,"Python, Kotlin, Javascript / Typescript, SQL, AWS, Docker",100000.0,0.0,100000.0,0,29,Full-time employee,Unlimited contract,German,51-100,Product,No,0.0,No,100000.0,Java,30-34
503,25/11/2020 09:15:08,33.0,Male,Munich,Software Engineer,11.0,1,Senior,Python,"Python, Javascript / Typescript, SQL, AWS",65000.0,0.0,,,28,Full-time employee,Unlimited contract,English,51-100,Startup,No,32.0,,65000.0,Python,30-34
504,25/11/2020 09:22:40,31.0,Male,Berlin,Mobile Developer,10.0,3,Senior,Swift,Swift,80000.0,13500.0,64000.0,64000,27,Full-time employee,Unlimited contract,English,1000+,Product,No,0.0,1750,93500.0,Swift,30-34
505,25/11/2020 09:24:45,33.0,Male,Nuremberg ,Data Scientist,2.0,2,Middle,Python,"R, SQL, AWS, Kubernetes, Docker",54000.0,0.0,54000.0,0,30,Full-time employee,Unlimited contract,English,1000+,Market Research ,No,,,54000.0,Python,30-34
506,25/11/2020 09:29:09,43.0,Male,Munich,Consultant ,21.0,3,Senior,Java,"Javascript / Typescript, .NET, Java / Scala, Docker",72000.0,0.0,63000.0,1000,28,Full-time employee,Unlimited contract,German,101-1000,Consulting / Agency,No,0.0,0,72000.0,Java,40-49
507,25/11/2020 09:29:24,36.0,Male,Berlin,Frontend Developer,14.0,5,Senior,Javascript,Javascript / Typescript,78000.0,0.0,70000.0,,24,Full-time employee,Unlimited contract,English,11-50,Startup,No,,,78000.0,Javascript,35-39
508,25/11/2020 09:35:28,33.0,Male,Nürnberg,Software Engineer,9.0,9,Senior,Javascript / Typescript,"Python, Java / Scala, SQL, Azure, Docker",60000.0,25000.0,60000.0,17000,30,Full-time employee,Unlimited contract,German,1000+,Consulting / Agency,No,,,85000.0,Javascript,30-34
509,25/11/2020 09:40:44,36.0,Female,Berlin,DevOps,1.0,3,Middle,java,"Kubernetes, Docker",60000.0,5000.0,58000.0,,26,Full-time employee,Unlimited contract,English,51-100,Consulting / Agency,No,,,65000.0,java,35-39
510,25/11/2020 09:44:24,27.0,Female,Munich,Mobile Developer,1.0,1,Junior,"Kotlin, Java","Kotlin, Java / Scala",50000.0,0.0,50000.0,50000,27,Full-time employee,Unlimited contract,English,11-50,Startup,No,32.0,0,50000.0,Kotlin Java,25-29
511,25/11/2020 09:45:51,33.0,Male,Berlin,Software Engineer,12.0,5,Lead,Go,"Go, AWS, Docker",120000.0,50000.0,104000.0,10000,30,Full-time employee,Unlimited contract,English,101-1000,Product,No,0.0,0,170000.0,Go,30-34
512,25/11/2020 09:49:36,33.0,Male,Berlin,Data Analyst,2.0,2,Middle,SQL,Python,62000.0,0.0,50000.0,,30,Full-time employee,Unlimited contract,English,101-1000,Product,No,,,62000.0,SQL,30-34
513,25/11/2020 09:56:50,40.0,Male,Berlin,QA Engineer,11.0,11,Senior,Python,"Python, Java / Scala",60000.0,1000.0,60000.0,1000,28,Full-time employee,Unlimited contract,German,101-1000,Product,No,,,61000.0,Python,40-49
514,25/11/2020 10:02:55,24.0,Female,Berlin,Software Engineer,2.0,2,Middle,,"Python, Javascript / Typescript, Java / Scala, SQL",58000.0,0.0,,,30,Full-time employee,Unlimited contract,German,11-50,Consulting / Agency,No,,,58000.0,,18-24
515,25/11/2020 10:15:25,40.0,Male,Bodensee,Product Manager,17.0,9,Lead,Linux Kernel,C/C++,81000.0,7000.0,81000.0,5500,30,Full-time employee,Unlimited contract,German,11-50,Product,No,0.0,1500,88000.0,Linux Kernel,40-49
516,25/11/2020 10:26:16,37.0,Male,Munich,DevOps,13.0,2,Lead,,"Ruby, SQL, Go, AWS, Kubernetes, Docker",70000.0,0.0,60000.0,,25,Full-time employee,Unlimited contract,English,11-50,Product,No,,,70000.0,,35-39
517,25/11/2020 10:31:01,35.0,Male,Frankfurt,Frontend Developer,6.0,0.5,Senior,Javascript,,80000.0,0.0,,,30,Full-time employee,Unlimited contract,English,11-50,Product,No,0.0,no,80000.0,Javascript,35-39
518,25/11/2020 10:33:07,39.0,Male,Berlin,Data Scientist,7.0,4,Senior,several,"Python, SQL, AWS, Docker, unix shell scripts",70000.0,70000.0,65000.0,65000,28,Full-time employee,Unlimited contract,English,101-1000,Startup,No,32.0,200,140000.0,several,35-39
519,25/11/2020 10:35:44,25.0,Male,Berlin,Software Engineer,6.0,2,Middle,Java,"Python, Java / Scala, Go, AWS, Kubernetes, Docker",63700.0,1600.0,60000.0,600,29,Full-time employee,Unlimited contract,English,1000+,e-commerce,No,,580,65300.0,Java,25-29
520,25/11/2020 10:37:36,27.0,Male,Berlin,Software Engineer,4.0,1,Middle,C#,"Javascript / Typescript, .NET, Azure, Docker",65000.0,0.0,,,30,Full-time employee,Unlimited contract,English,101-1000,Product,No,,,65000.0,C#,25-29
521,25/11/2020 10:42:48,30.0,Male,Berlin,Product Manager,3.0,3,Junior,,,30000.0,0.0,,,30,Full-time employee,Unlimited contract,English,11-50,Product,No,,,30000.0,,30-34
522,25/11/2020 10:44:20,28.0,Male,Berlin,Data Scientist,4.0,4,Middle,Python ,"Java / Scala, R, SQL, Docker, Julia ",70000.0,5500.0,70000.0,5500,28,Full-time employee,Unlimited contract,English,101-1000,Product,No,,250,75500.0,Python,25-29
523,25/11/2020 10:50:19,36.0,Female,Munich,Frontend Developer,10.0,3,Middle,javascript,Javascript / Typescript,48000.0,0.0,40000.0,0,30,Part-time employee,Unlimited contract,German,101-1000,Product,No,,,48000.0,javascript,35-39
524,25/11/2020 10:53:48,29.0,Female,Berlin,Software Developer in Test,9.0,4,Lead,Java,"Javascript / Typescript, SQL, Docker",66000.0,0.0,60000.0,0,25,Full-time employee,Unlimited contract,English,101-1000,Startup,No,,,66000.0,Java,25-29
525,25/11/2020 10:53:55,37.0,Male,Berlin,Data Analyst,3.0,1,,Python,SQL,67000.0,0.0,,,21,Full-time employee,Unlimited contract,English,1000+,Product,No,,,67000.0,Python,35-39
526,25/11/2020 10:55:15,34.0,Male,Berlin,Mobile Developer,10.0,0.5,Senior,Android/Kotlin,"Kotlin, Java / Scala",70000.0,0.0,,,28,Full-time employee,Unlimited contract,English,51-100,Product,No,,,70000.0,Android,30-34
527,25/11/2020 10:56:28,28.0,Female,Berlin,Data Scientist,4.0,4,Middle,Python,"Python, SQL, Docker",65000.0,4000.0,56000.0,56000,27,Full-time employee,Unlimited contract,English,101-1000,,No,,1000,69000.0,Python,25-29
528,25/11/2020 10:58:00,39.0,Male,Munich,Software Architect,20.0,12,Lead,embedded,"C/C++, Clojure, Assembly",122000.0,45000.0,118000.0,46000,28,Full-time employee,Unlimited contract,English,1000+,Product,No,,200,167000.0,embedded,35-39
529,25/11/2020 10:58:13,,Male,Berlin,Software Engineer,15.0,,Senior,Java,,150000.0,150000.0,,,,Full-time employee,,English,,,No,,,300000.0,Java,
530,25/11/2020 11:03:17,,Male,Leipzig,Frontend Developer,,6,Middle,JavaScript,PHP,40800.0,3400.0,,,28,Full-time employee,Unlimited contract,German,101-1000,Product,No,30.0,,44200.0,JavaScript,
531,25/11/2020 11:07:02,32.0,Male,Berlin,Software Engineer,6.0,0,Middle,PHP,"Python, PHP, Javascript / Typescript, SQL, AWS, Kubernetes, Docker",58000.0,0.0,,,30,Full-time employee,Temporary contract,German,1000+,Product,Yes,,,58000.0,PHP,30-34
532,25/11/2020 11:08:17,37.0,Male,Berlin,QA Engineer,6.0,6,Middle,Java/Groovy,"AWS, Docker",69200.0,0.0,67100.0,0,28,Full-time employee,Unlimited contract,English,101-1000,SaaS,No,,,69200.0,Java,35-39
533,25/11/2020 11:11:06,32.0,Male,Munich,Software Engineer,7.0,1,Senior,Python ,"Python, Javascript / Typescript, SQL, Docker",72000.0,0.0,65000.0,0,29,Full-time employee,Unlimited contract,English,11-50,Startup,No,0.0,1500,72000.0,Python,30-34
534,25/11/2020 11:13:31,28.0,Male,Berlin,Technical account manager ,4.0,2,Key,,,57000.0,0.0,45000.0,,Unlimited ,Full-time employee,Unlimited contract,English,101-1000,Product,No,,500,57000.0,,25-29
535,25/11/2020 11:15:53,35.0,Male,Munich,Software Engineer,16.0,8,Lead,PHP,"Javascript / Typescript, SQL, AWS, Kubernetes, Docker",84000.0,0.0,79000.0,,28,Full-time employee,Unlimited contract,English,101-1000,Product,No,36.0,,84000.0,PHP,35-39
536,25/11/2020 11:18:27,26.0,Male,Berlin,Data Scientist,5.0,3,Middle,Python ,"SQL, AWS, Kubernetes, Docker",59000.0,0.0,55000.0,0,26,Full-time employee,Unlimited contract,English,101-1000,Startup,No,,300,59000.0,Python,25-29
537,25/11/2020 11:18:46,32.0,Male,Berlin,Frontend Developer,7.0,1,Middle,Typescript,"Java / Scala, Kubernetes, Docker",68000.0,0.0,,,30,Full-time employee,Unlimited contract,English,101-1000,Startup,No,,,68000.0,Typescript,30-34
538,25/11/2020 11:20:58,29.0,Male,Berlin,Data Engineer,5.0,5,Middle,Python,"Python, Java / Scala, SQL, AWS, Kubernetes, Docker",68000.0,0.0,55000.0,,,Full-time employee,Unlimited contract,English,1000+,Startup,No,28.0,1000,68000.0,Python,25-29
539,25/11/2020 11:21:08,36.0,Male,Berlin,Software Engineer,10.0,10,Senior,typescript,"Javascript / Typescript, .NET, Azure",88000.0,0.0,80000.0,0,28,Full-time employee,Unlimited contract,German,1000+,Product,No,,,88000.0,typescript,35-39
540,25/11/2020 11:22:06,26.0,Male,Berlin,Software Engineer,5.0,2,Middle,Swift,,71000.0,0.0,65000.0,,27,Full-time employee,Unlimited contract,English,1000+,Product,No,24.0,,71000.0,Swift,25-29
541,25/11/2020 11:24:14,28.0,Male,Berlin,Data Engineer,5.0,1,Middle,Scala,Java / Scala,65000.0,0.0,60000.0,0,30,Full-time employee,Unlimited contract,English,101-1000,Product,No,,500,65000.0,Scala,25-29
542,25/11/2020 11:29:28,36.0,Male,Berlin,Data Scientist,5.0,5,Middle,python,"Python, SQL, AWS, Google Cloud",50000.0,15000.0,,,30,Full-time employee,Unlimited contract,English,101-1000,Startup,No,,,65000.0,python,35-39
543,25/11/2020 11:30:04,40.0,Male,Munich,Software Engineer,18.0,18,Senior,java,"AWS, Docker",160000.0,0.0,160000.0,,15,Self-employed (freelancer),Temporary contract,German,up to 10,Consulting / Agency,No,,,160000.0,java,40-49
544,25/11/2020 11:37:31,29.0,Male,Milan,Data Scientist,4.0,0,Middle,Python + SQL,"Python, SQL, Spark",37500.0,0.0,35000.0,0,16,Full-time employee,Unlimited contract,Italian,101-1000,Consulting / Agency,No,,,37500.0,Python + SQL,25-29
545,25/11/2020 11:39:11,32.0,Male,Berlin,Software Engineer,10.0,5,Middle,javascript,"Javascript / Typescript, SQL, AWS, Docker",65000.0,5000.0,65000.0,0,24,Full-time employee,Unlimited contract,English,51-100,Startup,No,25.0,,70000.0,javascript,30-34
546,25/11/2020 11:41:13,28.0,Male,Munich,Software Engineer,5.0,4,Middle,Java,"Javascript / Typescript, Java / Scala, AWS, Docker",56000.0,8000.0,52000.0,7000,25,Full-time employee,Unlimited contract,English,11-50,Startup,No,,0,64000.0,Java,25-29
547,25/11/2020 11:42:08,27.0,Male,Berlin,DevOps,7.0,3.5,Senior,Go,"Python, PHP, AWS, Google Cloud, Kubernetes, Docker",80000.0,0.0,75000.0,,26,Full-time employee,Unlimited contract,English,101-1000,Startup,No,20.0,No,80000.0,Go,25-29
548,25/11/2020 11:47:34,33.0,Male,Berlin,Software Engineer,16.0,5,Senior,Java,"Python, Kotlin, Java / Scala, Go, Rust, AWS, Kubernetes, Docker",83000.0,17000.0,80000.0,10000,27,Full-time employee,Unlimited contract,English,1000+,Product,No,,700,100000.0,Java,30-34
549,25/11/2020 11:48:54,34.0,Male,Munich,QA Engineer,5.0,2,Senior,Java,"Kotlin, Swift",76500.0,0.0,72000.0,0,3,Full-time employee,Unlimited contract,English,1000+,Product,No,0.0,0,76500.0,Java,30-34
550,25/11/2020 11:49:21,31.0,Male,Berlin,Frontend Developer,8.0,3.5,Senior,Typescript,"Javascript / Typescript, Google Cloud, Kubernetes, Docker",60000.0,0.0,55000.0,0,30,Full-time employee,Unlimited contract,English,11-50,Product,No,0.0,0,60000.0,Typescript,30-34
551,25/11/2020 11:51:49,31.0,Male,Munich,Frontend Developer,8.0,3,Senior,"Typescript, Web apps",Javascript / Typescript,79000.0,5000.0,67000.0,,30,Full-time employee,Unlimited contract,English,1000+,Product,No,,,84000.0,Typescript Web apps,30-34
552,25/11/2020 11:54:11,31.0,Male,Berlin,Data Scientist,5.0,3,Middle,Python,"Python, Java / Scala, SQL, AWS, Docker",90000.0,18000.0,90000.0,12000,27,Full-time employee,Unlimited contract,English,101-1000,Product,No,,,108000.0,Python,30-34
553,25/11/2020 11:54:25,27.0,Male,Berlin,ML Engineer,6.0,1,Middle,Python,AWS,82000.0,38500.0,78000.0,0,28,Full-time employee,Unlimited contract,English,1000+,Product,Yes,,,120500.0,Python,25-29
554,25/11/2020 11:56:27,31.0,Male,Hamburg,Data Scientist,9.0,9,Middle,Python,"Python, Docker",50000.0,0.0,48000.0,0,23,,Unlimited contract,German,up to 10,Product,No,,,50000.0,Python,30-34
555,25/11/2020 11:57:58,29.0,Male,Berlin,Backend Developer,10.0,5,Senior,Scala,"Java / Scala, SQL, Go, Google Cloud, Kubernetes, Docker",78000.0,2000.0,75000.0,,30,Full-time employee,Unlimited contract,English,11-50,Startup,No,,,80000.0,Scala,25-29
556,25/11/2020 12:01:50,39.0,Male,Berlin,Software Engineer,6.0,1,Senior,PHP,"Javascript / Typescript, SQL, AWS, Docker",60000.0,0.0,,,25,Full-time employee,Unlimited contract,English,101-1000,Product,No,32.0,,60000.0,PHP,35-39
557,25/11/2020 12:04:41,35.0,Male,Berlin,Frontend Developer,10.0,3,Senior,JavaScript,Javascript / Typescript,75000.0,0.0,70000.0,,30,Full-time employee,Unlimited contract,English,1000+,Startup,No,,,75000.0,JavaScript,35-39
558,25/11/2020 12:05:48,38.0,Male,Berlin,Tech Leader,24.0,1,Head,Java,"Kotlin, PHP, Swift, Javascript / Typescript, Java / Scala, Clojure, R, Rust, AWS, Google Cloud, Azure, Kubernetes, Docker",130000.0,0.0,,,30,Full-time employee,Unlimited contract,English,101-1000,Product,Yes,,,130000.0,Java,35-39
559,25/11/2020 12:06:58,31.0,Male,Salzburg,Chief Research Officer,10.0,2,C-level executive manager,Python,"Python, C/C++, AWS, Kubernetes, Docker",115000.0,25000.0,81000.0,5000,25,Full-time employee,Unlimited contract,English,51-100,Startup,No,0.0,0,140000.0,Python,30-34
560,25/11/2020 12:15:16,32.0,Male,Berlin,QA Engineer,7.0,3.5,Senior,Swift,Javascript / Typescript,65000.0,0.0,62000.0,3000,24,Full-time employee,Temporary contract,English,51-100,Startup,No,,,65000.0,Swift,30-34
561,25/11/2020 12:20:23,35.0,Male,Berlin,SRE,10.0,3,Senior,Terraform ,"Python, AWS, Kubernetes",75000.0,10000.0,75000.0,0,28,Full-time employee,Unlimited contract,English,101-1000,Product,No,,300,85000.0,Terraform,35-39
562,25/11/2020 12:21:48,28.0,Male,Rome,ML Engineer,2.0,0,Middle,Java,"Python, C/C++",36000.0,2400.0,28000.0,0,36,Full-time employee,Unlimited contract,English,1000+,Product,No,0.0,0,38400.0,Java,25-29
563,25/11/2020 12:23:50,30.0,Female,Berlin,Data Scientist,6.0,5,Senior,python,"Python, SQL, Google Cloud, Kubernetes, Docker",76000.0,10000.0,63000.0,63000,27,Full-time employee,Unlimited contract,English,1000+,Product,No,,700,86000.0,python,30-34
564,25/11/2020 12:27:53,30.0,Male,Berlin,Data Engineer,5.0,4,Lead,,Python,90000.0,1150000.0,75000.0,98000,26,Full-time employee,Unlimited contract,English,1000+,Product,No,,700,1240000.0,,30-34
565,25/11/2020 12:29:33,26.0,Male,Berlin,Data Engineer,2.0,2,Middle,Python,"Python, SQL, AWS, Google Cloud, Kubernetes, Docker",54000.0,1000.0,31000.0,31000,27,Full-time employee,Unlimited contract,English,1000+,Product,No,,700,55000.0,Python,25-29
566,25/11/2020 12:41:42,25.0,Male,Berlin,Data Engineer,3.0,3,Senior,Scala,"Python, Java / Scala, SQL, Go, AWS, Google Cloud, Kubernetes, Docker",65000.0,10000.0,58000.0,0,27,Full-time employee,Unlimited contract,English,1000+,Product,No,0.0,700,75000.0,Scala,25-29
567,25/11/2020 12:44:08,30.0,Male,Berlin,Product Manager,3.0,3,Junior,,,30000.0,0.0,,,30,Full-time employee,Unlimited contract,English,11-50,Product,No,,,30000.0,,30-34
568,25/11/2020 12:44:24,27.0,Male,Berlin,DevOps,4.0,4,Middle,AWS,"Python, AWS, Docker",66000.0,6000.0,61200.0,67200,30,Full-time employee,Unlimited contract,English,101-1000,Consulting / Agency,No,,,72000.0,AWS,25-29
569,25/11/2020 12:47:31,28.0,Male,Berlin,Product Manager,7.0,0,Head,,,60000.0,9000.0,,,28,Full-time employee,Unlimited contract,English,101-1000,Product,No,0.0,,69000.0,,25-29
570,25/11/2020 13:02:51,22.0,Male,Berlin,Presales Engineer ,4.0,4,Middle,"Java, .Net",".NET, Java / Scala, SQL, Go, AWS, Docker",63000.0,0.0,,,30,Full-time employee,Unlimited contract,English,101-1000,Startup,No,,,63000.0,Java .Net,18-24
571,25/11/2020 13:03:32,37.0,Female,Berlin,Data Scientist,2.0,2,Middle,Python,"R, SQL, AWS",62000.0,0.0,58000.0,600,30,Full-time employee,Unlimited contract,German,101-1000,Publisher,No,0.0,0,62000.0,Python,35-39
572,25/11/2020 13:05:32,25.0,Male,Berlin,Data Scientist,1.0,0.5,Junior,"Python, statistics, SQL","Python, SQL, Google Cloud, Docker",51000.0,10000.0,,,28,Full-time employee,Unlimited contract,English,1000+,Product,No,,,61000.0,Python statistics SQL,25-29
573,25/11/2020 13:12:26,33.0,Male,Berlin,Backend Developer,11.0,4,Senior,Scala,"Java / Scala, AWS, Kubernetes, Docker",154000.0,0.0,110000.0,,22,Self-employed (freelancer),Temporary contract,German,11-50,Startup,No,35.0,,154000.0,Scala,30-34
574,25/11/2020 13:16:43,38.0,Male,Berlin,Freelance AI lead / advisor,20.0,7,Head,C,"Python, C/C++, Docker",200000.0,200000.0,80000.0,80000,0,Self-employed (freelancer),0,English,up to 10,Consulting / Agency,Yes,,,400000.0,C,35-39
575,25/11/2020 13:20:02,31.0,Male,Berlin,Data Scientist,6.0,2.5,Senior,,"Python, SQL, AWS, Docker",78000.0,0.0,76000.0,,,Full-time employee,Unlimited contract,English,1000+,E-commerce,No,,,78000.0,,30-34
576,25/11/2020 13:26:21,24.0,Male,Munich,Data Scientist,1.0,1,Junior,C++,"Python, C/C++, Swift, Java / Scala, R, SQL, Go, AWS, Google Cloud, Azure, Kubernetes, Docker",300000.0,0.0,,,,Full-time employee,,English,101-1000,Startup,No,10.0,,300000.0,C++,18-24
577,25/11/2020 13:37:21,28.0,Male,Berlin,DevOps,10.0,7,Lead,,AWS,78000.0,0.0,,,,,,English,101-1000,Product,No,,,78000.0,,25-29
578,25/11/2020 13:37:26,25.0,Male,Berlin,Software Engineer,5.0,1,Senior,Node.js,"Javascript / Typescript, Google Cloud, Kubernetes",57000.0,0.0,,,24,Full-time employee,Temporary contract,English,up to 10,Consulting / Agency,No,0.0,0,57000.0,Node.js,25-29
579,25/11/2020 13:39:11,26.0,Female,Berlin,Data Scientist,4.0,1,Middle,"Sql, BQ, tableau, gtm, ga","Python, Javascript / Typescript, SQL",45000.0,0.0,45000.0,0,25,Full-time employee,Temporary contract,English,101-1000,Startup,Yes,,No,45000.0,Sql BQ tableau gtm ga,25-29
580,25/11/2020 13:41:37,29.0,Male,Berlin,Frontend Developer,3.0,3,Middle,React ,Javascript / Typescript,43000.0,4300.0,43000.0,4000,28,Full-time employee,Unlimited contract,English,51-100,Product,No,,,47300.0,React,25-29
581,25/11/2020 13:41:50,22.0,Female,Berlin,Business Development Manager Operations ,4.0,1,Middle,Business Development Manager Operation ,,39000.0,0.0,39000.0,,24,Full-time employee,Temporary contract,English,1000+,Startup,No,0.0,No,39000.0,Business Development Manager Operation,18-24
582,25/11/2020 13:43:52,30.0,Male,Berlin,Frontend Developer,4.0,2,Senior,TypeScript,Javascript / Typescript,73000.0,0.0,70000.0,0,26,Full-time employee,Unlimited contract,English,101-1000,Product,No,32.0,0,73000.0,TypeScript,30-34
583,25/11/2020 13:45:22,30.0,Male,Berlin,Frontend Developer,11.0,5,Senior,Typescript,Java / Scala,74000.0,11000.0,72000.0,10000,28,Full-time employee,Unlimited contract,English,1000+,Product,No,,900,85000.0,Typescript,30-34
584,25/11/2020 13:45:45,28.0,Female,Amsterdam,Program Manager,10.0,3,Senior,Management,,86000.0,30000.0,75000.0,5000,31,Full-time employee,Unlimited contract,English,1000+,Product,No,,400 / month,116000.0,Management,25-29
585,25/11/2020 13:49:33,29.0,Male,Berlin,Frontend Developer,9.0,1,Senior,Javascript / Typescript,"Python, Javascript / Typescript, SQL, Perl, Docker",74000.0,0.0,,,30,Full-time employee,Unlimited contract,English,1000+,Startup,No,,,74000.0,Javascript,25-29
586,25/11/2020 13:50:55,32.0,Male,Cologne,DevOps,10.0,1,Middle,Bash,"Python, Google Cloud",55000.0,55000.0,,,28,Full-time employee,Unlimited contract,English,101-1000,Product,No,,,110000.0,Bash,30-34
587,25/11/2020 13:51:21,36.0,Male,Berlin,Researcher,4.0,4,Middle,C++,"Python, C/C++",40000.0,0.0,37000.0,,28,Full-time employee,Temporary contract,English,up to 10,University,No,,,40000.0,C++,35-39
588,25/11/2020 13:51:32,32.0,Male,Hamburg,Product Manager,7.0,2,Senior,,SQL,85000.0,5000.0,85000.0,5000,27,Full-time employee,Unlimited contract,English,101-1000,Product,No,,350,90000.0,,30-34
589,25/11/2020 13:54:19,30.0,Female,Berlin,Software Engineer,4.0,4,Middle,Python,"Python, Java / Scala, SQL, AWS, Kubernetes, Docker",56000.0,0.0,55000.0,,30,Full-time employee,Unlimited contract,English,1000+,Product,No,,0,56000.0,Python,30-34
590,25/11/2020 13:55:16,29.0,Male,Stuttgart ,Software Engineer,7.0,5,Middle,C++,,70000.0,0.0,70000.0,0,30,Full-time employee,Unlimited contract,English,51-100,Product,No,,,70000.0,C++,25-29
591,25/11/2020 13:56:50,32.0,Female,Berlin,QA Engineer,10.0,"1,5",Middle,Java,Docker,68000.0,0.0,62000.0,,30,Full-time employee,Unlimited contract,English,1000+,Product,No,,,68000.0,Java,30-34
592,25/11/2020 13:57:19,34.0,Male,Berlin,QA Engineer,10.0,3,Senior,JS,"Python, Javascript / Typescript, AWS, Docker",70000.0,0.0,65000.0,,30,Full-time employee,Unlimited contract,English,1000+,Product,No,40.0,0,70000.0,JS,30-34
593,25/11/2020 13:58:38,30.0,Male,Berlin,Data Scientist,6.0,3,Senior,,"Python, SQL, AWS, Google Cloud, Docker",72000.0,85000.0,65000.0,65000,27,Full-time employee,Unlimited contract,English,1000+,Startup,No,,,157000.0,,30-34
594,25/11/2020 13:59:02,40.0,Male,Berlin,Engineering manager,15.0,6,Head,Python,"Python, SQL, Perl, AWS, Google Cloud, Docker",80000.0,0.0,65000.0,0,28,Full-time employee,Unlimited contract,English,1000+,Product,No,,,80000.0,Python,40-49
595,25/11/2020 13:59:16,35.0,Male,Berlin,Software Engineer,15.0,4,Principal,C++,"Python, Swift, Java / Scala",77000.0,20000.0,77000.0,20000,30,Full-time employee,Unlimited contract,English,1000+,Product,No,,,97000.0,C++,35-39
596,25/11/2020 14:00:05,31.0,Male,Berlin,Software Engineer,8.0,1,Senior,"Java, Kotlin","Kotlin, Java / Scala, AWS",77000.0,0.0,72000.0,0,27,Full-time employee,Unlimited contract,English,1000+,Product,No,,,77000.0,Java Kotlin,30-34
597,25/11/2020 14:00:28,38.0,Male,Berlin,Data Scientist,15.0,3,Senior,Python,"Python, SQL, AWS",56000.0,59000.0,56000.0,59000,21,Full-time employee,Unlimited contract,English,11-50,Product,No,0.0,0,115000.0,Python,35-39
598,25/11/2020 14:02:47,39.0,Male,Hamburg,Data Scientist,10.0,10,Senior,R,"Python, R, SQL",80000.0,0.0,80000.0,0,30,Full-time employee,Unlimited contract,English,1000+,Energy ,No,,,80000.0,R,35-39
599,25/11/2020 14:08:16,35.0,Male,Berlin,Backend Developer,13.0,5,Senior,Nodejs,"PHP, Javascript / Typescript",90000.0,0.0,82000.0,,31,Full-time employee,Unlimited contract,English,up to 10,Startup,No,,,90000.0,Nodejs,35-39
600,25/11/2020 14:08:18,30.0,Female,Berlin,QA Engineer,5.0,2,Middle,TS,,54000.0,0.0,,,28,Full-time employee,Unlimited contract,English,11-50,Product,No,,,54000.0,TS,30-34
601,25/11/2020 14:08:39,29.0,Female,Berlin,Data Scientist,0.0,0,intern,Python,"Python, SQL, AWS, Google Cloud, Docker",20000.0,20000.0,,,25,Full-time employee,Temporary contract,English,1000+,Product,No,,,40000.0,Python,25-29
602,25/11/2020 14:08:48,36.0,Male,Berlin,Engineering Manager,18.0,10,Head,C++,"Python, Swift, Java / Scala",98000.0,25000.0,98000.0,25000,30,Full-time employee,Unlimited contract,English,1000+,Product,No,32.0,0,123000.0,C++,35-39
603,25/11/2020 14:09:53,41.0,Male,Berlin,Backend Developer,20.0,5,Senior,Python,"Python, SQL, AWS, Kubernetes, Docker",93000.0,1000.0,88000.0,10000,29,Full-time employee,Unlimited contract,English,1000+,Product,No,40.0,1000,94000.0,Python,40-49
604,25/11/2020 14:14:02,41.0,Male,Berlin,Software Engineer,18.0,7,Lead,PHP,"SQL, Google Cloud, Kubernetes, Docker",100000.0,100000.0,80000.0,80000,28,Full-time employee,Unlimited contract,English,51-100,Product,No,,,200000.0,PHP,40-49
605,25/11/2020 14:21:26,28.0,Female,Berlin,Data Scientist,6.0,1,Senior,sql,"Python, R, SQL",70000.0,0.0,,,27,Full-time employee,Unlimited contract,English,1000+,Product,No,,700,70000.0,sql,25-29
606,25/11/2020 14:21:32,33.0,Male,Berlin,Software Engineer,10.0,3,Lead,javascript,"Javascript / Typescript, AWS, Docker",75000.0,0.0,70000.0,0,26,Full-time employee,Unlimited contract,English,101-1000,Startup,No,36.0,0,75000.0,javascript,30-34
607,25/11/2020 14:26:49,31.0,Male,Munich,Software Engineer,3.0,3,Middle,JavaScript ,"Javascript / Typescript, Java / Scala",63000.0,63909.0,50400.0,50400,30,Full-time employee,Unlimited contract,German,51-100,Product,No,,,126909.0,JavaScript,30-34
608,25/11/2020 14:27:14,29.0,Male,Berlin,Backend Developer,5.0,1,Senior,Java,"Java / Scala, SQL, AWS, Kubernetes, Docker",70000.0,0.0,,,27,Full-time employee,Unlimited contract,English,1000+,Product,No,,700,70000.0,Java,25-29
609,25/11/2020 14:32:04,23.0,Male,Berlin,Backend Developer,3.0,1,Middle,Java,,80000.0,100000.0,,,28,Full-time employee,Unlimited contract,English,1000+,Product,No,,400,180000.0,Java,18-24
610,25/11/2020 14:34:19,25.0,Male,Berlin,ML Engineer,4.5,2,Middle,"Spark, Pytorch",Python,75000.0,15000.0,,,30,Full-time employee,Unlimited contract,English,11-50,Startup,No,0.0,0,90000.0,Spark Pytorch,25-29
611,25/11/2020 14:35:03,34.0,Male,Berlin,QA Engineer,10.0,5,Lead,Java,"Javascript / Typescript, SQL, AWS, Docker",85000.0,0.0,73000.0,,30,Full-time employee,Unlimited contract,English,101-1000,Startup,No,,,85000.0,Java,30-34
612,25/11/2020 14:37:06,45.0,Male,Berlin,Backend Developer,30.0,1,Senior,PHP,"Javascript / Typescript, Go, AWS, Google Cloud, Docker",55000.0,0.0,55000.0,0,24,Full-time employee,Unlimited contract,English,11-50,Startup,No,26.0,0,55000.0,PHP,40-49
613,25/11/2020 14:37:07,37.0,Male,Berlin,Embedded Software Engineer,15.0,1,Senior,C/C++,"Python, C/C++",78000.0,0.0,78000.0,0,28,Full-time employee,Unlimited contract,English,1000+,Product,No,0.0,,78000.0,C,35-39
614,25/11/2020 14:37:25,31.0,Male,Berlin,Software Engineer,9.0,5,Lead,javascript,"AWS, Docker",99000.0,99000.0,89000.0,89000,30,Full-time employee,Unlimited contract,English,101-1000,Startup,No,,,198000.0,javascript,30-34
615,25/11/2020 14:48:38,32.0,Male,Amsterdam,Backend Developer,15.0,0,Senior,Golang,"Python, Javascript / Typescript, SQL, AWS, Kubernetes, Docker",90000.0,0.0,90000.0,0,25,Full-time employee,Unlimited contract,English,11-50,Product,No,0.0,0,90000.0,Golang,30-34
616,25/11/2020 14:53:46,45.0,Female,Berlin,Product Manager,15.0,7,Lead,Java,,52000.0,0.0,52000.0,,28,Full-time employee,Unlimited contract,English,11-50,Product,No,2.0,No,52000.0,Java,40-49
617,25/11/2020 14:55:16,42.0,Male,Wroclaw,Software Engineer,16.0,,Senior,java/scala/go/clouds/devops,"Java / Scala, Go, AWS, Google Cloud, Kubernetes, Docker",36000.0,0.0,,,30,Full-time employee,Unlimited contract,English,1000+,Product,No,,,36000.0,java,40-49
618,25/11/2020 14:56:08,23.0,Male,Berlin,Dana Analyst,4.0,4 month,Middle,,"Python, SQL",45000.0,0.0,,,26,Full-time employee,Unlimited contract,English,11-50,Product,No,,,45000.0,,18-24
619,25/11/2020 14:56:36,36.0,Male,Berlin,Backend Developer,14.0,12,Middle,JS,Docker,75000.0,0.0,73500.0,0,30,Full-time employee,Unlimited contract,English,101-1000,Product,No,,,75000.0,JS,35-39
620,25/11/2020 14:57:52,40.0,Male,Karlsruhe,Team Manager,20.0,6,Lead,C#,"Python, .NET, Azure, Kubernetes, Docker",85000.0,15000.0,80000.0,10000,30,Full-time employee,Unlimited contract,English,1000+,Enterprise,No,0.0,300,100000.0,C#,40-49
621,25/11/2020 14:58:22,28.0,Male,Berlin,Backend Developer,7.0,3,Senior,Java,"Ruby, Go, Perl",95000.0,40000.0,,,28,Full-time employee,Unlimited contract,English,101-1000,Product,No,,,135000.0,Java,25-29
622,25/11/2020 14:58:40,35.0,Male,Frankfurt,Backend Developer,15.0,15,Senior,C,"Python, Javascript / Typescript, SQL, Docker",63000.0,7000.0,63000.0,0,30,Full-time employee,Unlimited contract,German,51-100,Product,No,0.0,0,70000.0,C,35-39
623,25/11/2020 15:03:27,37.0,Male,Berlin,Backend Developer,12.0,3,Senior,Java,"Javascript / Typescript, Java / Scala, Google Cloud, Docker",102000.0,0.0,78000.0,,30,Full-time employee,Unlimited contract,English,101-1000,Startup,No,,400,102000.0,Java,35-39
624,25/11/2020 15:03:59,33.0,Male,Berlin,Software Engineer,10.0,6,Lead,C/C++,C/C++,95000.0,15000.0,75000.0,10000,30,Full-time employee,Unlimited contract,English,1000+,Product,No,32.0,0,110000.0,C,30-34
625,25/11/2020 15:05:30,33.0,Male,Berlin,Backend Developer,13.0,5,Senior,Java,"Java / Scala, SQL, Kubernetes, Docker",78600.0,0.0,78600.0,,30,Full-time employee,Unlimited contract,English,101-1000,Product,No,32.0,0,78600.0,Java,30-34
626,25/11/2020 15:11:46,31.0,Male,Munich,Software Engineer,10.0,4,Lead,Java ,"Python, Javascript / Typescript, AWS, Docker",70000.0,77000.0,,64000,28,Full-time employee,Unlimited contract,English,101-1000,Product,No,,1500,147000.0,Java,30-34
627,25/11/2020 15:16:59,31.0,Male,Berlin,Software Engineer,4.0,2,Middle,Java,"Kotlin, Javascript / Typescript, Docker",67000.0,70500.0,50000.0,55000,30,Full-time employee,Unlimited contract,English,1000+,Product,No,0.0,0,137500.0,Java,30-34
628,25/11/2020 15:27:18,28.0,Male,Wolfsburg,Software Engineer,3.0,1,Middle,Java,SQL,42000.0,0.0,42000.0,800,30,Full-time employee,Unlimited contract,English,101-1000,Consulting / Agency,No,,1000,42000.0,Java,25-29
629,25/11/2020 15:51:41,31.0,Male,Boeblingen,QA Engineer,6.0,3,Senior,Python,"Python, Squish",53000.0,0.0,53000.0,0,30,Full-time employee,Unlimited contract,English,1000+,Consulting / Agency,No,0.0,0,53000.0,Python,30-34
630,25/11/2020 15:53:21,40.0,Male,Cupertino,Software Engineer,20.0,0,Lead,Swift,,250000.0,450000.0,230000.0,300000,45,Full-time employee,Unlimited contract,English,1000+,Product,No,,,700000.0,Swift,40-49
631,25/11/2020 16:06:56,25.0,Female,Frankfurt,Software Engineer,3.0,2,Middle,Java,"Javascript / Typescript, SQL",53000.0,5000.0,48000.0,2004,30,Full-time employee,Unlimited contract,German,1000+,Product,No,,550,58000.0,Java,25-29
632,25/11/2020 16:08:01,35.0,Male,Berlin,Data Analyst,9.0,9,Senior,Python,"Python, SQL, AWS, Kubernetes, Docker",77000.0,0.0,70000.0,0,28,Full-time employee,Unlimited contract,German,101-1000,Startup,No,,,77000.0,Python,35-39
633,25/11/2020 16:08:21,35.0,Male,Berlin,Software Engineer,15.0,10,Senior,.net,"C/C++, .NET, Go, Docker",80000.0,80000.0,67000.0,67000,30,Full-time employee,Unlimited contract,English,11-50,Consulting / Agency,No,24.0,0,160000.0,.net,35-39
634,25/11/2020 16:10:29,41.0,Male,Berlin,DevOps,20.0,14,Senior,"Linux/UNIX, GIT, Virtualisation Platforms, *shell(s) scripts","Python, Javascript / Typescript, SQL, AWS, Google Cloud, Kubernetes, Docker",58800.0,20700.0,56400.0,17000,35,Full-time employee,Unlimited contract,German,1000+,Bloody enterprise,No,,,79500.0,Linux,40-49
635,25/11/2020 16:16:23,33.0,Male,Berlin,DevOps,8.0,3,Senior,AWS,"Python, AWS, Kubernetes, Docker",75000.0,1000.0,72500.0,0,30,Full-time employee,Unlimited contract,English,1000+,service,No,0.0,500,76000.0,AWS,30-34
636,25/11/2020 16:17:02,33.0,Male,Berlin,Data Engineer,13.0,3,Senior,Python,"Python, Java / Scala, SQL, AWS, Kubernetes, Docker",85000.0,5000.0,75000.0,75000,26,Full-time employee,Unlimited contract,English,101-1000,Startup,No,20.0,500,90000.0,Python,30-34
637,25/11/2020 16:26:38,38.0,Male,Munich,Software Engineer,15.0,2,Senior,Java,"Java / Scala, Kubernetes, Docker",70000.0,75000.0,70000.0,75000,26,Full-time employee,Unlimited contract,English,11-50,Product,No,,,145000.0,Java,35-39
638,25/11/2020 16:39:24,35.0,Male,Berlin,Software Engineer,10.0,6,Senior,php,"Python, PHP, Javascript / Typescript, SQL",78000.0,78000.0,78000.0,78000,27,Full-time employee,Unlimited contract,German,up to 10,Product,No,,0,156000.0,php,35-39
639,25/11/2020 16:42:43,36.0,Female,Berlin,Data Scientist,5.0,5,Senior,Python,"Python, Java / Scala, SQL, AWS",75000.0,0.0,75000.0,0,28,Part-time employee,Unlimited contract,English,51-100,Startup,No,,,75000.0,Python,35-39
640,25/11/2020 16:50:22,49.0,Male,Munich,Software Engineer,27.0,19,Senior,Java,"Javascript / Typescript, Java / Scala, SQL, Docker, Groovy",57000.0,0.0,57000.0,0,30,Full-time employee,Unlimited contract,German,101-1000,Consulting / Agency,No,,,57000.0,Java,40-49
641,25/11/2020 17:00:00,32.0,Male,Berlin,Software Engineer,10.0,7,Lead,TypeScript,Javascript / Typescript,120000.0,0.0,90000.0,0,0,Self-employed (freelancer),Temporary contract,Deuglisch,1000+,Concern,Yes,0.0,yes,120000.0,TypeScript,30-34
642,25/11/2020 17:02:13,32.0,Female,Berlin,Software Engineer,6.0,4,Lead,Java,"Python, Kotlin, AWS, Docker",75000.0,0.0,75000.0,,28,Full-time employee,Unlimited contract,English,101-1000,Startup,No,30.0,,75000.0,Java,30-34
643,25/11/2020 17:06:04,27.0,Female,Berlin,Data Analyst ,1.0,1,Middle,"Python, SQL","Python, SQL",63000.0,0.0,42000.0,46000,27,Full-time employee,Unlimited contract,English,1000+,Product,No,,600,63000.0,Python SQL,25-29
644,25/11/2020 17:08:54,31.0,Male,Frankfurt,Data Scientist,6.0,6,Senior,python,"Python, AWS, Docker",60000.0,15000.0,,,30,Full-time employee,Unlimited contract,English,51-100,Consulting / Agency,No,,,75000.0,python,30-34
645,25/11/2020 17:09:19,31.0,Male,Paris,Mobile Developer,8.0,0,Senior,Swift,Swift,60000.0,6000.0,60000.0,6000,30,Full-time employee,Unlimited contract,English,101-1000,Product,No,0.0,0,66000.0,Swift,30-34
646,25/11/2020 17:11:50,28.0,Male,Cologne,Backend Developer,4.0,4,Middle,Java,Pl/sql,44000.0,6000.0,44000.0,6000,30,Full-time employee,Unlimited contract,German,101-1000,Product,No,,,50000.0,Java,25-29
647,25/11/2020 17:13:52,28.0,Female,Berlin,Frontend Developer,3.0,3,Middle,JavaScript,,54500.0,0.0,52000.0,,28,Full-time employee,Unlimited contract,English,101-1000,Product,No,0.0,,54500.0,JavaScript,25-29
648,25/11/2020 17:20:37,27.0,Male,Berlin,Software Engineer,2.0,1,Lead,DWH,SQL,90000.0,7000.0,97000.0,87000,31,Full-time employee,Unlimited contract,English,1000+,Product,No,,,97000.0,DWH,25-29
649,25/11/2020 17:20:50,29.0,Male,Berlin,Frontend Developer,8.0,5,Head,JavaScript,"Kubernetes, Docker",82500.0,0.0,65000.0,0,30,Full-time employee,Unlimited contract,English,1000+,Product,No,,,82500.0,JavaScript,25-29
650,25/11/2020 17:45:05,32.0,Female,Munich,Data Engineer,10.0,2,Middle,Python,"Python, SQL, AWS, Docker, Spark, Airflow",75000.0,0.0,70000.0,0,27,Full-time employee,Unlimited contract,English,11-50,Startup,Yes,,0,75000.0,Python,30-34
651,25/11/2020 17:45:21,28.0,Male,Berlin,QA Engineer,5.0,1,Middle,QA,Python,60000.0,0.0,58000.0,0,30,Full-time employee,Unlimited contract,English,101-1000,Product,No,,,60000.0,QA,25-29
652,25/11/2020 17:46:23,34.0,Female,Berlin,,13.0,3,Principal,python,"AWS, Terraform, Scala Spark, ",108000.0,0.0,90000.0,,28,Full-time employee,Unlimited contract,English,1000+,Product,No,30.0,500,108000.0,python,30-34
653,25/11/2020 17:48:02,38.0,Male,Dublin ,Mobile Developer,16.0,0,Senior,Swift,"Swift, Java / Scala",85000.0,0.0,85000.0,85000,24,Full-time employee,Unlimited contract,English,101-1000,Product,No,,,85000.0,Swift,35-39
654,25/11/2020 17:48:12,29.0,Male,Berlin,Data Engineer,3.0,3,Middle,Azure,"Python, SQL, Azure",54000.0,6000.0,45000.0,0,30,Full-time employee,Unlimited contract,German,1000+,Utilities,No,0.0,0,60000.0,Azure,25-29
655,25/11/2020 17:49:56,30.0,Male,Stockholm,Backend Developer,7.0,2.5,Senior,C++,"Python, C/C++, Java / Scala, AWS, Kubernetes, Docker",65000.0,9000.0,60000.0,9000,33,Full-time employee,Unlimited contract,English,1000+,Product,No,0.0,0,74000.0,C++,30-34
656,25/11/2020 17:58:39,33.0,Female,Berlin,Designer (UI/UX),6.0,1,Middle,"Sketch, Figma",,42000.0,0.0,,,28,Full-time employee,Unlimited contract,English,51-100,Product,Yes,,,42000.0,Sketch Figma,30-34
657,25/11/2020 18:00:44,30.0,Male,Paderborn,Data Scientist,6.0,2,Junior,Python,"Python, SQL, Docker",51000.0,4250.0,,,30,Full-time employee,Unlimited contract,German,101-1000,Product,No,,,55250.0,Python,30-34
658,25/11/2020 18:02:06,31.0,Male,Berlin,Product Manager,5.0,3,Lead,,,76000.0,20000.0,760000.0,20000,28,Full-time employee,Unlimited contract,English,51-100,Startup,No,,,96000.0,,30-34
659,25/11/2020 18:04:21,37.0,Male,Berlin,Mobile Developer,16.0,2,Senior,iOS,"Kotlin, C/C++, Swift, Ruby",65000.0,0.0,55000.0,0,30,Full-time employee,Unlimited contract,English,101-1000,Product,No,0.0,0,65000.0,iOS,35-39
660,25/11/2020 18:12:52,32.0,Male,Amsterdam,Mobile Developer,13.0,,Senior,Kotlin,Kotlin,85000.0,89000.0,80000.0,84000,27,Full-time employee,Unlimited contract,English,1000+,Bank,No,,,174000.0,Kotlin,30-34
661,25/11/2020 18:15:28,32.0,Female,Munich,QA Engineer,9.0,9,Middle,,,60000.0,0.0,,,30,Full-time employee,Unlimited contract,German,101-1000,Product,No,,500,60000.0,,30-34
662,25/11/2020 18:19:22,40.0,Male,Berlin,Product Manager,13.0,9,Head,,SQL,90000.0,10000.0,75000.0,,30,Full-time employee,Unlimited contract,English,1000+,Product,No,,300,100000.0,,40-49
663,25/11/2020 18:19:58,30.0,Male,Berlin,Software Engineer,7.0,1,Senior,Java,"Go, AWS, Kubernetes",86000.0,0.0,82600.0,,30,Full-time employee,Unlimited contract,English,1000+,Product,No,,500,86000.0,Java,30-34
664,25/11/2020 18:24:15,30.0,Male,Berlin,Software Engineer,8.0,2,Senior,JS,,60000.0,0.0,60000.0,0,~25,Full-time employee,Unlimited contract,English,51-100,Product,No,20.0,0,60000.0,JS,30-34
665,25/11/2020 18:28:01,32.0,Male,Berlin,QA Engineer,10.0,3,Senior,js,"Java / Scala, Google Cloud, Docker",81000.0,45000.0,81000.0,22000,30,Full-time employee,Unlimited contract,English,1000+,Product,No,0.0,1000,126000.0,js,30-34
666,25/11/2020 18:28:01,32.0,Male,Cologne,DevOps,7.0,2,Middle,k8s,"Python, Google Cloud, Kubernetes, Docker",60000.0,0.0,70000.0,,30,Full-time employee,Unlimited contract,English,101-1000,Product,Yes,,,60000.0,k8s,30-34
667,25/11/2020 18:31:48,34.0,Male,Munich,Software Engineer,12.0,8,Senior,Java,"Java / Scala, SQL, Go, Google Cloud, Kubernetes, Docker",74000.0,0.0,69000.0,0,30,Full-time employee,Unlimited contract,English,101-1000,Product,No,32.0,0,74000.0,Java,30-34
668,25/11/2020 18:45:41,43.0,Male,Cologne,Backend Developer,10.0,7,Senior,Php,PHP,57600.0,8000.0,57600.0,55000,26,Full-time employee,Unlimited contract,German,101-1000,Product,No,,,65600.0,Php,40-49
669,25/11/2020 18:49:08,33.0,Male,Munich,Software Engineer,13.0,4,Senior,Java,"Python, Kotlin, Javascript / Typescript, AWS, Kubernetes, Docker",70000.0,0.0,64000.0,,24,Full-time employee,Unlimited contract,English,101-1000,Startup,No,,,70000.0,Java,30-34
670,25/11/2020 18:51:20,28.0,Female,Munich,QA Engineer,8.0,4,Senior,Kotlin,"Kotlin, Java / Scala, AWS, Kubernetes, Docker",75000.0,0.0,64000.0,6000,30,Full-time employee,Unlimited contract,English,101-1000,Product,No,,,75000.0,Kotlin,25-29
671,25/11/2020 18:51:36,33.0,Male,Hamburg,Software Engineer,11.0,5,Senior,Java,"Python, SQL",65000.0,0.0,,,28,Full-time employee,Unlimited contract,English,11-50,Product,No,0.0,0,65000.0,Java,30-34
672,25/11/2020 18:53:10,33.0,Male,Munich,Software Engineer,11.0,4,Lead,"Frontend: react, node.js","Javascript / Typescript, AWS, Kubernetes, Docker",90000.0,0.0,75000.0,,28,Full-time employee,Unlimited contract,English,1000+,Product,No,,,90000.0,Frontend: react node.js,30-34
673,25/11/2020 18:56:02,51.0,Male,Berlin,Software Engineer,30.0,30,Senior,"VB, RPA, Python","Python, PHP, Javascript / Typescript, .NET, SQL, SAP / ABAP",60000.0,5000.0,50000.0,5000,30,Full-time employee,Unlimited contract,German,1000+,Consulting / Agency,No,,,65000.0,VB RPA Python,50+
674,25/11/2020 18:57:32,35.0,Male,Berlin,Software Engineer,8.0,5,Senior,Go,"Java / Scala, Go, AWS, Google Cloud, Azure, Kubernetes, Docker",90000.0,100000.0,85000.0,50000,30,Full-time employee,Unlimited contract,English,1000+,Product,No,,,190000.0,Go,35-39
675,25/11/2020 18:58:56,35.0,Male,Berlin,Software Engineer,1.0,1,Junior,FBD,"PHP, Javascript / Typescript, SQL",30000.0,0.0,,,26,Full-time employee,Unlimited contract,German,up to 10,Product,No,,,30000.0,FBD,35-39
676,25/11/2020 18:59:36,33.0,Male,Berlin,ML Engineer,10.0,6,Senior,,"Python, Java / Scala",90000.0,0.0,,,,Full-time employee,Unlimited contract,English,1000+,Product,,,,90000.0,,30-34
677,25/11/2020 19:02:12,28.0,Male,Munich,Software Engineer,6.0,3,Middle,"C, C++","C/C++, Linux Kernel",64000.0,9000.0,,,30,Full-time employee,Unlimited contract,English,101-1000,Product,No,,,73000.0,C C++,25-29
678,25/11/2020 19:02:20,21.0,Female,Cologne,Mobile Developer,2.0,2,Middle,,,50000.0,0.0,,,,,,,,,,,,50000.0,,18-24
679,25/11/2020 19:02:43,25.0,Male,Berlin,Mobile Developer,2.0,2,Middle,"Swift, Objective-C, iOS",Swift,44000.0,0.0,43000.0,,27,Full-time employee,Unlimited contract,English,1000+,Product,No,,,44000.0,Swift Objective-C iOS,25-29
680,25/11/2020 19:06:21,25.0,Female,Hamburg,working student (QA),1.0,1,Student,Ruby,"Java / Scala, SQL",12000.0,0.0,12000.0,0,12,working student,Temporary contract,English,1000+,Product,No,,,12000.0,Ruby,25-29
681,25/11/2020 19:10:04,32.0,Male,Berlin,Backend Developer,10.0,3,Lead,Ruby,"Python, Javascript / Typescript, Ruby, SQL, AWS, Docker",80000.0,0.0,68500.0,0,28,Full-time employee,Unlimited contract,English,51-100,Product,No,,,80000.0,Ruby,30-34
682,25/11/2020 19:15:16,32.0,Male,Berlin,Software Engineer,9.0,3,Lead,Embedded,"Python, C/C++, Go",73000.0,1000.0,65000.0,1000,28,Full-time employee,Unlimited contract,English,101-1000,Product,No,,300,74000.0,Embedded,30-34
683,25/11/2020 19:31:47,26.0,Male,Berlin,Architect ,9.0,4,Head,Go,"Kotlin, Ruby, Go, Rust, AWS, Kubernetes, Docker",120000.0,50000.0,95000.0,40000,24,Full-time employee,Unlimited contract,English,1000+,Product,Yes,0.0,No,170000.0,Go,25-29
684,25/11/2020 19:33:52,25.0,Male,Berlin,Software Engineer,6.0,3,Senior,JavaScript / TypeScript,"AWS, Docker",71750.0,6000.0,66000.0,5500,30,Full-time employee,Unlimited contract,English,1000+,Product,No,,,77750.0,JavaScript,25-29
685,25/11/2020 19:38:20,27.0,Female,Berlin,Backend Developer,5.0,"2,5",Middle,Kotlin,"Python, Kotlin, Java / Scala, Google Cloud, Kubernetes",65000.0,0.0,52000.0,0,30,Full-time employee,Unlimited contract,English,51-100,Product,No,,,65000.0,Kotlin,25-29
686,25/11/2020 19:44:29,28.0,Male,Frankfurt,Frontend Developer,7.0,5,Senior,Javascript,"Javascript / Typescript, AWS, Azure, Docker",80000.0,0.0,76000.0,4000,29,Full-time employee,Unlimited contract,English,11-50,Startup,No,,,80000.0,Javascript,25-29
687,25/11/2020 19:44:59,32.0,Female,Munich,QA Engineer,8.0,1,Senior,Java,"Javascript / Typescript, C#",60000.0,70000.0,,,26,Full-time employee,Unlimited contract,English,101-1000,Consulting / Agency,No,,,130000.0,Java,30-34
688,25/11/2020 19:54:39,28.0,Male,Karlsruhe,Backend Developer,7.0,3,Senior,Java,"Kotlin, Javascript / Typescript, AWS, Kubernetes, Docker",66000.0,3000.0,66000.0,76000,28,Full-time employee,Unlimited contract,English,1000+,Product,No,,,69000.0,Java,25-29
689,25/11/2020 19:57:23,34.0,Male,Berlin,Frontend Developer,13.0,1,Lead,JavaScript,"Javascript / Typescript, SQL, AWS",85000.0,0.0,,,30,Full-time employee,Unlimited contract,English,101-1000,Product,No,,no,85000.0,JavaScript,30-34
690,25/11/2020 20:01:27,35.0,Male,Konstanz,Data Scientist,10.0,10,Middle,python,"Python, Azure, Kubernetes",65000.0,0.0,65000.0,0,25,Full-time employee,Unlimited contract,English,51-100,Product,No,0.0,0,65000.0,python,35-39
691,25/11/2020 20:13:33,38.0,Male,Berlin,Head of Engineering,20.0,9,Head,Java,"Python, Kotlin, Java / Scala, SQL, AWS, Kubernetes, Docker",130000.0,20000.0,130000.0,20000,30,Full-time employee,Unlimited contract,English,1000+,Corporation,Yes,,,150000.0,Java,35-39
692,25/11/2020 20:15:31,33.0,Male,Berlin,Backend Developer,9.0,4,Senior,Java,"Python, Javascript / Typescript, Java / Scala, SQL, Go, AWS, Kubernetes, Docker",81900.0,102600.0,,,,Full-time employee,Unlimited contract,English,1000+,Startup,No,,,184500.0,Java,30-34
693,25/11/2020 20:31:41,36.0,Male,Berlin,Product Manager,10.0,2,Senior,,SQL,85000.0,0.0,80000.0,,30,Full-time employee,Unlimited contract,English,1000+,Product,No,,,85000.0,,35-39
694,25/11/2020 20:34:33,31.0,Female,Ulm,QA Engineer,8.0,3,Middle,Java,Java / Scala,45000.0,0.0,39000.0,,30,Full-time employee,Unlimited contract,English,101-1000,Product,No,,,45000.0,Java,30-34
695,25/11/2020 20:41:13,43.0,Male,Stuttgart,SAP Consultant,20.0,15,Senior,SAP / ABAP,"SQL, SAP / ABAP",82000.0,12000.0,82000.0,10000,32,Full-time employee,Unlimited contract,German,1000+,Product,No,,,94000.0,SAP,40-49
696,25/11/2020 20:42:52,38.0,Male,Berlin,Data Scientist,15.0,2,Head,Python,"Python, SQL, SAP / ABAP, AWS",100000.0,120000.0,80000.0,,27,Full-time employee,Unlimited contract,English,101-1000,Startup,No,25.0,,220000.0,Python,35-39
697,25/11/2020 20:47:48,35.0,Male,Munich,DevOps,17.0,5,Lead,Kubrrnetes,"R, AWS, Google Cloud, Kubernetes, Docker",72000.0,8000.0,72500.0,8000,30,Full-time employee,Unlimited contract,English,1000+,Consulting / Agency,No,8.0,0,80000.0,Kubrrnetes,35-39
698,25/11/2020 20:52:29,33.0,Male,Düsseldorf ,Product Manager,6.0,"0,5",Senior,,,70000.0,0.0,,,,Full-time employee,Unlimited contract,English,101-1000,Product,No,,,70000.0,,30-34
699,25/11/2020 20:52:36,33.0,Male,Düsseldorf ,Product Manager,6.0,"0,5",Senior,,,70000.0,0.0,,,,Full-time employee,Unlimited contract,English,101-1000,Product,No,,,70000.0,,30-34
700,25/11/2020 20:52:51,32.0,Male,Berlin,DevOps,10.0,1,Middle,python,"Python, SQL, Go, AWS, Google Cloud, Azure, Kubernetes, Docker",62000.0,0.0,,,30,Full-time employee,Unlimited contract,English,101-1000,Product,No,30.0,,62000.0,python,30-34
701,25/11/2020 21:05:06,43.0,Male,Berlin,DevOps,21.0,26,Lead,,"Python, PHP, SQL, Perl, AWS, Google Cloud, Kubernetes, Docker",83000.0,0.0,75000.0,,28,Full-time employee,Unlimited contract,German,51-100,Startup,No,,,83000.0,,40-49
702,25/11/2020 21:10:17,37.0,Male,Stuttgart ,Backend Developer,,,Senior,C#,,70000.0,0.0,,,30,Full-time employee,Unlimited contract,,,,No,,,70000.0,C#,35-39
703,25/11/2020 21:19:54,37.0,Male,Berlin,Mobile Developer,17.0,1,Senior,Swift,Javascript / Typescript,77000.0,500.0,71000.0,0,28,Full-time employee,Unlimited contract,English,1000+,Product,No,,500,77500.0,Swift,35-39
704,25/11/2020 21:20:37,30.0,Male,Stuttgart,Software Engineer,8.0,,Middle,C++,SQL,71000.0,7100.0,69000.0,6900,,Full-time employee,Unlimited contract,English,101-1000,Product,No,,No,78100.0,C++,30-34
705,25/11/2020 21:48:49,29.0,Male,Berlin,Mobile Developer,5.0,4,Senior,iOS,Swift,65000.0,0.0,58000.0,,27,Full-time employee,Unlimited contract,English,101-1000,Product,No,,,65000.0,iOS,25-29
706,25/11/2020 22:05:13,41.0,Male,Berlin,Software Engineer,18.0,3,Senior,JavaScript,"Javascript / Typescript, AWS, Docker, Node",120000.0,0.0,92000.0,,30,Self-employed (freelancer),,English,up to 10,Startup,No,,,120000.0,JavaScript,40-49
707,25/11/2020 22:11:45,38.0,Male,Stuttgart ,Backend Developer,4.0,2,Middle,PHP,"Javascript / Typescript, SQL, Docker",43000.0,0.0,43000.0,0,30,Full-time employee,Unlimited contract,English,up to 10,Consulting / Agency,No,30.0,,43000.0,PHP,35-39
708,25/11/2020 22:18:59,,Male,Frankfurt,Software Engineer,18.0,1,Senior,,"Javascript / Typescript, .NET, SQL, Google Cloud",81000.0,3375.0,,,30,Full-time employee,Unlimited contract,English,1000+,Product,No,0.0,0,84375.0,,
709,25/11/2020 22:40:29,29.0,Male,Düsseldorf,Frontend Developer,6.0,6,Middle,TypeScript,"Javascript / Typescript, Azure",55000.0,0.0,,,30,Full-time employee,Unlimited contract,German,11-50,Product,No,,,55000.0,TypeScript,25-29
710,25/11/2020 23:01:28,35.0,Male,Berlin,QA Engineer,12.0,3,Senior,JS,"Javascript / Typescript, SQL",63000.0,0.0,56000.0,,30,Full-time employee,Unlimited contract,English,101-1000,Product,Yes,30.0,,63000.0,JS,35-39
711,25/11/2020 23:03:43,41.0,Male,Munich,Software Engineer,19.0,5,Senior,Java,"PHP, Java / Scala, SQL, AWS, Docker",75000.0,0.0,73000.0,0,27,Full-time employee,Unlimited contract,English,101-1000,Product,No,,,75000.0,Java,40-49
712,25/11/2020 23:04:36,29.0,Male,Barcelona,Data Scientist,0.0,0,Junior,Python,"R, SQL",22000.0,2000.0,11000.0,500,22,Full-time employee,Unlimited contract,English,51-100,Product,No,,,24000.0,Python,25-29
713,25/11/2020 23:08:40,26.0,Female,Dusseldorf,BI Consultant SAP/ Data Engineer,5.0,5,Middle,ABAP,"Python, SQL",65000.0,77000.0,46000.0,50000,30,Full-time employee,Unlimited contract,German,up to 10,Startup,No,,,142000.0,ABAP,25-29
714,25/11/2020 23:20:02,32.0,Male,Paris,DevOps,12.0,3,Senior,,,62000.0,0.0,,,,Full-time employee,,English,1000+,,,,,62000.0,,30-34
715,25/11/2020 23:30:07,30.0,Male,Berlin,Data Engineer,6.0,1,Middle,Python,AWS,65000.0,1000.0,,,27,Full-time employee,Unlimited contract,English,1000+,Product,No,,600,66000.0,Python,30-34
716,25/11/2020 23:32:29,26.0,Male,London,DevOps,3.0,0,Middle,"networking, linux, automation, cloud","Python, AWS",37000.0,0.0,,,25,Full-time employee,Unlimited contract,English,51-100,Product,No,,,37000.0,networking linux automation cloud,25-29
717,25/11/2020 23:42:47,35.0,Female,Munich,Backend Developer,4.0,4,Middle,PHP,"PHP, Javascript / Typescript, Java / Scala",51000.0,4000.0,47000.0,3500,30,Full-time employee,Unlimited contract,German,101-1000,Insurance,No,,,55000.0,PHP,35-39
718,25/11/2020 23:51:01,47.0,Male,Bölingen,Software Engineer,25.0,15,"no idea, there are no ranges in the firm ",java,"Java / Scala, SQL",70000.0,,,,30,Full-time employee,Unlimited contract,German,11-50,Consulting / Agency,No,,,,java,40-49
719,25/11/2020 23:57:50,33.0,Male,Berlin,Backend Developer,10.0,10,Head,,,93000.0,0.0,,,,Full-time employee,,English,101-1000,Startup,No,,200,93000.0,,30-34
720,26/11/2020 00:00:46,44.0,Male,Kyiv,Business Analyst,15.0,0,Head,UML,,60000.0,0.0,,,30,Self-employed (freelancer),Unlimited contract,English,101-1000,Consulting / Agency,No,,,60000.0,UML,40-49
721,26/11/2020 00:06:33,40.0,,Berlin,Backend Developer,13.0,13,Senior,python,"Python, Javascript / Typescript, AWS, Docker",72000.0,0.0,72000.0,0,30,Full-time employee,Unlimited contract,English,51-100,Startup,No,,,72000.0,python,40-49
722,26/11/2020 00:16:00,32.0,Male,Berlin,Frontend Developer,13.0,2,Senior,JavaScript,"PHP, Javascript / Typescript",70000.0,1000.0,65000.0,1000,25,Full-time employee,Unlimited contract,English,11-50,Product,No,,0,71000.0,JavaScript,30-34
723,26/11/2020 04:00:49,33.0,Male,Dusseldorf,Data Scientist,2.0,2,Lead,Spark,"Python, Docker",70000.0,6000.0,60000.0,66000,25,Full-time employee,Unlimited contract,English,1000+,Product,No,,1000,76000.0,Spark,30-34
724,26/11/2020 04:00:56,32.0,Male,Munich,Frontend Developer,8.0,2,Senior,"Js, reactJS ","Javascript / Typescript, AWS",65000.0,5000.0,,,30,Full-time employee,Unlimited contract,English,1000+,Product,No,30.0,,70000.0,Js reactJS,30-34
725,26/11/2020 04:18:01,26.0,Male,Berlin,Data Engineer,4.0,3,Middle,Scala,"Python, Java / Scala, SQL, AWS, Google Cloud, Azure",51000.0,0.0,46000.0,,30,Full-time employee,Unlimited contract,English,11-50,Consulting / Agency,No,,0,51000.0,Scala,25-29
726,26/11/2020 04:26:30,,Male,Berlin,DevOps,10.0,5,Senior,,"Python, Go",90000.0,0.0,80000.0,,,Full-time employee,Unlimited contract,English,1000+,Product,No,,,90000.0,,
727,26/11/2020 05:53:19,22.0,Diverse,Cologne,QA Engineer,1.0,1,Head,Cobol,Perl,159000.0,35000.0,98000.0,23000,45,Full-time employee,Unlimited contract,German,1000+,Product,No,30.0,2000,194000.0,Cobol,18-24
728,26/11/2020 06:01:22,43.0,Male,Berlin,Engineering Manager,20.0,20,Lead,Java,"C/C++, .NET, Java / Scala, AWS, Kubernetes, Docker",105000.0,0.0,105000.0,0,30,Full-time employee,Unlimited contract,English,1000+,Product,No,,,105000.0,Java,40-49
729,26/11/2020 07:06:11,33.0,Male,Munich,Software Engineer,11.0,6,Senior,JavaScript ,".NET, SQL",80000.0,0.0,,64000,30,Full-time employee,Unlimited contract,English,101-1000,Product,No,0.0,600,80000.0,JavaScript,30-34
730,26/11/2020 07:14:19,35.0,Female,Frankfurt,Software Engineer,1.0,1,Junior,ABAP,"SQL, SAP / ABAP",50000.0,0.0,50000.0,0,30,Full-time employee,Unlimited contract,German,51-100,Consulting / Agency,No,0.0,0,50000.0,ABAP,35-39
731,26/11/2020 08:04:52,28.0,Male,Munich,Frontend Developer,5.0,5,Middle,JavaScript,"Python, Javascript / Typescript, SQL, Rust, AWS, Kubernetes, Docker",72000.0,0.0,62000.0,6200,28,Full-time employee,Unlimited contract,German,11-50,Product,No,,,72000.0,JavaScript,25-29
732,26/11/2020 08:35:29,36.0,Male,Munich,DevOps,16.0,0,Senior,SRE,"Python, C/C++, Go",105000.0,150000.0,,,30,Full-time employee,Unlimited contract,English,1000+,Product,Yes,,900,255000.0,SRE,35-39
733,26/11/2020 08:37:49,27.0,Male,Munich,Data Engineer,2.0,0,Junior,Python ,"Python, SQL, AWS, Azure, Docker",49000.0,5000.0,,,30,Full-time employee,Unlimited contract,German,11-50,Consulting / Agency,No,,,54000.0,Python,25-29
734,26/11/2020 08:39:28,36.0,Male,Berlin,Backend Developer,4.0,1,Middle,Java,"Python, SQL, Kubernetes, Docker",55000.0,0.0,55000.0,0,28,Full-time employee,Unlimited contract,English,101-1000,Product,No,20.0,,55000.0,Java,35-39
735,26/11/2020 08:40:22,38.0,Male,Berlin,Backend Developer,5.0,1,Middle,Java,"Kotlin, Java / Scala, Google Cloud, Kubernetes, Docker",66000.0,0.0,60000.0,60000,28,Full-time employee,Unlimited contract,English,101-1000,Product,No,,,66000.0,Java,35-39
736,26/11/2020 08:40:41,28.0,Male,Berlin,Mobile Developer,6.0,1,Middle,Android,"Kotlin, Java / Scala",85000.0,10000.0,,,32,Full-time employee,Unlimited contract,English,1000+,Product,No,,440,95000.0,Android,25-29
737,26/11/2020 08:41:29,25.0,Male,Berlin,Mobile Developer,8.0,0,Senior,Clojure,"Swift, Javascript / Typescript, Java / Scala, Clojure",85000.0,10000.0,,,24,Full-time employee,Unlimited contract,English,51-100,Startup,No,,,95000.0,Clojure,25-29
738,26/11/2020 08:42:09,30.0,Male,Berlin,Frontend Developer,6.0,1,Senior,Javascript,"Python, Javascript / Typescript, SQL, SAP / ABAP",79000.0,10000.0,77000.0,0,27,Full-time employee,Unlimited contract,English,1000+,Product,No,,700,89000.0,Javascript,30-34
739,26/11/2020 08:46:32,42.0,Female,Berlin,QA Engineer,10.0,3,Middle,"JS, WDIO","Javascript / Typescript, SQL, Docker",42000.0,0.0,32000.0,0,,Full-time employee,Unlimited contract,English,11-50,Startup,No,0.0,75% from government ,42000.0,JS WDIO,40-49
740,26/11/2020 09:02:41,30.0,Male,Berlin,Backend Developer,8.0,2,Middle,Python,"SQL, AWS, Kubernetes, Docker",74000.0,11000.0,72000.0,5000,27,Full-time employee,Unlimited contract,English,1000+,Product,No,0.0,40 every month,85000.0,Python,30-34
741,26/11/2020 09:09:03,28.0,Male,Berlin,Backend Developer,8.0,1,Lead,Ruby,"SQL, AWS",67000.0,0.0,62000.0,,28,Full-time employee,Unlimited contract,English,51-100,Startup,No,,,67000.0,Ruby,25-29
742,26/11/2020 09:13:05,32.0,Female,Berlin,DevOps,9.0,5,Middle,"Terraform, Kubernetes, AWS, GCP, Ansible, Puppet","Ruby, Java / Scala, SQL, Go, AWS, Google Cloud, Kubernetes, Docker",74000.0,10000.0,65000.0,,40,Full-time employee,Unlimited contract,English,101-1000,Product,No,0.0,0,84000.0,Terraform Kubernetes AWS GCP Ansible Puppet,30-34
743,26/11/2020 09:20:23,29.0,Male,Berlin,Frontend Developer,3.0,0,Middle,JavaScript ,PHP,48000.0,0.0,,,26,Full-time employee,Unlimited contract,English,51-100,Consulting / Agency,No,0.0,0,48000.0,JavaScript,25-29
744,26/11/2020 09:26:37,30.0,Female,Karlsruhe,Product Manager,8.0,0,Middle,,,57760.0,6710.0,,,30,Full-time employee,Unlimited contract,English,11-50,Product,No,,,64470.0,,30-34
745,26/11/2020 09:38:35,35.0,Male,Berlin,Software Engineer,13.0,5,Lead,TypeScript,"Python, Javascript / Typescript, SQL, AWS, Google Cloud, Kubernetes, Docker, Elixir",103000.0,200000.0,92000.0,25000,29,Full-time employee,Unlimited contract,English,101-1000,Startup,No,,1000,303000.0,TypeScript,35-39
746,26/11/2020 09:40:54,33.0,Male,Berlin,Frontend Developer,10.0,4,Senior,JS,"Javascript / Typescript, Google Cloud, Kubernetes, Docker",74000.0,0.0,66000.0,,28,Full-time employee,Unlimited contract,English,101-1000,Startup,No,8.0,200,74000.0,JS,30-34
747,26/11/2020 09:49:16,34.0,Male,Berlin,Backend Developer,13.0,1,Senior,Elixir,SQL,70000.0,0.0,,,30,Full-time employee,Unlimited contract,English,101-1000,Product,No,,500,70000.0,Elixir,30-34
748,26/11/2020 09:50:38,25.0,Male,Berlin,Backend Developer,6.0,2,Senior,Go,"Python, SQL, Go, AWS, Kubernetes, Docker",86000.0,0.0,80000.0,5000,28,Full-time employee,Unlimited contract,English,101-1000,Startup,No,0.0,500,86000.0,Go,25-29
749,26/11/2020 09:51:53,42.0,Female,Berlin,QA Engineer,5.0,5,Middle,Java,,46000.0,0.0,46000.0,,26,Full-time employee,Unlimited contract,English,51-100,Product,No,30.0,No,46000.0,Java,40-49
750,26/11/2020 10:07:39,25.0,Female,Tampere (Finland),computer vision researcher,3.0,3 months,Junior,Python,"Python, Tensorflow, Theano, Pytorch",23000.0,23000.0,,,30,Full-time employee,Temporary contract,English,51-100,Science Institute ,No,,,46000.0,Python,25-29
751,26/11/2020 10:11:01,40.0,Male,Berlin,Backend Developer,14.0,8,Lead,Spring,"Java / Scala, AWS, Azure, Kubernetes, Docker",135000.0,0.0,65000.0,0,30,Self-employed (freelancer),Temporary contract,English,101-1000,Product,No,0.0,0,135000.0,Spring,40-49
752,26/11/2020 10:14:19,33.0,Male,Heidelberg,Software Engineer,11.0,5,Senior,Python,"Python, Javascript / Typescript, SQL, AWS, Kubernetes, Docker",80000.0,0.0,,78000,30,Full-time employee,Temporary contract,English,101-1000,Research institute,No,,,80000.0,Python,30-34
753,26/11/2020 10:31:07,39.0,Male,Cologne,Teamlead,12.0,12,Head,PHP ,"AWS, Docker",75000.0,75000.0,75000.0,75009,30,Full-time employee,Unlimited contract,German,up to 10,Startup,No,20.0,0,150000.0,PHP,35-39
754,26/11/2020 10:31:59,24.0,Male,Berlin,Software Engineer,2.0,2,Junior,Javascript,"Javascript / Typescript, Java / Scala, SQL, AWS, Docker",50000.0,0.0,35000.0,35000,30,Full-time employee,Unlimited contract,German,1000+,Product,No,,,50000.0,Javascript,18-24
755,26/11/2020 10:40:41,24.0,Female,Prague,Software Engineer,3.0,0,Middle,Java,"Java / Scala, AWS, Azure, Kubernetes, Docker",29000.0,0.0,23000.0,0,20,Full-time employee,Unlimited contract,English,11-50,Startup,No,,,29000.0,Java,18-24
756,26/11/2020 10:53:48,39.0,Male,Berlin,Engineering Manager,15.0,10,Lead,Java,"Python, Kotlin, Javascript / Typescript, SQL, Docker",78000.0,12000.0,78000.0,12000,30,Full-time employee,Unlimited contract,German,101-1000,Product,No,,,90000.0,Java,35-39
757,26/11/2020 10:59:10,33.0,Male,Amsterdam,Backend Developer,8.0,,Senior,C#,"Python, .NET, SQL",75000.0,0.0,56000.0,,27,Full-time employee,Temporary contract,English,11-50,Product,No,,,75000.0,C#,30-34
758,26/11/2020 11:10:50,26.0,Male,Berlin,Backend Developer,2.5,1,Middle,Java,,60000.0,0.0,,,26,Full-time employee,Unlimited contract,English,101-1000,Product,No,0.0,,60000.0,Java,25-29
759,26/11/2020 11:13:18,29.0,Male,Berlin,Software Engineer,6.0,"0,5",Middle,Swift,Swift,70000.0,0.0,,,28,Full-time employee,Unlimited contract,English,1000+,Product,No,,600,70000.0,Swift,25-29
760,26/11/2020 11:33:16,29.0,Female,Berlin,Software Engineer,5.0,2,Middle,PHP,"Python, Javascript / Typescript, SQL, AWS, Google Cloud, Docker",55000.0,0.0,47000.0,,24,Full-time employee,Unlimited contract,English,11-50,Startup,No,,,55000.0,PHP,25-29
761,26/11/2020 11:45:08,32.0,Male,Prague,Software Engineer,8.0,,Senior,"C, C++",Python,36000.0,3600.0,26000.0,2600,25,Full-time employee,Unlimited contract,Czech,1000+,Product,No,,,39600.0,C C++,30-34
762,26/11/2020 11:46:05,34.0,Male,Hannover,Hardware Engineer,12.0,3,Senior,,,56000.0,0.0,56000.0,0,30,Full-time employee,Unlimited contract,English,up to 10,Product,No,10.0,1000,56000.0,,30-34
763,26/11/2020 11:49:59,30.0,Male,Berlin,Backend Developer,9.0,3,Head,Java,"Javascript / Typescript, Java / Scala, Go, AWS, Docker",85000.0,0.0,80000.0,,25,Full-time employee,Unlimited contract,English,51-100,Startup,No,,,85000.0,Java,30-34
764,26/11/2020 11:50:35,31.0,Male,Berlin,ML Engineer,7.0,2,Middle,Python,"AWS, Kubernetes, Docker",80000.0,12000.0,65000.0,0,28,Full-time employee,Unlimited contract,English,1000+,Product,No,,500,92000.0,Python,30-34
765,26/11/2020 12:20:03,33.0,Male,Berlin,Mobile Developer,8.0,2,Senior,swift,SQL,75000.0,1000.0,75000.0,1000,30,Full-time employee,Unlimited contract,English,1000+,Product,No,,,76000.0,swift,30-34
766,26/11/2020 12:21:47,31.0,Female,Berlin,Software Engineer,1.0,1,Junior,React,"Python, AWS, Kubernetes, Docker, React",57000.0,1000.0,54000.0,1000,30,Full-time employee,Unlimited contract,English,1000+,Retail,No,0.0,0,58000.0,React,30-34
767,26/11/2020 12:47:20,36.0,Male,Frankfurt,Software Engineer,16.0,5,Middle,.Net,".NET, SQL",65000.0,0.0,65000.0,0,30,Full-time employee,Unlimited contract,German,51-100,Consulting / Agency,No,30.0,0,65000.0,.Net,35-39
768,26/11/2020 13:35:07,30.0,Male,Berlin,DevOps,7.0,3,Middle,,,80000.0,0.0,,,30,Full-time employee,Unlimited contract,English,1000+,Startup,No,,,80000.0,,30-34
769,26/11/2020 14:10:57,30.0,Male,Berlin,Mobile Developer,8.0,5,Senior,Swift,"Python, Kotlin, Swift, Javascript / Typescript",60000.0,0.0,,,50,Self-employed (freelancer),Temporary contract,English,up to 10,Consulting / Agency,Leads and project inquiries have slowed down,,No,60000.0,Swift,30-34
770,26/11/2020 14:37:05,27.0,Male,Bucharest,QA Engineer,1.0,0,Junior,Javascript,Javascript / Typescript,11000.0,0.0,,,,,,,,,,,,11000.0,Javascript,25-29
771,26/11/2020 14:48:23,39.0,Male,Berlin,Software Engineer,19.0,7,Senior,Golang,"Python, Ruby, Go, AWS, Google Cloud, Kubernetes, Docker",87000.0,97000.0,82000.0,92000,unlimited,Full-time employee,Unlimited contract,English,11-50,Startup,No,40.0,500,184000.0,Golang,35-39
772,26/11/2020 14:53:30,30.0,Male,Munich,Software Engineer,10.0,3,Senior,Офмф,,79000.0,0.0,,,,Full-time employee,Unlimited contract,English,11-50,Product,No,,,79000.0,Офмф,30-34
773,26/11/2020 15:14:31,32.0,Male,Berlin,Software Engineer,11.0,1,Senior,C++,"Python, C/C++, Rust",100000.0,10000.0,,,30,Full-time employee,Unlimited contract,English,1000+,Product,No,,1000,110000.0,C++,30-34
774,26/11/2020 15:29:49,35.0,Male,Berlin,Backend Developer,12.0,3,Senior,php,"SQL, Google Cloud, Docker",54000.0,0.0,,,27,Full-time employee,Unlimited contract,English,101-1000,Product,No,4.0,,54000.0,php,35-39
775,26/11/2020 15:31:02,34.0,Male,Berlin,Data Scientist,6.0,4.5,Senior,python,"Python, Javascript / Typescript, SQL, Google Cloud, Docker",80000.0,10000.0,76000.0,0,27,Full-time employee,Unlimited contract,English,1000+,Product,No,,1000,90000.0,python,30-34
776,26/11/2020 15:37:45,26.0,Male,Berlin,Data Scientist,4.0,2,Middle,Python,"Python, SQL, Google Cloud, Docker",60000.0,6000.0,60000.0,6000,27,Full-time employee,Unlimited contract,English,1000+,Ecommerce,No,,180,66000.0,Python,25-29
777,26/11/2020 16:20:53,29.0,Male,Helsinki,Mobile Developer,7.0,0,Senior,Kotlin,"Javascript / Typescript, Java / Scala, Flutter",64000.0,1100.0,,,30,Full-time employee,Unlimited contract,English,51-100,Consulting / Agency,No,0.0,,65100.0,Kotlin,25-29
778,26/11/2020 17:08:47,42.0,Male,Berlin,Frontend Developer,18.0,5,Senior,React JS,Javascript / Typescript,850000.0,95000.0,75000.0,82000,35,Full-time employee,Unlimited contract,English,101-1000,Product,Yes,,5000,945000.0,React JS,40-49
779,26/11/2020 17:24:39,31.0,Male,Berlin,Software Engineer,12.0,2,Senior,Java,"SQL, Go, AWS, Kubernetes, Docker",60000.0,0.0,55000.0,,27,Full-time employee,Unlimited contract,English,1000+,Product,No,,500,60000.0,Java,30-34
780,26/11/2020 17:25:10,30.0,Male,Berlin,Backend Developer,8.0,0,Senior,,"Javascript / Typescript, Ruby, Elixir",73000.0,0.0,,,25,Full-time employee,Unlimited contract,English,51-100,Startup,No,,,73000.0,,30-34
781,26/11/2020 17:27:56,33.0,Male,Berlin,Software Engineer,10.0,5,Senior,Python,"PHP, Javascript / Typescript, SQL, Go, Google Cloud, Kubernetes, Docker",80000.0,10000.0,70000.0,0,28,Full-time employee,Unlimited contract,English,1000+,Product,No,,700,90000.0,Python,30-34
782,26/11/2020 17:45:29,28.0,Male,Berlin,Data Engineer,6.0,1.5,Middle,Python,"Java / Scala, SQL, Kubernetes, Docker",83000.0,0.0,75000.0,0,30,Full-time employee,Unlimited contract,English,1000+,Product,No,20.0,1500,83000.0,Python,25-29
783,26/11/2020 18:08:57,33.0,Male,Prague,Designer (UI/UX),7.0,,Senior,,,42000.0,0.0,39000.0,,24,Full-time employee,Unlimited contract,English,1000+,Product,No,,,42000.0,,30-34
784,26/11/2020 18:57:33,35.0,Male,Düsseldorf,Data Scientist,3.0,3,Middle,Python,"SQL, AWS",68000.0,8000.0,60000.0,8000,26,Full-time employee,Unlimited contract,English,51-100,E-Commerce,No,,,76000.0,Python,35-39
785,26/11/2020 19:22:38,35.0,Male,Berlin,Consultant,16.0,6,Senior,Python,"Python, Java / Scala, SQL, Google Cloud",100000.0,30000.0,100000.0,30000,30,Full-time employee,Unlimited contract,English,1000+,Product,No,,,130000.0,Python,35-39
786,26/11/2020 19:22:45,31.0,Male,Berlin,Software Engineer,8.0,3,Senior,Typescript ,"Javascript / Typescript, Java / Scala, Go, Rust, AWS, Kubernetes, Docker",80000.0,0.0,,,28,Full-time employee,Unlimited contract,English,1000+,Product,No,,500,80000.0,Typescript,30-34
787,26/11/2020 19:25:56,32.0,Male,Siegen,Software Engineer,13.0,1,Junior,C,C/C++,48000.0,0.0,,,28,Full-time employee,Unlimited contract,English,51-100,Product,No,,,48000.0,C,30-34
788,26/11/2020 20:19:33,38.0,Male,Berlin,Software Engineer,15.0,3,Senior,Go,"Google Cloud, Docker",75000.0,0.0,73000.0,0,28,Full-time employee,Unlimited contract,English,101-1000,Product,No,0.0,0,75000.0,Go,35-39
789,26/11/2020 20:19:38,29.0,Male,Berlin,Engineering Manager,9.0,0.1,Lead,Go,"SQL, AWS, Docker",85000.0,0.0,,,27,Full-time employee,Unlimited contract,English,101-1000,Product,No,,,85000.0,Go,25-29
790,26/11/2020 20:41:46,33.0,Male,Berlin,Backend Developer,13.0,1,Senior,Java,"Kotlin, Java / Scala, SQL, AWS, Google Cloud, Docker",110000.0,0.0,,,24,Full-time employee,Unlimited contract,English,101-1000,Product,No,0.0,400,110000.0,Java,30-34
791,26/11/2020 20:57:32,30.0,Male,Berlin,DevOps,7.0,1,Senior,,"Python, SQL, AWS, Kubernetes, Docker",70000.0,10000.0,70000.0,10000,26,Full-time employee,Unlimited contract,English,101-1000,Product,No,,No,80000.0,,30-34
792,26/11/2020 21:13:25,28.0,Male,Berlin,Fullstack Developer,6.0,6,Senior,JavaScript,"Javascript / Typescript, SQL, AWS, Docker",75000.0,0.0,60000.0,,23+,Full-time employee,Unlimited contract,English,11-50,Startup,No,,,75000.0,JavaScript,25-29
793,26/11/2020 21:13:28,32.0,Male,Berlin,Senior Data Engineer,9.0,4,Senior,Python,"Java / Scala, SQL, AWS",90000.0,0.0,85000.0,,30,Full-time employee,Unlimited contract,English,51-100,Startup,No,,,90000.0,Python,30-34
794,26/11/2020 21:19:48,39.0,Male,Berlin,Frontend Developer,10.0,3,Senior,Javascript,"Javascript / Typescript, Ruby, AWS, Docker",85000.0,0.0,,,27,Full-time employee,Unlimited contract,English,101-1000,Product,No,,,85000.0,Javascript,35-39
795,26/11/2020 21:22:59,31.0,Male,Minsk,Frontend Developer,6.0,0,Senior,TypeScript/Angular,"Python, Javascript / Typescript",110000.0,0.0,90000.0,,30,Full-time employee,Unlimited contract,English,11-50,Product,No,,,110000.0,TypeScript,30-34
796,26/11/2020 21:29:02,33.0,Male,Berlin,Software Engineer,10.0,5,Senior,golang,"Go, Google Cloud, Kubernetes, Docker",110000.0,7000.0,110000.0,7000,30,Full-time employee,Unlimited contract,English,101-1000,Product,No,,,117000.0,golang,30-34
797,26/11/2020 21:30:58,30.0,Male,Berlin,QA Engineer,8.0,3,Senior,Python,"Python, C/C++, Docker",68000.0,0.0,66000.0,,30,Full-time employee,Unlimited contract,English,51-100,Startup,No,,,68000.0,Python,30-34
798,26/11/2020 21:35:14,39.0,Female,Munich,DevOps,11.0,11,Lead,,SQL,93000.0,0.0,93000.0,,30,Part-time employee,Unlimited contract,German,1000+,Product,No,,,93000.0,,35-39
799,26/11/2020 21:42:38,30.0,Female,Düsseldorf ,Analyst,2.0,2,Junior,R,"Python, SQL",45000.0,0.0,,,28,Full-time employee,Unlimited contract,English,1000+,Product,No,,,45000.0,R,30-34
800,26/11/2020 21:49:57,37.0,Male,Munich,Software Engineer,15.0,6,Senior,C#,"Python, PHP, Javascript / Typescript, .NET, Java / Scala, AWS, Azure",80000.0,0.0,65000.0,,30,Full-time employee,Unlimited contract,German,51-100,Consulting / Agency,Yes,,,80000.0,C#,35-39
801,26/11/2020 21:50:13,42.0,Male,Berlin,Software Engineer,20.0,2,Senior,PHP,"PHP, Javascript / Typescript, AWS, Docker",65000.0,5000.0,63000.0,10000,27,Full-time employee,Unlimited contract,English,101-1000,Startup,No,,,70000.0,PHP,40-49
802,26/11/2020 22:09:35,28.0,Male,Munich,IT Manager,6.0,3,Middle,,Azure,65000.0,10000.0,58000.0,65000,28,Full-time employee,Unlimited contract,English,51-100,Consulting / Agency,No,,,75000.0,,25-29
803,26/11/2020 22:35:44,31.0,Male,Nuremberg,QA Engineer,9.0,5,Middle,Java,"Javascript / Typescript, Java / Scala",60000.0,65000.0,57000.0,59000,30,Full-time employee,Unlimited contract,English,1000+,Product,No,,No,125000.0,Java,30-34
804,26/11/2020 22:41:33,20.0,Male,Berlin,Mobile Developer,5.0,2,Lead,C#,.NET,240000.0,15000.0,,,27,Full-time employee,Unlimited contract,English,1000+,Product,Yes,0.0,0,255000.0,C#,18-24
805,26/11/2020 22:44:06,34.0,Female,Berlin,QA Engineer,111.0,11,Senior,Python,"AWS, Kubernetes, Docker",60000.0,2000.0,36000.0,0,28,Full-time employee,Unlimited contract,German,1000+,Product,No,40.0,250,62000.0,Python,30-34
806,26/11/2020 23:22:43,38.0,Male,Berlin,Head of IT ,15.0,5,Head,,,80000.0,5000.0,75000.0,,30,Full-time employee,Unlimited contract,English,101-1000,Product,No,,300,85000.0,,35-39
807,26/11/2020 23:26:02,35.0,Male,Berlin,Engineering Manager,20.0,6,Lead,Go,"PHP, Java / Scala, Go, AWS, Docker",85000.0,0.0,75000.0,0,26,Full-time employee,Unlimited contract,English,11-50,Product,No,0.0,500,85000.0,Go,35-39
808,26/11/2020 23:34:45,31.0,Male,Munich,Software Engineer,14.0,1.5,Senior,C++,"Javascript / Typescript, Java / Scala",75000.0,0.0,,,30,Full-time employee,Unlimited contract,English,101-1000,Consulting / Agency,No,,,75000.0,C++,30-34
809,26/11/2020 23:40:18,37.0,Male,Berlin,Software Engineer,11.0,5,Senior,Python,"C/C++, SQL, Docker",73000.0,30000.0,67000.0,0,28,Full-time employee,Unlimited contract,English,101-1000,Product,No,,,103000.0,Python,35-39
810,26/11/2020 23:45:20,37.0,Male,Berlin,Backend Developer,12.0,2.6,Lead,Kotlin/PHP,"Kotlin, PHP, SQL",90000.0,0.0,84000.0,,28,Full-time employee,Unlimited contract,English,11-50,Product,No,10.0,,90000.0,Kotlin,35-39
811,27/11/2020 00:02:27,34.0,Male,Berlin,Mobile Developer,9.0,2,Senior,iOS,Swift,80000.0,10000.0,67000.0,0,27,Full-time employee,Unlimited contract,English,1000+,Product,No,,600,90000.0,iOS,30-34
812,27/11/2020 00:29:36,25.0,Male,Marseille,Data Scientist,1.0,,Junior,Python,"Python, Javascript / Typescript, SQL, Docker",42000.0,50000.0,,,30,Full-time employee,Unlimited contract,English,up to 10,Startup,No,,,92000.0,Python,25-29
813,27/11/2020 00:33:53,42.0,Male,Friedrichshafen,Software Engineer,20.0,1,Senior,C++,"Python, C/C++, .NET",70000.0,0.0,,,30,Full-time employee,Unlimited contract,English,101-1000,Product,No,,500,70000.0,C++,40-49
814,27/11/2020 00:35:10,35.0,Female,Berlin,Product Manager,13.0,6,Senior,,,85000.0,0.0,64000.0,,26,Full-time employee,Unlimited contract,English,101-1000,Product,No,,,85000.0,,35-39
815,27/11/2020 06:57:33,37.0,Male,Berlin,QA Engineer,8.0,7,Middle,,,54000.0,0.0,54000.0,,30,Full-time employee,Unlimited contract,German,101-1000,Product,No,,,54000.0,,35-39
816,27/11/2020 08:08:17,33.0,Female,Berlin,Data Scientist,8.0,4,Senior,Python ,"SQL, Google Cloud, Docker",77000.0,0.0,70000.0,0,27,Full-time employee,Unlimited contract,English,1000+,Product,No,,1700,77000.0,Python,30-34
817,27/11/2020 09:50:36,26.0,Female,Moscow,Frontend Developer,6.0,0,Senior,JavaScript,Javascript / Typescript,33000.0,0.0,27000.0,0,,Full-time employee,Unlimited contract,Russian,101-1000,Product,No,0.0,0,33000.0,JavaScript,25-29
818,27/11/2020 10:25:49,46.0,Male,Stuttgart,Software Engineer,13.0,6,Middle,C++,Python,70000.0,3000.0,68000.0,0,30,Full-time employee,Unlimited contract,English,1000+,Product,No,4.0,0,73000.0,C++,40-49
819,27/11/2020 10:43:49,30.0,Male,Berlin,DevOps,11.0,2,Senior,,,80000.0,0.0,75000.0,,26,Full-time employee,Unlimited contract,English,101-1000,Product,No,,,80000.0,,30-34
820,27/11/2020 11:04:39,34.0,Male,Berlin,Lead Software Developer,13.0,2,Lead,C#,".NET, Kubernetes, Docker",65000.0,0.0,65000.0,0,30,Full-time employee,Unlimited contract,English,51-100,Product,No,,,65000.0,C#,30-34
821,27/11/2020 11:09:58,35.0,Male,Berlin,Software Engineer,15.0,4,Senior,Java,"Python, SQL, AWS, Docker",85000.0,0.0,85000.0,0,25,Full-time employee,Unlimited contract,English,11-50,Product,No,,,85000.0,Java,35-39
822,27/11/2020 11:44:47,27.0,Male,Berlin,Backend Developer,4.0,4,Senior,Go,"Python, C/C++, Go, AWS, Docker",70000.0,0.0,,,25,Full-time employee,Unlimited contract,English,11-50,Startup,No,,,70000.0,Go,25-29
823,27/11/2020 11:46:07,31.0,Male,Berlin,Software Engineer,7.0,5,Lead,python,"Python, Javascript / Typescript, SQL, Go, AWS, Google Cloud, Kubernetes, Docker",80000.0,10000.0,85000.0,0,28,Full-time employee,Unlimited contract,English,1000+,Product,Yes,,600,90000.0,python,30-34
824,27/11/2020 11:53:47,24.0,Male,Berlin,Software Engineer,2.0,2,Junior,Java,"Python, Java / Scala, SQL, AWS, Google Cloud, Kubernetes, Docker",60000.0,0.0,60000.0,0,28,Full-time employee,Unlimited contract,German,up to 10,Consulting / Agency,No,,,60000.0,Java,18-24
825,27/11/2020 12:01:25,28.0,Male,Berlin,Data Engineer,7.0,3,Senior,Python,"Python, SQL, AWS, Google Cloud, Kubernetes, Docker",90000.0,0.0,75000.0,,27,Full-time employee,Unlimited contract,English,101-1000,Startup,No,,,90000.0,Python,25-29
826,27/11/2020 12:03:55,42.0,Male,Berlin,Backend Developer,18.0,2,Middle,PHP,,53000.0,0.0,,,26,Full-time employee,Unlimited contract,English,11-50,Product,No,,,53000.0,PHP,40-49
827,27/11/2020 12:05:25,27.0,Male,Berlin,Data Scientist,5.0,1,Middle,Python,SQL,55000.0,0.0,,,24,Full-time employee,Unlimited contract,English,51-100,Product,No,8.0,,55000.0,Python,25-29
828,27/11/2020 12:16:02,30.0,Male,Hannover,Software Engineer,5.0,3,Middle,Python,"Javascript / Typescript, Java / Scala, SQL",45000.0,0.0,45000.0,0,30,Full-time employee,Unlimited contract,English,up to 10,Startup,No,8.0,0,45000.0,Python,30-34
829,27/11/2020 12:20:51,,Male,Berlin,data engineer,11.0,1,Middle,python,"Python, SQL, AWS, Google Cloud",68000.0,0.0,,,28,Full-time employee,Unlimited contract,English,1000+,Product,No,28.0,0,68000.0,python,
830,27/11/2020 12:26:33,26.0,Male,Berlin,Software Engineer,2.0,1.5,Middle,TypeScript,"Python, Kotlin, Javascript / Typescript, SQL, AWS, Docker",58000.0,3000.0,,,28,Full-time employee,Unlimited contract,English,1000+,Consulting / Agency,No,,,61000.0,TypeScript,25-29
831,27/11/2020 12:30:01,37.0,Male,Walldorf,ML Engineer,15.0,15,Lead,Python,"AWS, Google Cloud, Kubernetes, Docker",80000.0,15000.0,75000.0,15000,30,Full-time employee,Unlimited contract,English,1000+,Product,No,0.0,0,95000.0,Python,35-39
832,27/11/2020 12:33:03,,Male,Hamburg,Software Engineer,12.0,12,Senior,Java,"Python, Kotlin, Javascript / Typescript, Java / Scala, SQL, AWS, Google Cloud, Docker",80000.0,0.0,80000.0,,30,Self-employed (freelancer),Temporary contract,German,,Consulting / Agency,No,,,80000.0,Java,
833,27/11/2020 12:42:00,39.0,Male,Munich,Software Engineer,8.0,7,Senior,Python,C/C++,130000.0,50000.0,125000.0,50000,30,Full-time employee,Unlimited contract,English,1000+,Product,No,,,180000.0,Python,35-39
834,27/11/2020 12:44:12,26.0,Female,Berlin,Tech recruiting,25.0,"2,5",Middle,JS,Python,40000.0,1000.0,33000.0,0,25,Full-time employee,Unlimited contract,English,101-1000,Product,No,,,41000.0,JS,25-29
835,27/11/2020 12:53:07,30.0,Male,Hamburg,Data Scientist,5.0,4,Head,Python,"R, SQL, AWS",80000.0,90000.0,70000.0,80000,25,Full-time employee,Unlimited contract,English,11-50,Startup,No,25.0,0,170000.0,Python,30-34
836,27/11/2020 12:56:27,44.0,Male,Frankfurt,Software Engineer,10.0,10,Senior,SAP ABAP,SAP / ABAP,75000.0,80000.0,73000.0,78000,30,Full-time employee,Unlimited contract,Russian,101-1000,Product,No,,,155000.0,SAP ABAP,40-49
837,27/11/2020 13:02:41,26.0,Male,Munich,ML Engineer,5.0,4,Senior,Spark,"Python, Java / Scala, R, SQL",180000.0,0.0,190000.0,0,40,Self-employed (freelancer),Temporary contract,German,up to 10,Consulting / Agency,No,,,180000.0,Spark,25-29
838,27/11/2020 13:02:57,30.0,Male,Munich,Software Engineer,10.0,6,Senior,Go,"Python, C/C++, Javascript / Typescript, Go",151872.0,37968.0,,,30,Full-time employee,Unlimited contract,English,1000+,Startup,No,,,189840.0,Go,30-34
839,27/11/2020 13:12:14,26.0,Male,Eindhoven,ML Engineer,3.0,,Middle,Python,"Python, C/C++, Docker, Tensorflow, PyTorch",48000.0,0.0,42000.0,0,30,Full-time employee,Unlimited contract,English,101-1000,Product,No,,,48000.0,Python,25-29
840,27/11/2020 13:21:26,25.0,Female,Munich,ML Engineer,1.0,1,Junior,AI,"Python, SQL",57000.0,0.0,,,30,Full-time employee,Unlimited contract,English,1000+,Product,No,,,57000.0,AI,25-29
841,27/11/2020 13:24:29,34.0,Male,France,Data Scientist,11.0,0,Senior,Python,"Javascript / Typescript, R, SQL, Google Cloud",80000.0,10000.0,,,25,Full-time employee,Unlimited contract,French,1000+,Consulting / Agency,No,,,90000.0,Python,30-34
842,27/11/2020 13:31:20,38.0,Female,Regensburg,ML Engineer,3.0,3,Middle,Python,"R, SQL",65000.0,0.0,60000.0,,30,Full-time employee,Temporary contract,German,1000+,Product,Yes,0.0,No,65000.0,Python,35-39
843,27/11/2020 13:38:23,40.0,Male,Berlin,Product Manager,13.0,9,Head,,SQL,90000.0,10000.0,75000.0,,30,Full-time employee,Unlimited contract,English,1000+,Product,No,,300,100000.0,,40-49
844,27/11/2020 13:41:01,28.0,Male,Frankfurt,Mobile Developer,5.0,1,Senior,Swift,Swift,50000.0,0.0,50000.0,0,24,Full-time employee,Unlimited contract,English,11-50,Consulting / Agency,No,,,50000.0,Swift,25-29
845,27/11/2020 13:47:57,29.0,Female,Berlin,Data Scientist,2.0,2,Junior,R,Python,52000.0,0.0,,,30,Full-time employee,Unlimited contract,German,up to 10,Consulting / Agency,No,0.0,0,52000.0,R,25-29
846,27/11/2020 14:08:28,30.0,Female,Berlin,ML Engineer,5.0,1.5,Middle,pythin,"Python, SQL, Docker",51000.0,0.0,46000.0,,30,Full-time employee,Unlimited contract,English,11-50,Startup,No,,,51000.0,pythin,30-34
847,27/11/2020 14:14:20,28.0,Male,"Warsaw, Poland",Software Engineer,6.0,3 (in Poland),Middle,C#,"Javascript / Typescript, .NET, SQL",52800.0,4400.0,47500.0,3900,26,Full-time employee,Unlimited contract,English,51-100,Consulting / Agency,No,,0,57200.0,C#,25-29
848,27/11/2020 14:34:16,,Female,Berlin,Data Scientist,1.0,8,Junior,Python,"Python, R, SQL, Azure",55000.0,0.0,,,30,Full-time employee,Unlimited contract,English,1000+,Product,No,,No,55000.0,Python,
849,27/11/2020 14:43:39,42.0,Male,Berlin,Software Engineer,12.0,12,Lead,Java,"Kotlin, SQL, Kubernetes, Docker",95000.0,0.0,,,30,Full-time employee,Unlimited contract,English,101-1000,Product,No,,250,95000.0,Java,40-49
850,27/11/2020 14:45:29,27.0,Male,Berlin,ML Engineer,5.0,1,Senior,Python,Google Cloud,70000.0,0.0,,,,,,,,,,,,70000.0,Python,25-29
851,27/11/2020 14:52:02,29.0,Male,Munich,Data Scientist,4.0,4,Middle,Python,"Java / Scala, SQL, AWS, Azure",61500.0,66500.0,53000.0,58000,30,Full-time employee,Unlimited contract,English,11-50,Consulting / Agency,No,4.0,0,128000.0,Python,25-29
852,27/11/2020 14:54:00,29.0,Male,Munich,Software Engineer,4.0,4,Middle,R,"Python, SQL",78000.0,4000.0,78000.0,4000,30,Full-time employee,Unlimited contract,English,1000+,Semiconductor,No,,,82000.0,R,25-29
853,27/11/2020 14:55:13,29.0,Female,Cologne,ML Engineer,1.0,1,Middle,julia,,500000000.0,5000000000.0,500000000.0,50000000,99,Full-time employee,Unlimited contract,English,up to 10,Startup,No,0.0,0,5500000000.0,julia,25-29
854,27/11/2020 15:26:10,27.0,Female,Berlin,Backend Developer,1.0,1,Junior,Java,,42000.0,3000.0,42000.0,3000,28,Full-time employee,Unlimited contract,German,101-1000,Product,No,,,45000.0,Java,25-29
855,27/11/2020 15:28:36,36.0,Male,Berlin,CTO,158.0,13,C-Level,Java & PHP,"Python, PHP, Javascript / Typescript, Java / Scala, SQL, AWS, Google Cloud, Kubernetes, Docker",150000.0,50000.0,120000.0,30000,30,Full-time employee,Unlimited contract,German,101-1000,Media,No,0.0,0,200000.0,Java & PHP,35-39
856,27/11/2020 15:31:37,37.0,Male,Munich,Software Engineer,14.0,6,Head,Typescript,"Python, Javascript / Typescript, Java / Scala, SQL, AWS, Google Cloud, Docker",84000.0,84000.0,84000.0,80000,30,Full-time employee,Unlimited contract,English,up to 10,Product,No,40.0,0,168000.0,Typescript,35-39
857,27/11/2020 15:49:51,31.0,Male,Amsterdam,Data Scientist,10.0,0,Lead,Python,"Javascript / Typescript, R, SQL, AWS, Azure, Docker",100000.0,20000.0,,,30,Full-time employee,Unlimited contract,English,11-50,Product,No,0.0,0,120000.0,Python,30-34
858,27/11/2020 15:57:34,35.0,Male,Berlin,Data Analyst,5.0,5,Middle,R,"R, SQL, Google Cloud",49000.0,0.0,48000.0,0,26,Full-time employee,Unlimited contract,English,101-1000,Product,No,,400,49000.0,R,35-39
859,27/11/2020 16:22:55,27.0,Male,Berlin,Data Scientist,4.0,2,Junior,Python,"C/C++, Javascript / Typescript",60000.0,80000.0,,,15,Full-time employee,Temporary contract,English,51-100,Consulting / Agency,No,,,140000.0,Python,25-29
860,27/11/2020 16:43:00,29.0,Male,Munich,Data Analyst ,6.0,4,Middle,Python,"Javascript / Typescript, SQL, AWS, Kubernetes, Docker",68000.0,4500.0,,,28,Full-time employee,Unlimited contract,English,101-1000,Product,No,0.0,1500,72500.0,Python,25-29
861,27/11/2020 17:18:20,36.0,Male,Berlin,Backend Developer,5.0,2,Senior,Java,"Java / Scala, Kubernetes, Docker",70000.0,0.0,60000.0,0,28,Full-time employee,Unlimited contract,English,101-1000,Startup,No,,600,70000.0,Java,35-39
862,27/11/2020 17:21:50,33.0,Male,Munich,Backend Developer,10.0,10,Senior,Java,"Python, Kotlin, Go, Kubernetes",70000.0,0.0,70000.0,70000,30,Full-time employee,Unlimited contract,English,11-50,Consulting / Agency,No,20.0,0,70000.0,Java,30-34
863,27/11/2020 17:38:58,42.0,Male,Berlin,Software Engineer,12.0,12,Lead,Java,"Kotlin, SQL, Kubernetes, Docker",95000.0,0.0,,,30,Full-time employee,Unlimited contract,English,101-1000,Product,No,,250,95000.0,Java,40-49
864,27/11/2020 17:46:19,32.0,Female,Berlin,BI Analyst ,1.0,1,Junior,Sql ,Python,48000.0,0.0,,,28,Full-time employee,Unlimited contract,English,101-1000,Startup,No,,,48000.0,Sql,30-34
865,27/11/2020 17:47:59,30.0,Male,Berlin,Software Engineer,10.0,7,Lead,Frontend,"C/C++, Javascript / Typescript, Go, AWS, Docker",115000.0,17000.0,100000.0,8500,28,Full-time employee,Unlimited contract,English,1000+,Consulting / Agency,No,,200,132000.0,Frontend,30-34
866,27/11/2020 18:13:16,29.0,Female,Berlin,Software Engineer,4.0,4,Middle,Java/Kotlin,"Javascript / Typescript, SQL, AWS, Google Cloud, Kubernetes, Docker",60000.0,15900.0,,,30,Full-time employee,Unlimited contract,English,101-1000,Consulting / Agency,No,,300,75900.0,Java,25-29
867,27/11/2020 18:27:25,23.0,Male,Munich,ML Engineer,1.0,<1,Junior,Python,"C/C++, SQL, Google Cloud, Docker",49000.0,0.0,,,,Full-time employee,Unlimited contract,English,101-1000,Product,Yes,,,49000.0,Python,18-24
868,27/11/2020 19:08:08,35.0,Female,Berlin,Frontend Developer,2.0,2,Junior,React,Javascript / Typescript,40000.0,0.0,38000.0,,30,Full-time employee,Unlimited contract,English,101-1000,Startup,No,,200 Amazon voucher,40000.0,React,35-39
869,27/11/2020 19:13:30,36.0,Male,Frankfurt,Software Engineer,14.0,,Senior,C++/c,"Python, Docker",81500.0,4500.0,78500.0,8100,30,Full-time employee,Unlimited contract,English,1000+,Product,No,,460,86000.0,C++,35-39
870,27/11/2020 19:45:57,34.0,Male,Berlin,BI Developer / Data Engineer,10.0,5,Senior,SQL,Python,75000.0,7500.0,65000.0,65000,30,Full-time employee,Unlimited contract,English,101-1000,Product,No,0.0,,82500.0,SQL,30-34
871,27/11/2020 19:50:24,34.0,Male,Berlin,DevOps,12.0,2,Lead,Kubernetes,"Python, Go, AWS, Kubernetes, Docker",94000.0,0.0,92000.0,0,28,Full-time employee,Unlimited contract,English,1000+,Product,No,,,94000.0,Kubernetes,30-34
872,27/11/2020 20:17:35,31.0,Male,Munich,ML Engineer,4.0,4,Senior,Python,Python,100000.0,100000.0,86000.0,86000,20,Full-time employee,Unlimited contract,English,1000+,Product,No,,,200000.0,Python,30-34
873,27/11/2020 20:41:17,34.0,Female,Berlin,QA Engineer,7.0,0,Senior,Java,"Java / Scala, SQL, Docker",55000.0,0.0,,,25,Full-time employee,Unlimited contract,English,101-1000,Product,No,,500,55000.0,Java,30-34
874,27/11/2020 20:47:20,31.0,Male,Munich,Data Scientist,,2,Middle,Python,"Python, C/C++, Azure, Docker",60000.0,2000.0,,,27,Full-time employee,Unlimited contract,English,101-1000,Consulting / Agency,No,,,62000.0,Python,30-34
875,27/11/2020 21:00:34,33.0,Male,Munich,Frontend Developer,14.0,8,Senior,"Angular, Typescript","PHP, Javascript / Typescript",80000.0,0.0,,,28,Full-time employee,Unlimited contract,German,11-50,Product,No,,,80000.0,Angular Typescript,30-34
876,27/11/2020 21:29:14,33.0,Male,Frankfurt,Software Engineer,8.0,5,Senior,C#,"Javascript / Typescript, .NET, SQL",67000.0,6000.0,63500.0,5000,28,Full-time employee,Unlimited contract,English,11-50,Product,No,,1500,73000.0,C#,30-34
877,27/11/2020 21:35:38,33.0,Male,Munich,Backend Developer,12.0,0.5,Middle,PHP,"PHP, Javascript / Typescript, SQL, Docker",56000.0,0.0,,,28,Full-time employee,Unlimited contract,English,101-1000,Product,No,,,56000.0,PHP,30-34
878,27/11/2020 21:36:09,29.0,Male,Milan,Data Scientist,3.0,0,Middle,Python,"Python, SQL",32000.0,6000.0,,,24,Full-time employee,Unlimited contract,,11-50,Startup,No,,,38000.0,Python,25-29
879,27/11/2020 21:45:12,44.0,Female,Berlin,ML Engineer,13.0,0,Junior,,"Python, R, SQL, AWS, Google Cloud, Azure, Docker",45000.0,0.0,,0,,Full-time employee,Unlimited contract,English,51-100,Consulting / Agency,No,,,45000.0,,40-49
880,27/11/2020 22:14:52,31.0,Male,Berlin,Backend Developer,5.0,2,Senior,Python,"Python, SQL, AWS, Kubernetes, Docker",77000.0,0.0,60000.0,,28,Full-time employee,Unlimited contract,English,1000+,Product,No,0.0,40,77000.0,Python,30-34
881,27/11/2020 22:20:22,26.0,Male,Berlin,Data Scientist,2.0,1,Junior,Pyrhon,"Python, SQL, AWS, Google Cloud, Kubernetes, Docker",55000.0,55000.0,,,27,Full-time employee,Unlimited contract,English,1000+,,No,,600,110000.0,Pyrhon,25-29
882,27/11/2020 22:35:06,42.0,Male,Berlin,Software Engineer,12.0,12,Lead,Java,"Kotlin, SQL, Kubernetes, Docker",95000.0,0.0,,,30,Full-time employee,Unlimited contract,English,101-1000,Product,No,,250,95000.0,Java,40-49
883,28/11/2020 05:36:11,27.0,Male,Hamburg,Backend Developer,3.0,⁰,Middle,.net,"Javascript / Typescript, .NET, SQL, Docker",10001.0,0.0,,,,Part-time employee,Temporary contract,English,11-50,Consulting / Agency,No,,,10001.0,.net,25-29
884,28/11/2020 07:10:16,33.0,Male,Berlin,Product Manager,5.0,5,Middle,PM tools,,70000.0,0.0,,,26,Full-time employee,Temporary contract,English,1000+,Product,No,,,70000.0,PM tools,30-34
885,28/11/2020 08:39:21,33.0,Male,Heilbronn,Senior Scrum Master (RTE),7.0,7,Lead,C++,C/C++,90000.0,0.0,104000.0,10000,30,Full-time employee,Unlimited contract,German,1000+,Product,No,5.0,0,90000.0,C++,30-34
886,28/11/2020 10:53:43,36.0,Male,Frankfurt,QA Engineer,9.0,2,Senior,,,64000.0,0.0,60000.0,,30,Full-time employee,Unlimited contract,English,101-1000,Consulting / Agency,No,,,64000.0,,35-39
887,28/11/2020 12:31:36,31.0,Male,Berlin,Backend Developer,9.0,9,Senior,"Grails, Groovy","Java / Scala, SQL, AWS",67473.0,0.0,63000.0,0,28,Full-time employee,Unlimited contract,English,101-1000,Product,No,,,67473.0,Grails Groovy,30-34
888,28/11/2020 12:42:48,42.0,Male,Berlin,Software Engineer,12.0,12,Lead,Java,"Kotlin, SQL, Kubernetes, Docker",95000.0,0.0,,,30,Full-time employee,Unlimited contract,English,101-1000,Product,No,,250,95000.0,Java,40-49
889,28/11/2020 13:49:27,30.0,Male,Berlin,Head of BI,7.0,7,Head,Python,"Python, SQL, AWS, Kubernetes, Docker",100000.0,0.0,100000.0,,30,Full-time employee,Unlimited contract,English,101-1000,Startup,No,,,100000.0,Python,30-34
890,28/11/2020 14:13:25,32.0,Female,Berlin,QA Engineer,10.0,4,Lead,Java,"Python, Kotlin, .NET, SQL, Go, Docker",65000.0,6000.0,55000.0,,33,Full-time employee,Unlimited contract,German,1000+,Product,No,,,71000.0,Java,30-34
891,28/11/2020 17:56:48,34.0,Male,Berlin,Software Engineer,16.0,5,Lead,Ruby,"Kotlin, Javascript / Typescript, Java / Scala",91000.0,0.0,91000.0,,26,Full-time employee,Unlimited contract,English,101-1000,Startup,No,,,91000.0,Ruby,30-34
892,28/11/2020 19:20:34,35.0,Male,Berlin,Data Scientist,15.0,10,Middle,C++,Python,60000.0,0.0,60000.0,0,30,Full-time employee,Temporary contract,English,101-1000,Product,No,0.0,0,60000.0,C++,35-39
893,28/11/2020 19:42:06,33.0,Male,Munich,SRE,10.0,4,Senior,PHP,"Python, Javascript / Typescript, Ruby, Java / Scala, AWS, Kubernetes, Docker",79000.0,0.0,75000.0,3000,30,Full-time employee,Unlimited contract,English,1000+,Product,No,28.0,0,79000.0,PHP,30-34
894,28/11/2020 20:21:28,39.0,Male,Düsseldorf ,Technical project manager,12.0,4,Senior,PHP,SQL,65000.0,6000.0,58000.0,,30,Full-time employee,Unlimited contract,German,1000+,Consulting / Agency,No,,,71000.0,PHP,35-39
895,28/11/2020 20:23:28,39.0,Female,Stuttgart ,Project manager ,13.0,13,Senior,,,108000.0,0.0,102000.0,0,30,Full-time employee,Unlimited contract,German,1000+,Automotive ,No,32.0,,108000.0,,35-39
896,28/11/2020 21:02:40,25.0,Female,Berlin,support engineer,2.0,2,Middle,python ,"Python, Javascript / Typescript, Ruby, SQL",45000.0,45000.0,12000.0,12000,26,Full-time employee,Unlimited contract,English,1000+,Startup,Yes,,,90000.0,python,25-29
897,28/11/2020 22:07:47,34.0,Male,Munich,Frontend Developer,4.0,3,Middle,JavaScript,"Javascript / Typescript, Go",66000.0,0.0,66000.0,,30,Full-time employee,Unlimited contract,English,101-1000,Product,No,30.0,,66000.0,JavaScript,30-34
898,28/11/2020 22:16:17,28.0,Male,London,Software Engineer,8.0,0,Senior,.NET,"Javascript / Typescript, .NET, SQL, AWS",75000.0,6000.0,,,28,Full-time employee,Unlimited contract,English,101-1000,Product,No,,,81000.0,.NET,25-29
899,29/11/2020 01:29:24,35.0,Male,Berlin,Frontend Developer,6.0,1,Middle,React / JavaScript,Javascript / Typescript,66500.0,0.0,,,27,Full-time employee,Unlimited contract,English,1000+,Product,No,,160,66500.0,React,35-39
900,29/11/2020 03:48:11,38.0,Male,Berlin,Backend Developer,8.0,8,Senior,Perl,"SQL, Go, AWS, Docker",64000.0,73000.0,64000.0,64000,30,Full-time employee,Unlimited contract,German,1000+,Product,No,,200,137000.0,Perl,35-39
901,29/11/2020 09:34:53,34.0,Male,Munich,Backend Developer,13.0,2,Lead,Java,"Kotlin, Javascript / Typescript, Java / Scala, AWS, Azure, Kubernetes, Docker",105000.0,15000.0,70000.0,7000,30,Full-time employee,Unlimited contract,English,11-50,Startup,No,,,120000.0,Java,30-34
902,29/11/2020 10:06:00,36.0,Male,Dortmund,Software Engineer,8.0,8,Senior,kotlin,"Python, Kotlin, Javascript / Typescript, Java / Scala, SQL, AWS, Kubernetes, Docker",83000.0,0.0,81000.0,,30,Full-time employee,Unlimited contract,English,1000+,Product,No,,500,83000.0,kotlin,35-39
903,29/11/2020 10:27:35,30.0,Female,Munich,Software Engineer,8.0,2,Senior,Java,"AWS, Docker",52000.0,0.0,52000.0,,28,Full-time employee,Unlimited contract,German,1000+,Consulting / Agency,No,,,52000.0,Java,30-34
904,29/11/2020 12:27:03,,Male,Berlin,Software Engineer,10.0,10,Senior,.net,".NET, SQL, Azure",62000.0,0.0,57000.0,,30,Full-time employee,Unlimited contract,German,1000+,,No,,0,62000.0,.net,
905,29/11/2020 13:17:18,27.0,Male,Berlin,Data Engineer,6.0,3,Middle,Python,"Python, AWS",74000.0,21000.0,70000.0,0,25,Full-time employee,Unlimited contract,English,1000+,Product,No,,200,95000.0,Python,25-29
906,29/11/2020 14:27:45,27.0,Male,Berlin,QA Engineer,5.0,1.5,Middle,Java,"Python, Javascript / Typescript, Google Cloud, Kubernetes, Docker",56700.0,0.0,,,30,Full-time employee,Unlimited contract,English,101-1000,Product,No,28.0,0,56700.0,Java,25-29
907,29/11/2020 15:23:30,33.0,Male,Berlin,Software Engineer,7.0,1,Middle,Ruby,"Javascript / Typescript, Ruby, AWS, Docker",54000.0,0.0,,,28,Full-time employee,Temporary contract,English,51-100,Startup,No,20.0,0,54000.0,Ruby,30-34
908,29/11/2020 15:26:18,29.0,Male,Berlin,Security engineer,7.0,2,Middle,,"Python, SQL, Go, AWS, Kubernetes, Docker",72000.0,0.0,,,25,Full-time employee,Unlimited contract,English,101-1000,Product,No,,,72000.0,,25-29
909,29/11/2020 17:12:02,30.0,Female,Cologne,Data Scientist,8.0,7,Senior,"Python, cloud computing ","Python, SQL, AWS, Azure",85000.0,7000.0,83200.0,6800,30,Full-time employee,Unlimited contract,both,1000+,Utilities,No,,,92000.0,Python cloud computing,30-34
910,29/11/2020 17:48:04,25.0,Male,Frankfurt,DevOps,2.0,2,Junior,Python,"Python, AWS, Kubernetes, Docker",65000.0,0.0,,,28,Full-time employee,Unlimited contract,English,1000+,Consulting / Agency,No,,,65000.0,Python,25-29
911,29/11/2020 18:41:38,38.0,Male,Berlin,Software Engineer,12.0,6,Senior,Java,Kotlin,92000.0,40000.0,85000.0,30000,Unlimited,Full-time employee,Unlimited contract,English,1000+,Product,No,,,132000.0,Java,35-39
912,29/11/2020 18:51:15,30.0,Female,Jena,Software Engineer,4.0,4,Middle,JS,"Python, PHP, Javascript / Typescript, SQL, AWS",54000.0,0.0,,,,Full-time employee,Temporary contract,English,101-1000,Institute,No,,,54000.0,JS,30-34
913,29/11/2020 19:42:21,24.0,Male,Berlin,ML Engineer,3.0,,,,,90000.0,0.0,,,,,,,,Startup,,,,90000.0,,18-24
914,29/11/2020 20:04:23,34.0,Male,City in Russia,Software Architect,14.0,0,Lead,Haskell,"Python, C/C++, .NET, SQL",100000.0,0.0,80000.0,0,30,Full-time employee,Temporary contract,English,51-100,Product,No,,,100000.0,Haskell,30-34
915,29/11/2020 20:24:21,29.0,Male,Berlin,Frontend Developer,8.0,7,Senior,JavScript,"Javascript / Typescript, AWS, Docker",77250.0,87250.0,65000.0,72000,27,Full-time employee,Unlimited contract,English,101-1000,Product,No,,600,164500.0,JavScript,25-29
916,29/11/2020 20:53:17,27.0,Male,Berlin,Backend Developer,3.0,0,Middle,Java,,57000.0,0.0,,,,Full-time employee,Unlimited contract,English,51-100,Product,No,,,57000.0,Java,25-29
917,29/11/2020 21:34:45,36.0,Male,Berlin,Software Engineer,5.0,1,Middle,JavaScript,Javascript / Typescript,60000.0,0.0,60000.0,0,26,Full-time employee,Unlimited contract,English,101-1000,Startup,No,0.0,no,60000.0,JavaScript,35-39
918,30/11/2020 09:07:15,43.0,Male,Berlin,Software Engineer,20.0,3,Middle,Ruby,"Kotlin, PHP, Ruby, Java / Scala, SQL, AWS, Kubernetes, Docker",70000.0,20000.0,70000.0,10000,25,Full-time employee,Unlimited contract,English,1000+,Product,No,,800,90000.0,Ruby,40-49
919,30/11/2020 09:57:43,32.0,Male,Munich,Frontend Developer,10.0,4,Lead,js,Javascript / Typescript,80000.0,85000.0,,,25,Full-time employee,Unlimited contract,English,11-50,Startup,No,,,165000.0,js,30-34
920,30/11/2020 10:48:04,28.0,Male,Berlin,ML Engineer,0.0,1,Junior,python,"Python, Docker",48000.0,0.0,,,30,Full-time employee,Unlimited contract,English,11-50,Startup,Yes,40.0,0,48000.0,python,25-29
921,30/11/2020 10:49:42,36.0,Male,Nuremberg,Software Engineer,20.0,20,Lead,Java,"Java / Scala, SQL, Kubernetes, Docker",74000.0,6000.0,74000.0,6000,28,Full-time employee,Unlimited contract,German,1000+,Finance,No,0.0,0,80000.0,Java,35-39
922,30/11/2020 10:49:54,38.0,Female,Düsseldorf,Data Scientist,14.0,,Middle,R,"Python, R, SQL",70000.0,75000.0,70000.0,75000,32,Full-time employee,Unlimited contract,German,1000+,Product,No,0.0,0,145000.0,R,35-39
923,30/11/2020 10:50:53,27.0,Male,Nürnberg,QA Engineer,3.0,3,Middle,,,55000.0,0.0,,,30,Full-time employee,Unlimited contract,German,101-1000,Consulting / Agency,No,,,55000.0,,25-29
924,30/11/2020 10:52:55,26.0,Male,Berlin,Backend Developer,2.0,2,Junior,Php,"PHP, Javascript / Typescript, SQL, Docker",25000.0,1000.0,25000.0,700,24,Full-time employee,Unlimited contract,German,11-50,Product,No,,,26000.0,Php,25-29
925,30/11/2020 10:58:04,26.0,Male,Amsterdam,Data Scientist,2.0,,Junior,Python,"Python, SQL, Azure",48000.0,15000.0,43000.0,0,25,Full-time employee,Temporary contract,English,51-100,Fintech,No,,,63000.0,Python,25-29
926,30/11/2020 11:03:07,34.0,Male,Stuttgart ,Software Engineer,6.0,6,Head,C++,"Python, Javascript / Typescript, Java / Scala, R, SQL, AWS, Google Cloud, Azure, Kubernetes, Docker",90000.0,1000.0,70000.0,0,30,Full-time employee,Unlimited contract,German,1000+,Product,No,,,91000.0,C++,30-34
927,30/11/2020 11:06:44,25.0,Male,Stuttgart,Data Scientist,0.0,0,Junior,Python ,"R, SQL, Hadoop Hive",58000.0,0.0,,,30,Full-time employee,Unlimited contract,German,1000+,Handel ,No,,,58000.0,Python,25-29
928,30/11/2020 11:08:23,30.0,Male,Frankfurt,Big Data Engineer,3.0,3,Middle,Python,"SQL, Docker, Apache Spark, Apache Hadoop, Oracle, PostgreSQL, Bash, Apache Impala, Apache Hive",65000.0,3000.0,47000.0,47000,30,Full-time employee,Unlimited contract,English,101-1000,Consulting and Product,No,,,68000.0,Python,30-34
929,30/11/2020 11:13:05,35.0,Male,Berlin,Designer (UI/UX),10.0,6,Senior,,"Figma, Sketch, Photoshop, etc...",50400.0,0.0,50400.0,0,29,Full-time employee,Unlimited contract,German,11-50,Consulting / Agency,No,40.0,0,50400.0,,35-39
930,30/11/2020 11:16:18,30.0,Male,Cracow,Business Analyst,7.0,0,Senior,SQL,"Python, AWS, Google Cloud, Azure, Alteryx, SAS",68500.0,70000.0,,41000,26,Full-time employee,Unlimited contract,English,51-100,Consulting / Agency,No,,350,138500.0,SQL,30-34
931,30/11/2020 11:23:45,26.0,Male,Berlin,Software Engineer,5.0,1,Middle,Python (Django),"Python, Javascript / Typescript, SQL, Google Cloud, Kubernetes, Docker",69000.0,2000.0,60000.0,0,27,Full-time employee,Unlimited contract,English,101-1000,Product,No,,800,71000.0,Python (Django),25-29
932,30/11/2020 11:24:53,30.0,Female,Stockholm,QA Engineer,7.0,1,Senior,Python,"Ruby, SQL",48000.0,0.0,45600.0,,30,Full-time employee,Unlimited contract,English,51-100,Product,No,,,48000.0,Python,30-34
933,30/11/2020 11:32:03,33.0,Female,Brunswick,Software Engineer,6.0,4,Middle,C++,Python,58000.0,6000.0,53000.0,14000,30,Full-time employee,Unlimited contract,German,1000+,Product,No,0.0,1000,64000.0,C++,30-34
934,30/11/2020 11:34:22,26.0,Male,Berlin,Backend Developer,6.0,3,Senior,Go,"PHP, Go",70000.0,71000.0,64000.0,0,27,Full-time employee,Unlimited contract,English,1000+,Product,No,40.0,200,141000.0,Go,25-29
935,30/11/2020 11:38:00,29.0,Male,Berlin,Data Scientist,6.0,1.5,Middle,Python ,"SQL, AWS, Google Cloud, Docker",57000.0,0.0,,,28,Full-time employee,Unlimited contract,English,up to 10,Startup,Yes,,0,57000.0,Python,25-29
936,30/11/2020 11:44:04,36.0,Male,Zurich,Data Scientist,5.0,0.5,Senior,Python,"Javascript / Typescript, SQL",106000.0,106000.0,,,25,Full-time employee,Unlimited contract,English,11-50,Product,No,24.0,0,212000.0,Python,35-39
937,30/11/2020 11:45:40,23.0,Male,Dublin,Data Analyst,3.0,0,Senior,Python,"Python, R, SQL",49200.0,2000.0,44500.0,1500,21,Full-time employee,Unlimited contract,English,1000+,Product,No,,540,51200.0,Python,18-24
938,30/11/2020 11:52:06,45.0,Male,Madrid,Data Scientist,2.0,0,Senior,Python,"SQL, Azure",42000.0,0.0,,,24 labour days,Full-time employee,Unlimited contract,Spanish,101-1000,Consulting / Agency,No,,,42000.0,Python,40-49
939,30/11/2020 11:56:44,41.0,Male,Rome,CTO,22.0,0,Head,Python,"C/C++, SQL, Go, Rust, AWS, Google Cloud, Kubernetes, Docker",50000.0,0.0,45000.0,,31,Full-time employee,Unlimited contract,Italian,51-100,Product,No,,,50000.0,Python,40-49
940,30/11/2020 12:06:18,28.0,Male,Berlin,ML Engineer,1.0,1,Junior,Python,"C/C++, AWS, Google Cloud, Docker",43000.0,43000.0,42000.0,42000,14,Full-time employee,Unlimited contract,English,up to 10,Startup,Yes,,,86000.0,Python,25-29
941,30/11/2020 12:07:23,35.0,Male,Berlin,Data Scientist,12.0,3.5,Senior,Python,"R, SQL, AWS, Docker",77000.0,12000.0,65000.0,10000,27,Full-time employee,Unlimited contract,English,1000+,Startup,Yes,30.0,0,89000.0,Python,35-39
942,30/11/2020 12:08:57,37.0,Female,Berlin,Data Scientist,8.0,0.5,Middle,Python ,"SQL, AWS",67000.0,0.0,,,28,Full-time employee,Unlimited contract,English,1000+,Startup,No,,,67000.0,Python,35-39
943,30/11/2020 12:10:34,26.0,Male,Lisbon,Software Engineer,4.0,0,Middle,JavaScript,"Javascript / Typescript, Ruby, SQL",21000.0,0.0,19000.0,0,22,Full-time employee,Unlimited contract,English,51-100,Product,No,,,21000.0,JavaScript,25-29
944,30/11/2020 12:11:34,30.0,Male,Barcelona,Data Scientist,5.0,0,Senior,R,"Python, SQL",40000.0,0.0,40000.0,0,25,Full-time employee,Unlimited contract,Spanish,1000+,Consulting / Agency,No,,0,40000.0,R,30-34
945,30/11/2020 12:11:41,24.0,Male,Sofia,ML Engineer,5.0,0,Senior,Python,"Python, C/C++, SQL, Google Cloud, Kubernetes, Docker",64000.0,0.0,40000.0,0,20,Full-time employee,Unlimited contract,English,11-50,Startup,No,,,64000.0,Python,18-24
946,30/11/2020 12:11:50,35.0,Male,Frankfurt,Manager ,6.0,5,Head,C,"Python, C/C++, Docker",90000.0,7500.0,88000.0,7500,30,Full-time employee,Unlimited contract,English,1000+,Product,No,0.0,,97500.0,C,35-39
947,30/11/2020 12:13:37,27.0,Male,Rome,Data Scientist,2.0,0,Junior,SQL,"Python, SQL, Google Cloud",25300.0,3000.0,25300.0,300,24,Full-time employee,Temporary contract,Italian,1000+,Consulting / Agency,No,0.0,0,28300.0,SQL,25-29
948,30/11/2020 12:15:48,31.0,Male,Munich,Professor,10.0,2,Lead,Python,,80000.0,0.0,78000.0,,Unlimited,Full-time employee,Unlimited contract,German,101-1000,Education,No,,,80000.0,Python,30-34
949,30/11/2020 12:17:06,27.0,Female,Munich,Backend Developer,6.0,4,Senior,Java,Python,85600.0,10000.0,75000.0,10000,25,Full-time employee,Unlimited contract,English,101-1000,Product,No,0.0,0,95600.0,Java,25-29
950,30/11/2020 12:24:32,29.0,Male,Bonn,Data Scientist,2.0,2,Middle,Python,SQL,55200.0,0.0,50000.0,0,30,Full-time employee,Temporary contract,English,1000+,Product,No,,,55200.0,Python,25-29
951,30/11/2020 12:32:14,29.0,Male,Berlin,AI Management,6.0,6,Head,Python,"Python, Azure, Docker",92000.0,14000.0,75000.0,78000,30,Full-time employee,Unlimited contract,German,1000+,Product,No,,,106000.0,Python,25-29
952,30/11/2020 12:45:00,34.0,Male,Berlin,Backend Developer,14.0,6,Lead,Kotlin,"Python, Kotlin, Java / Scala, SQL, AWS, Kubernetes, Docker",96000.0,100000.0,85000.0,90000,29,Full-time employee,Unlimited contract,English,1000+,Startup,No,0.0,0,196000.0,Kotlin,30-34
953,30/11/2020 12:49:08,29.0,Male,Helsinki,Frontend Developer,10.0,0,Senior,TypeScript,Javascript / Typescript,60000.0,2500.0,,,,Full-time employee,Unlimited contract,English,101-1000,Product,No,8.0,0,62500.0,TypeScript,25-29
954,30/11/2020 12:55:38,35.0,Male,Luttich,Data Scientist,12.0,0,Lead,Python,"Python, R, Spark",85000.0,95000.0,80000.0,90000,37.5,Full-time employee,Unlimited contract,English,1000+,Product,No,0.0,240,180000.0,Python,35-39
955,30/11/2020 12:56:08,54.0,Male,Milano,Sales ,31.0,6,Head,Network Automation,Python,110000.0,100000.0,110000.0,100000,29,Full-time employee,Unlimited contract,English,11-50,Consulting / Agency,No,,No,210000.0,Network Automation,50+
956,30/11/2020 13:10:41,31.0,Male,Berlin,Software Engineer,6.0,4,Senior,Kotlin,"Kotlin, PHP, Java / Scala, SQL, Go, AWS, Kubernetes",90000.0,99000.0,80000.0,80000,28,Full-time employee,Unlimited contract,English,1000+,Product,No,,300,189000.0,Kotlin,30-34
957,30/11/2020 13:12:47,30.0,Male,Bielefeld,Software Engineer,5.0,3,Junior,C++,"Python, Qt",55000.0,55000.0,,,30,Full-time employee,Unlimited contract,German,11-50,Product,No,,,110000.0,C++,30-34
958,30/11/2020 13:17:39,36.0,Male,Zurich,Backend Developer,15.0,2,Senior,C++,"C/C++, Java / Scala",172000.0,100000.0,169000.0,120000,25,Full-time employee,Unlimited contract,English,1000+,Product,No,,,272000.0,C++,35-39
959,30/11/2020 13:26:02,24.0,Male,Berlin,Backend Developer,1.0,1,Working Student,Python,"Python, Javascript / Typescript, R",14400.0,,,,24,Working Student,Temporary contract,German,up to 10,Startup,No,0.0,No,,Python,18-24
960,30/11/2020 13:33:21,28.0,Male,Frankfurt,XR Developer,8.0,1,Lead,C#,"Python, Javascript / Typescript",25000.0,2000.0,25000.0,5000,1,Full-time employee,Temporary contract,English,11-50,Startup,No,10.0,0,27000.0,C#,25-29
961,30/11/2020 13:50:56,,Male,Berlin,Data Scientist,4.0,4,Head,python,"R, SQL, AWS, Docker",105000.0,0.0,85000.0,0,unlimited,Full-time employee,Unlimited contract,German,11-50,Consulting / Agency,No,,,105000.0,python,
962,30/11/2020 13:52:05,36.0,Male,Hamburg,Data Scientist,2.0,10,Middle,Python,"Java / Scala, SQL",63000.0,0.0,55000.0,,30,Full-time employee,Unlimited contract,English,11-50,Product,No,,,63000.0,Python,35-39
963,30/11/2020 13:55:09,26.0,Male,Berlin,DevOps,5.0,2,Middle,"Kubernetes, Terraform, GCP","Ruby, AWS, Google Cloud, Docker, Helm, Kustomize, Ansible",72000.0,0.0,60000.0,,23,Full-time employee,Unlimited contract,English,11-50,Startup,No,,,72000.0,Kubernetes Terraform GCP,25-29
964,30/11/2020 14:06:35,36.0,Male,Munich,DevOps,14.0,6,Middle,PowerShell,SQL,65000.0,5000.0,58040.0,,30,Full-time employee,Unlimited contract,German,101-1000,Consulting / Agency,No,,,70000.0,PowerShell,35-39
965,30/11/2020 14:30:05,33.0,Male,Berlin,Backend Developer,13.0,1.5,Senior,Python,"Python, Go, Docker",83000.0,0.0,73000.0,0,30,Full-time employee,Unlimited contract,English,51-100,Startup,No,32.0,0,83000.0,Python,30-34
966,30/11/2020 14:36:32,35.0,Male,Berlin,Data Engineer,6.0,6,Senior,Java,"Python, Java / Scala, SQL, Go, AWS, Kubernetes, Docker",200000.0,200000.0,200000.0,200000,14,Self-employed (freelancer),Temporary contract,English,11-50,Startup,No,,,400000.0,Java,35-39
967,30/11/2020 14:42:27,29.0,Male,Basel,Data Scientist,5.0,,Lead,Python,"R, SQL",115000.0,13000.0,,,25,Full-time employee,Unlimited contract,English,1000+,Pharma,No,,600,128000.0,Python,25-29
968,30/11/2020 14:47:24,36.0,Male,Berlin,Frontend Developer,6.0,4,Middle,JavaScript,"Javascript / Typescript, Kubernetes, Docker",58000.0,0.0,55000.0,,30,Full-time employee,Unlimited contract,English,101-1000,Product,Yes,,,58000.0,JavaScript,35-39
969,30/11/2020 15:10:35,35.0,Male,Berlin,Software Engineer,2.0,2,Middle,"python, scala","Python, Java / Scala, SQL, AWS, Docker",50000.0,500.0,42000.0,500,45,Full-time employee,Unlimited contract,English,1000+,Product,No,,,50500.0,python scala,35-39
970,30/11/2020 15:27:53,29.0,Male,Berlin,Backend Developer,9.0,6,Senior,Java,"Kotlin, Java / Scala, SQL, AWS",75000.0,0.0,75000.0,,25,Full-time employee,Unlimited contract,English,51-100,Startup,Yes,32.0,,75000.0,Java,25-29
971,30/11/2020 15:45:24,29.0,Male,Berlin,DevOps,11.0,7,Lead,TypeScript,"Python, Javascript / Typescript, SQL, Google Cloud, Kubernetes, Docker",140000.0,0.0,140000.0,0,5,Self-employed (freelancer),Unlimited contract,English,up to 10,Startup,No,,,140000.0,TypeScript,25-29
972,30/11/2020 15:48:04,32.0,Male,Hamburg,Backend Developer,14.0,6,Lead,Java,"Javascript / Typescript, .NET, SQL",80000.0,5000.0,70000.0,5000,28,Full-time employee,Unlimited contract,English,101-1000,Startup,No,,,85000.0,Java,30-34
973,30/11/2020 16:01:37,23.0,Male,"NJ, USA","Student, Software Developer, Data Engineer",4.0,0,Entry level,"Django, Flask, Plotly Dash","Python, AWS",54179.13,60847.32,,,,"Full-time position, part-time position, & self-employed (freelancing, tutoring)",Unlimited contract,English,up to 10,"Full-time position in Education, part-time position in at a data startup",No,0.0,1250.29,115026.45,Django Flask Plotly Dash,18-24
974,30/11/2020 16:20:18,32.0,Female,Berlin,Engineering Team Lead,10.0,6,Lead,QA,,65000.0,3250.0,,,28,Full-time employee,Unlimited contract,English,101-1000,Product,No,,300,68250.0,QA,30-34
975,30/11/2020 16:24:25,30.0,Male,Berlin,Software Engineer,7.0,1,Senior,python,"Python, C/C++, AWS",49000.0,0.0,39000.0,,12,Full-time employee,Temporary contract,English,11-50,Startup,No,40.0,,49000.0,python,30-34
976,30/11/2020 16:32:24,30.0,Male,Munich,Data Scientist,2.0,2,Middle,Python,"Python, C/C++, Java / Scala, AWS, Azure, spark",50000.0,5000.0,45000.0,5000,30,Full-time employee,Unlimited contract,English,11-50,Startup,No,36.0,,55000.0,Python,30-34
977,30/11/2020 16:42:50,30.0,Male,Berlin,ML Engineer,6.0,2,Middle,Python,"SQL, AWS, Docker",59000.0,0.0,54000.0,0,28,Full-time employee,Unlimited contract,English,51-100,Startup,No,,,59000.0,Python,30-34
978,30/11/2020 16:54:46,30.0,Male,Frankfurt,Data Scientist,5.0,4,Middle,Python,"Javascript / Typescript, Java / Scala, R, Google Cloud, Azure, Kubernetes, Docker",52500.0,0.0,52500.0,0,30,Full-time employee,Unlimited contract,English,11-50,Startup,No,16.0,0,52500.0,Python,30-34
979,30/11/2020 16:57:51,48.0,Male,Madrid,DevOps,15.0,0,Senior,Python,"Python, Javascript / Typescript, Perl, AWS, Google Cloud, Kubernetes, Docker",30000.0,0.0,,,30,Full-time employee,Unlimited contract,English,up to 10,Startup,Yes,,,30000.0,Python,40-49
980,30/11/2020 17:05:15,31.0,Male,Berlin,Data Analyst,7.0,6,Senior,Sql,"Python, R, SQL",83000.0,20000.0,75000.0,20000,26,Full-time employee,Unlimited contract,English,101-1000,Startup,No,,0,103000.0,Sql,30-34
981,30/11/2020 18:24:21,38.0,Male,Cologne,Software Engineer,15.0,5,Senior,C#,"SQL, Azure",59000.0,7000.0,,,30,Full-time employee,Unlimited contract,English,up to 10,Product,No,,300,66000.0,C#,35-39
982,30/11/2020 18:25:04,22.0,Male,Istanbul,Backend Developer,3.0,0,Middle,PHP,"Python, Javascript / Typescript, SQL, AWS, Docker",10001.0,0.0,,,0,Self-employed (freelancer),Unlimited contract,English,up to 10,Startup,Yes,0.0,No,10001.0,PHP,18-24
983,30/11/2020 18:39:45,28.0,Male,warsaw,Data Scientist,3.0,0,Middle,Python,"Java / Scala, SQL, AWS, Google Cloud",50000.0,10000.0,30000.0,30000,21,Self-employed (freelancer),Unlimited contract,English,101-1000,Product,No,,no,60000.0,Python,25-29
984,30/11/2020 18:41:07,29.0,Male,Berlin,Data Scientist,5.0,2,Senior,Python,"Python, R, SQL, Google Cloud",75000.0,0.0,75000.0,0,24,Full-time employee,Unlimited contract,English,11-50,Startup,Yes,20.0,No,75000.0,Python,25-29
985,30/11/2020 19:12:11,34.0,Male,Munich,Frontend Developer,5.0,4,Senior,Javascript / Typescript,,54000.0,54000.0,54000.0,54000,28,Full-time employee,Unlimited contract,English,101-1000,Product,No,20.0,,108000.0,Javascript,30-34
986,30/11/2020 19:23:52,27.0,Male,Berlin,Frontend Developer,5.0,1,Middle,"Javascript, Angular",Javascript / Typescript,58000.0,58000.0,,,25,Full-time employee,Unlimited contract,English,101-1000,Startup,No,0.0,,116000.0,Javascript Angular,25-29
987,30/11/2020 19:28:15,34.0,Male,Berlin,ML Engineer,3.0,3,Senior,Python,AWS,70000.0,0.0,55000.0,,30,Full-time employee,Temporary contract,English,101-1000,Product,No,0.0,0,70000.0,Python,30-34
988,30/11/2020 20:09:04,28.0,Male,Wolfsburg,Software Engineer,2.0,1,Junior,C,"Python, C/C++, Docker",48000.0,0.0,,,30,Full-time employee,Unlimited contract,English,101-1000,Product,No,20.0,,48000.0,C,25-29
989,30/11/2020 20:14:04,40.0,Male,Mannheim,Software Engineer,9.0,9,Middle,C,"Python, C/C++, Javascript / Typescript, Java / Scala, Perl, MATLAB",88000.0,5000.0,87000.0,3000,30,Full-time employee,Unlimited contract,English,1000+,Product,No,0.0,0,93000.0,C,40-49
990,30/11/2020 20:39:33,29.0,Male,Berlin,Product Manager,5.0,5,Middle,,,57750.0,0.0,55000.0,,30,Full-time employee,Unlimited contract,English,101-1000,Startup,No,,340,57750.0,,25-29
991,30/11/2020 20:56:33,27.0,Male,Cologne,Software Engineer,1.0,1,Junior,C++,,45000.0,45000.0,45000.0,45000,30,Full-time employee,Unlimited contract,German,11-50,Product,No,0.0,No,90000.0,C++,25-29
992,30/11/2020 21:19:16,35.0,Female,Munich,Data Scientist,5.0,2,Senior,"SAS,SQL,Python","Python, SQL, SAS",75000.0,10000.0,,,30,Full-time employee,Unlimited contract,English,1000+,Bank,No,0.0,1500,85000.0,SASSQLPython,35-39
993,30/11/2020 21:31:01,29.0,Male,London,Software Engineer,9.0,0,Senior,Typescript,"Javascript / Typescript, Java / Scala",113000.0,170000.0,,,25,Full-time employee,Unlimited contract,English,1000+,Corporation ,No,,1800,283000.0,Typescript,25-29
994,30/11/2020 21:45:21,38.0,Male,Munich,Product Manager,12.0,12,Senior,Node,"Python, PHP, SQL",74000.0,14000.0,71000.0,11000,30,Full-time employee,Unlimited contract,English,1000+,Product,No,,,88000.0,Node,35-39
995,30/11/2020 21:48:26,32.0,Male,Berlin,Data Engineer,7.0,5,Senior,Python/SQL,"AWS, Kubernetes, Docker",82000.0,82000.0,75000.0,80000,30,Full-time employee,Unlimited contract,English,101-1000,Product,No,,,164000.0,Python,30-34
996,30/11/2020 21:57:56,37.0,Male,Berlin,Data Scientist,10.0,10,Senior,Python,"Python, SQL, AWS, Azure, Kubernetes, Docker",82000.0,0.0,79000.0,0,30,Full-time employee,Unlimited contract,English,101-1000,Product,No,,200,82000.0,Python,35-39
997,30/11/2020 21:58:51,29.0,Male,Karlsruhe,DevOps,6.0,5,Senior,"php, js, python, docker","SQL, AWS, Azure",64800.0,9450.0,58800.0,7050,30,Full-time employee,Unlimited contract,English,11-50,Startup,No,,1000,74250.0,php js python docker,25-29
998,30/11/2020 22:13:06,32.0,Male,Frankfurt,Software Engineer,7.0,7,Senior,"C, Matlab",,70000.0,4000.0,,,30,Full-time employee,Unlimited contract,German,51-100,Product,No,0.0,0,74000.0,C Matlab,30-34
999,30/11/2020 22:18:02,40.0,Male,Hildesheim,Software Engineer,16.0,3,Senior,C++,,72000.0,5000.0,70000.0,5000,30,Full-time employee,Unlimited contract,English,1000+,Product,No,,,77000.0,C++,40-49
1000,30/11/2020 22:42:01,39.0,Male,Berlin,Software Engineer,12.0,6,Lead,Javascript,"Python, Javascript / Typescript, SQL, AWS, Docker",82000.0,2000.0,80000.0,0,30,Full-time employee,Unlimited contract,English,1000+,Product,No,,,84000.0,Javascript,35-39
1001,30/11/2020 22:42:57,32.0,Male,Vienna,DataOps Team Lead,10.0,10,Lead,Java,"Javascript / Typescript, SQL, Go, Google Cloud, Kubernetes, Docker",80000.0,40000.0,80000.0,35000,25,Full-time employee,Unlimited contract,German,1000+,Transport & Logistics,No,,,120000.0,Java,30-34
1002,30/11/2020 23:26:56,26.0,Female,Berlin,Backend Developer,5.0,0,Middle,Java,Python,65000.0,75000.0,,,28,Full-time employee,Unlimited contract,English,1000+,Product,No,,,140000.0,Java,25-29
1003,30/11/2020 23:38:05,30.0,Male,Berlin,Software Engineer,9.0,1,Middle,"TypeScript, Kotlin","Kotlin, Javascript / Typescript, Rust",77000.0,0.0,74000.0,0,26,Full-time employee,Unlimited contract,English,1000+,Product,No,,500,77000.0,TypeScript Kotlin,30-34
1004,01/12/2020 00:06:49,32.0,Female,Munich,Data Scientist,5.0,5,Senior,Python ,"Python, Go",80000.0,0.0,75000.0,0,30,Full-time employee,Unlimited contract,German,1000+,Product,No,0.0,0,80000.0,Python,30-34
1005,01/12/2020 00:16:18,32.0,Male,Munich,Software Engineer,8.0,1,Senior,C++,"Python, C/C++",65000.0,0.0,,,30,Full-time employee,Unlimited contract,English,101-1000,Consulting / Agency,No,,,65000.0,C++,30-34
1006,01/12/2020 00:20:42,31.0,Male,Helsinki,Software Engineer,5.0,0,Middle,Java,"Javascript / Typescript, Java / Scala, SQL, AWS, Kubernetes, Docker",59064.0,66447.0,,55200,30,Full-time employee,Unlimited contract,English,51-100,Product,No,40.0,0,125511.0,Java,30-34
1007,01/12/2020 00:25:07,30.0,Male,Berlin,Software Engineer,10.0,6,Senior,Ruby,"Python, Javascript / Typescript, Ruby, .NET, Java / Scala, Azure, Kubernetes",90000.0,30000.0,,,30,Full-time employee,Unlimited contract,English,1000+,Product,No,,,120000.0,Ruby,30-34
1008,01/12/2020 00:32:37,30.0,Male,Munich,Software Sales,12.0,2,Senior,Cloud,,150000.0,20000.0,,,28,Full-time employee,Unlimited contract,English,1000+,Product,No,,200,170000.0,Cloud,30-34
1009,01/12/2020 00:32:53,30.0,Female,Berlin,QA Engineer,8.0,6,Senior,Javascript,"Javascript / Typescript, AWS, Docker",70000.0,0.0,,,31,Full-time employee,Unlimited contract,English,101-1000,Product,No,,,70000.0,Javascript,30-34
1010,01/12/2020 00:38:14,25.0,Male,Hamburg,Backend Developer,5.0,1,Middle,Java,"Kotlin, SQL",53500.0,53500.0,50000.0,50000,29,Full-time employee,Unlimited contract,English,1000+,Product,No,32.0,,107000.0,Java,25-29
1011,01/12/2020 01:32:35,30.0,Male,Berlin,Software Engineer,9.0,9,Lead,,,90000.0,0.0,81000.0,9500,25,Full-time employee,Unlimited contract,English,11-50,Product,No,,,90000.0,,30-34
1012,01/12/2020 07:13:14,26.0,Male,Munich,Software Engineer,4.0,0,Middle,JavaScript / TypeScript,Javascript / Typescript,75000.0,82500.0,,,30,Full-time employee,Unlimited contract,English,101-1000,Startup,No,,,157500.0,JavaScript,25-29
1013,01/12/2020 08:00:20,32.0,Male,Munich,Product Manager,4.0,4,Senior,,"Java / Scala, SQL",65000.0,65000.0,62000.0,62000,30,Full-time employee,Unlimited contract,English,1000+,Consulting / Agency,No,,,130000.0,,30-34
1014,01/12/2020 08:38:27,32.0,Female,Heidelberg ,Software Engineer,8.0,0,,Typescript,"Javascript / Typescript, .NET, C#, Angular ",60000.0,0.0,,,24,Full-time employee,Unlimited contract,English,101-1000,Product,Yes,,,60000.0,Typescript,30-34
1015,01/12/2020 08:39:16,39.0,Male,Siegen,Software Engineer,16.0,6,Senior,Embedded,C/C++,62400.0,5000.0,60000.0,5000,30,Full-time employee,Unlimited contract,Russian,1000+,Product,No,0.0,0,67400.0,Embedded,35-39
1016,01/12/2020 08:45:11,31.0,Male,Munich,DevOps,8.0,2,,,"Kubernetes, Docker",62000.0,4000.0,60000.0,2000,27,Full-time employee,Unlimited contract,English,51-100,Product,No,,,66000.0,,30-34
1017,01/12/2020 08:49:09,35.0,Male,Murnau am Staffelsee ,Beikoch,1.0,1,Middle,Apotheker,,30000.0,1000.0,,,20,Full-time employee,Temporary contract,German,up to 10,Biergarten ,No,,,31000.0,Apotheker,35-39
1018,01/12/2020 08:52:15,38.0,Male,Munich,Software Engineer,16.0,5,Senior,.net,.NET,90000.0,0.0,90000.0,,36,Full-time employee,Unlimited contract,English,101-1000,Product,No,,,90000.0,.net,35-39
1019,01/12/2020 09:44:56,22.0,Male,Zürich,Product Management Praktikant,2.0,0.5,Intern,Python,"Python, SQL, Google Cloud",35000.0,35000.0,30000.0,30000,,Intern,Temporary contract,German,up to 10,Startup,No,,0,70000.0,Python,18-24
1020,01/12/2020 09:47:47,32.0,Male,Innsbruck,Data Scientist,3.0,0,Senior,Python,"R, SQL, AWS, Google Cloud",62000.0,3000.0,62000.0,3000,25,Full-time employee,Unlimited contract,English,1000+,Product,No,12.0,,65000.0,Python,30-34
1021,01/12/2020 09:50:38,30.0,Female,Munich,Frontend Developer,9.0,3,Senior,"JavaScript, TypeScript",PHP,60000.0,4000.0,51000.0,4000,28,Full-time employee,Unlimited contract,English,1000+,Product,No,,,64000.0,JavaScript TypeScript,30-34
1022,01/12/2020 09:59:53,34.0,Male,Berlin,Backend Developer,10.0,4,Middle,Java,Docker,65600.0,800.0,67000.0,,30,Full-time employee,Unlimited contract,English,101-1000,Product,No,,,66400.0,Java,30-34
1023,01/12/2020 10:04:53,36.0,Male,Stockholm,Mobile Developer,14.0,7,Senior,Java,Kotlin,80000.0,0.0,75000.0,,30,Full-time employee,Unlimited contract,English,1000+,Product,No,,,80000.0,Java,35-39
1024,01/12/2020 10:11:09,26.0,Female,Hannover,QA Engineer,2.0,"0,3",Middle,Tricentis Tosca,"Java / Scala, SQL",32000.0,0.0,,,30,Full-time employee,Unlimited contract,German,1000+,Non-tech retail,No,,,32000.0,Tricentis Tosca,25-29
1025,01/12/2020 10:48:26,28.0,Female,Berlin,Data Analyst,3.0,2.5,Middle,SQL,"Python, Javascript / Typescript, Ruby, AWS",53000.0,0.0,43000.0,0,30,Full-time employee,Unlimited contract,English,101-1000,Product,No,,1500,53000.0,SQL,25-29
1026,01/12/2020 11:17:35,25.0,Male,Berlin,Software Engineer,6.0,0,Middle,Scala,"Python, Javascript / Typescript, Java / Scala, AWS, Kubernetes",65000.0,1000.0,,,30,Full-time employee,Unlimited contract,English,1000+,Product,No,0.0,40,66000.0,Scala,25-29
1027,01/12/2020 12:29:04,28.0,Male,Berlin,Data Scientist,6.0,6,Lead,"Python, SQL","Python, Javascript / Typescript, SQL, AWS, Google Cloud",78000.0,0.0,78000.0,0,26,Full-time employee,Unlimited contract,English,51-100,Consulting / Agency,No,,,78000.0,Python SQL,25-29
1028,01/12/2020 12:47:27,26.0,Male,Berlin,QA Engineer,4.0,1,Middle,Swift/Kotlin,"Kotlin, Javascript / Typescript, SQL, AWS, Docker",55500.0,0.0,,,25,Full-time employee,,English,51-100,Startup,No,32.0,400,55500.0,Swift,25-29
1029,01/12/2020 13:56:36,35.0,Male,Berlin,Software Engineer,20.0,5,Senior,JavaScript,"Javascript / Typescript, AWS, Kubernetes, Docker",100000.0,0.0,90000.0,0,32,Full-time employee,Unlimited contract,English,1000+,Product,No,,,100000.0,JavaScript,35-39
1030,01/12/2020 13:58:10,25.0,Male,Brussels ,Data Scientist,1.0,,Junior,Python ,"Python, SQL, AWS",38000.0,0.0,,0,20,Full-time employee,Unlimited contract,English,1000+,Consulting / Agency,No,,0,38000.0,Python,25-29
1031,01/12/2020 14:21:01,23.0,Female,Berlin,Data analyst ,1.0,1,Junior,Sql ,"Python, R, SQL, Google Cloud",36000.0,36000.0,36000.0,36000,28,Full-time employee,Unlimited contract,English,1000+,Startup,No,,500,72000.0,Sql,18-24
1032,01/12/2020 14:33:35,28.0,Male,Munich,Software Engineer,3.0,3,Junior,.NET,"Python, C/C++, .NET",65000.0,13000.0,65000.0,13000,30,Full-time employee,Unlimited contract,English,1000+,Finance,No,,,78000.0,.NET,25-29
1033,01/12/2020 14:58:24,36.0,Male,Berlin,Software Engineer,10.0,10,Principal,Java & Distributed Systems Stuff,"Python, Javascript / Typescript, Java / Scala, SQL, Google Cloud, Kubernetes, Docker",100000.0,35000.0,85000.0,28500,28,Full-time employee,Unlimited contract,English,1000+,Product,No,,800,135000.0,Java & Distributed Systems Stuff,35-39
1034,01/12/2020 15:57:44,41.0,Male,Berlin,Designer (UI/UX),20.0,0,Senior,Php,"PHP, Javascript / Typescript, SQL",36000.0,0.0,,,,Self-employed (freelancer),Temporary contract,English,,,,,,36000.0,Php,40-49
1035,01/12/2020 16:16:38,30.0,Male,Heidelberg,Software Engineer,9.0,4,Senior,.NET,"Javascript / Typescript, .NET, Docker",60000.0,2000.0,55000.0,,30,Full-time employee,Temporary contract,English,1000+,Research,No,,,62000.0,.NET,30-34
1036,01/12/2020 16:16:56,30.0,Male,Heidelberg,Software Engineer,9.0,4,Senior,.NET,"Javascript / Typescript, .NET, Docker",60000.0,2000.0,55000.0,,30,Full-time employee,Temporary contract,English,1000+,Research,No,,,62000.0,.NET,30-34
1037,01/12/2020 16:36:05,28.0,Male,Zurich,Software Engineer,6.0,0,Middle,C++,"Python, C/C++, Java / Scala",100000.0,18000.0,140000.0,73000,25,Full-time employee,Unlimited contract,German,11-50,Product,No,,,118000.0,C++,25-29
1038,01/12/2020 17:50:06,29.0,Male,Berlin,Frontend Developer,5.0,5,Middle,javascript,"Javascript / Typescript, Kubernetes, Docker",66000.0,0.0,60000.0,,28,Full-time employee,Unlimited contract,English,1000+,Product,No,,500,66000.0,javascript,25-29
1039,01/12/2020 18:09:57,,Male,Berlin,Backend Developer,15.0,6,Middle,Elixir,"Python, Ruby, Kubernetes, Docker",73000.0,0.0,,,30,Full-time employee,Unlimited contract,English,101-1000,Consulting / Agency,No,,,73000.0,Elixir,
1040,01/12/2020 18:58:24,26.0,Female,Prague,Software Engineer,4.0,1,Middle,C#,.NET,64000.0,0.0,55000.0,0,25,Full-time employee,Unlimited contract,"Russian, English",1000+,Product,No,,,64000.0,C#,25-29
1041,01/12/2020 19:09:43,26.0,Male,Berlin,Product Analyst,4.0,3,Middle,Python,"Python, Javascript / Typescript, SQL, Google Cloud",55000.0,0.0,45000.0,0,26,Full-time employee,Unlimited contract,English,1000+,Product,No,,100,55000.0,Python,25-29
1042,01/12/2020 19:26:55,31.0,Male,Munich,Software Engineer,5.0,2,Middle,Java,"Javascript / Typescript, Java / Scala, SQL, Docker",74000.0,3000.0,68000.0,3000,27,Full-time employee,Unlimited contract,English,1000+,Product,No,,,77000.0,Java,30-34
1043,01/12/2020 20:57:41,34.0,Female,Hildesheim ,QA Engineer,11.0,2,Senior,QA,"Python, SQL",60000.0,2000.0,60000.0,1000,30,Full-time employee,Unlimited contract,German,1000+,Product,No,5.0,,62000.0,QA,30-34
1044,01/12/2020 21:28:19,34.0,Male,Hamburg,DevOps,8.0,1,Senior,Embedded,C/C++,67500.0,2800.0,,,30,Full-time employee,Unlimited contract,English,101-1000,Product,No,30.0,,70300.0,Embedded,30-34
1045,01/12/2020 22:23:17,36.0,Male,Munich,Software Engineer,13.0,5,Head,Java,"Javascript / Typescript, Java / Scala, AWS, Azure, Kubernetes, Docker",90000.0,5000.0,80000.0,,30,Full-time employee,Unlimited contract,English,101-1000,Product,No,,,95000.0,Java,35-39
1046,01/12/2020 23:24:17,36.0,Male,Berlin,DevOps,17.0,4,Head,Python,"Go, AWS, Kubernetes, Docker",124000.0,107000.0,,,28,Full-time employee,Unlimited contract,English,101-1000,Product,No,,,231000.0,Python,35-39
1047,02/12/2020 00:07:14,40.0,Female,Berlin,QA Engineer,16.0,4,Middle,,PHP,65000.0,0.0,57000.0,,,Full-time employee,Unlimited contract,English,11-50,Startup,Yes,,,65000.0,,40-49
1048,02/12/2020 00:27:03,31.0,Male,Berlin,Software Engineer,7.0,2,Senior,Java,"SQL, AWS, Kubernetes, Docker",75000.0,12500.0,75000.0,12500,30,Full-time employee,Unlimited contract,English,101-1000,Product,No,,,87500.0,Java,30-34
1049,02/12/2020 04:49:47,28.0,Male,Munich,Software Engineer,8.0,1,Senior,PHP,"PHP, Javascript / Typescript, SQL, Go, AWS",57000.0,0.0,,,28,Full-time employee,Unlimited contract,English,51-100,Product,No,0.0,0,57000.0,PHP,25-29
1050,02/12/2020 04:49:53,28.0,Male,Munich,Software Engineer,8.0,1,Senior,PHP,"PHP, Javascript / Typescript, SQL, Go, AWS",57000.0,0.0,,,28,Full-time employee,Unlimited contract,English,51-100,Product,No,0.0,0,57000.0,PHP,25-29
1051,02/12/2020 08:56:43,36.0,Male,Berlin,Backend Developer,16.0,8,Lead,Scala,"Python, Kotlin, Java / Scala, SQL, AWS, Kubernetes, Docker",120000.0,120000.0,120000.0,120000,30,Full-time employee,Unlimited contract,English,101-1000,Startup,No,,,240000.0,Scala,35-39
1052,02/12/2020 10:35:10,22.0,Female,Eindhoven,Frontend Developer,2.0,-,Junior,JS,"Javascript / Typescript, SQL, Docker",24000.0,,,-,24,Full-time employee,Unlimited contract,English,11-50,Product,Laid off for a bit,32.0,-,,JS,18-24
1053,02/12/2020 11:52:05,26.0,Female,Berlin,Backend Developer,7.0,0.5,Senior,,,60000.0,0.0,,,24,Full-time employee,Unlimited contract,English,up to 10,Product,No,,,60000.0,,25-29
1054,02/12/2020 12:06:42,30.0,Male,Berlin,Backend Developer,4.0,2,Middle,python,Python,58000.0,0.0,55000.0,0,24,Full-time employee,Unlimited contract,English,101-1000,Product,No,,500,58000.0,python,30-34
1055,02/12/2020 14:20:32,35.0,Male,Berlin,Software Engineer,12.0,6,Middle,Kotlin,"Python, Ruby, Java / Scala, AWS",75000.0,95000.0,74000.0,94000,28,Full-time employee,Unlimited contract,English,1000+,Product,No,,,170000.0,Kotlin,35-39
1056,02/12/2020 14:43:40,30.0,Male,Berlin,Software Engineer,10.0,2,Middle,iOS,,71000.0,0.0,65000.0,,27,Full-time employee,Unlimited contract,English,101-1000,Product,No,0.0,,71000.0,iOS,30-34
1057,02/12/2020 14:45:13,36.0,Male,Bonn,DevOps,15.0,1,Junior,jenkins bash,"Kotlin, Swift, Javascript / Typescript, Docker",52500.0,0.0,,,30,Full-time employee,Unlimited contract,English,11-50,Product,No,,,52500.0,jenkins bash,35-39
1058,02/12/2020 16:12:21,35.0,Male,Berlin,Team lead,,5,Lead,,"Python, Java / Scala, AWS, Kubernetes, Docker",85000.0,0.0,85000.0,,28,Full-time employee,Unlimited contract,English,51-100,Startup,No,,,85000.0,,35-39
1059,02/12/2020 17:06:36,28.0,Male,Cologne,Software Engineer,5.0,1,Middle,Java,"Python, Kotlin, Javascript / Typescript, SQL, Docker",50000.0,50000.0,50000.0,50000,25,Full-time employee,Unlimited contract,Russian,101-1000,Product,No,0.0,0,100000.0,Java,25-29
1060,02/12/2020 17:09:22,42.0,Male,Berlin,Backend Developer,19.0,3,Senior,PHP,"Kotlin, SQL, Kubernetes, Docker",66000.0,4000.0,65000.0,5000,26,Full-time employee,Unlimited contract,English,101-1000,Product,No,,,70000.0,PHP,40-49
1061,02/12/2020 18:46:00,34.0,Male,Berlin,Backend Developer,14.0,4,Senior,Kotlin,"Java / Scala, SQL, AWS, Kubernetes, Docker",95000.0,125000.0,90000.0,90000,28,Full-time employee,Unlimited contract,English,1000+,Product,No,,300,220000.0,Kotlin,30-34
1062,02/12/2020 19:35:54,27.0,Male,Hamburg,Backend Developer,0.0,0,Junior,Python,Javascript / Typescript,50000.0,5000.0,,,30,Full-time employee,Unlimited contract,English,up to 10,Startup,No,0.0,0,55000.0,Python,25-29
1063,02/12/2020 21:39:34,,Male,Munich,Frontend Developer,5.0,3,Lead,javascript,Javascript / Typescript,70000.0,0.0,,,24,Full-time employee,Unlimited contract,English,11-50,Startup,No,,,70000.0,javascript,
1064,02/12/2020 21:42:33,36.0,Female,Berlin,Data Scientist,5.0,5,Senior,Python,"Python, R",87000.0,15000.0,77000.0,12000,30,Full-time employee,Unlimited contract,English,1000+,Product,No,,,102000.0,Python,35-39
1065,02/12/2020 21:53:01,31.0,Male,Berlin,Software Engineer,4.0,4,Senior,Python,"Python, Javascript / Typescript, AWS, Docker",68000.0,0.0,64000.0,1000,30,Full-time employee,Unlimited contract,English,101-1000,Startup,No,0.0,0,68000.0,Python,30-34
1066,02/12/2020 22:41:04,32.0,Female,Munich,It Consulting ,2.0,2,Junior,Test Management ,,54000.0,1500.0,47000.0,700,27,Full-time employee,Unlimited contract,German,1000+,Consulting / Agency,No,,150,55500.0,Test Management,30-34
1067,03/12/2020 08:53:41,32.0,Male,Berlin,Software Engineer,13.0,5,Lead,JavaScript,"Javascript / Typescript, SQL, AWS, Docker",83000.0,3000.0,80000.0,0,30,Full-time employee,Unlimited contract,English,1000+,Product,No,,,86000.0,JavaScript,30-34
1068,03/12/2020 09:40:36,36.0,Male,Prefer not to say,ML Engineer,6.0,6,Senior,Python,"Python, R, Docker",110000.0,25000.0,65000.0,2500,30,Full-time employee,Unlimited contract,English,101-1000,Startup,No,0.0,80,135000.0,Python,35-39
1069,03/12/2020 10:59:45,26.0,Male,Munich,Software Engineer,6.0,2,Senior,TypeScript,"AWS, Docker",93000.0,10000.0,80000.0,,30,Full-time employee,Unlimited contract,English,11-50,Startup,No,,,103000.0,TypeScript,25-29
1070,03/12/2020 11:04:39,28.0,Female,Berlin,Data Scientist,4.0,2,Middle,Python,Python,73700.0,80400.0,67000.0,67000,28,Full-time employee,Unlimited contract,English,1000+,Product,No,0.0,200,154100.0,Python,25-29
1071,03/12/2020 11:52:21,34.0,Male,Munich,Data Scientist,10.0,10,Senior,Python,"R, SQL, AWS, Docker",85000.0,20000.0,62500.0,11000,28,Full-time employee,Unlimited contract,English,101-1000,Consulting / Agency,No,,300,105000.0,Python,30-34
1072,03/12/2020 13:25:21,38.0,Male,Berlin,Data Scientist,10.0,9,Senior,Python,Python,87550.0,0.0,85000.0,0,30,Full-time employee,Unlimited contract,German,101-1000,Product,No,,600 nett,87550.0,Python,35-39
1073,03/12/2020 13:58:08,37.0,Male,Berlin,Software Engineer,16.0,8,Senior,Java,"Google Cloud, Kubernetes, Docker",80000.0,0.0,75000.0,,27,Full-time employee,Unlimited contract,English,101-1000,Product,No,,,80000.0,Java,35-39
1074,03/12/2020 21:03:20,31.0,Male,Berlin,Backend Developer,9.0,1,Senior,NodeJS/TS,Javascript / Typescript,65000.0,5000.0,65000.0,0,27,Full-time employee,Unlimited contract,English,51-100,Startup,No,30.0,0,70000.0,NodeJS,30-34
1075,03/12/2020 21:25:35,38.0,Male,Berlin,Backend Developer,15.0,1,Middle,PHP/MySQL,"PHP, SQL, Docker, VMs",40700.0,0.0,20000.0,,25,Full-time employee,Unlimited contract,English,11-50,Consulting / Agency,No,,,40700.0,PHP,35-39
1076,03/12/2020 21:59:27,24.0,Male,Moscow,Product Manager,3.0,0,Senior,,,48000.0,7200.0,36000.0,0,28,Full-time employee,Unlimited contract,Русский,1000+,Product,No,0.0,0,55200.0,,18-24
1077,03/12/2020 22:07:03,25.0,Male,Hamburg,ML Engineer,2.0,2,Middle,Python,.NET,60000.0,65000.0,48000.0,53000,28,Full-time employee,Unlimited contract,German,11-50,Product,No,,,125000.0,Python,25-29
1078,04/12/2020 09:21:01,33.0,Female,Berlin,Frontend Developer,13.0,4,Middle,"Angular, TypeScript",Javascript / Typescript,47745.0,3800.0,47745.0,3800,30,"full-time, but 32 hours per week (it was my request, I'm a student)",Unlimited contract,English,1000+,Product,No,0.0,0,51545.0,Angular TypeScript,30-34
1079,04/12/2020 10:37:11,39.0,Female,Berlin,Data Scientist,2.5,2,Junior,python,"C/C++, R, SQL",60000.0,60000.0,60000.0,60000,30,Full-time employee,Unlimited contract,English,up to 10,corporate incubator,Yes,,no,120000.0,python,35-39
1080,04/12/2020 11:18:51,25.0,Male,Hamburg,Software Engineer,1.0,1,Junior,C#,"Javascript / Typescript, .NET, SQL, Kubernetes",43500.0,0.0,,,28,Full-time employee,Unlimited contract,German,51-100,Startup,No,,,43500.0,C#,25-29
1081,04/12/2020 11:51:26,30.0,Female,Berlin,Software Engineer,7.0,3,Senior,Java,"Python, Javascript / Typescript",60000.0,0.0,55000.0,,27,Full-time employee,Unlimited contract,English,51-100,Product,No,0.0,0,60000.0,Java,30-34
1082,04/12/2020 15:56:55,45.0,Male,Stuttgart,CTO,27.0,20,Head,,"Clojure, Rust",90000.0,0.0,90000.0,,,Founder,Unlimited contract,English,11-50,Consulting / Agency,No,,,90000.0,,40-49
1083,04/12/2020 18:56:48,28.0,Female,Berlin,Designer (UI/UX),5.0,1,Senior,,,60000.0,0.0,,,26,Full-time employee,Unlimited contract,English,1000+,Consulting / Agency,No,,,60000.0,,25-29
1084,04/12/2020 19:00:59,45.0,Male,Munich,Data architect,19.0,11,Senior,,,90000.0,2500.0,88000.0,2500,30,Full-time employee,Unlimited contract,English,1000+,Multinational ,No,,100,92500.0,,40-49
1085,04/12/2020 20:33:47,37.0,,Munich,Software Engineer,15.0,6,Senior,C,"Python, C/C++, Docker",120000.0,80000.0,120000.0,80000,30,Full-time employee,Unlimited contract,English,1000+,Product,No,,700,200000.0,C,35-39
1086,05/12/2020 00:19:36,35.0,Male,Munich,Software Engineer,14.0,1,Senior,C++,"Python, C/C++",98000.0,28000.0,90000.0,22500,30,Full-time employee,Unlimited contract,English,1000+,Product,No,,400,126000.0,C++,35-39
1087,05/12/2020 03:34:07,25.0,Male,Cologne,ML Engineer,2.0,2,Middle,"NLP, Python","Python, C/C++, Google Cloud, Docker",51000.0,3000.0,,,24,Full-time employee,Temporary contract,English,up to 10,Startup,No,,,54000.0,NLP Python,25-29
1088,05/12/2020 10:09:33,31.0,Male,Berlin,Software Engineer,4.0,1,Senior,Java,"Python, Javascript / Typescript, SQL, AWS, Kubernetes",69000.0,0.0,65000.0,,28,Full-time employee,Unlimited contract,English,1000+,Product,No,,,69000.0,Java,30-34
1089,05/12/2020 12:18:41,31.0,Male,Hamburg,Data Scientist,6.0,"6 (not as a data scientist, but as a lab scientist)",Middle,Python,"Python, R, SQL",57000.0,0.0,,,,Full-time employee,Unlimited contract,German,1000+,Product,No,,,57000.0,Python,30-34
1090,05/12/2020 12:43:21,25.0,Female,Amsterdam,Data Scientist,1.5,0,Middle,Python,"AWS, Docker",49850.0,500.0,36000.0,0,25,Full-time employee,Unlimited contract,English,11-50,Startup,No,,150,50350.0,Python,25-29
1091,05/12/2020 13:42:21,27.0,Male,Dusseldurf,Backend Developer,2.0,0,Middle,PHP,Kotlin,50000.0,0.0,,,28,Full-time employee,Unlimited contract,English,101-1000,Product,No,,20%,50000.0,PHP,25-29
1092,05/12/2020 13:52:19,37.0,Male,Berlin,Software Engineer,12.0,6,Middle,php,"PHP, SQL, Docker",65000.0,31500.0,65000.0,31500,26,Full-time employee,Unlimited contract,English,1000+,Product,No,,200,96500.0,php,35-39
1093,05/12/2020 14:54:17,27.0,Male,Frankfurt,IT Manager,5.0,3,Middle,,,73000.0,4000.0,65000.0,3000,37,Full-time employee,Unlimited contract,English,1000+,Industry,No,,150,77000.0,,25-29
1094,05/12/2020 15:16:24,32.0,Male,Hamburg,ML Engineer,4.0,1.5,Middle,"Python, Whole Apache Data Science Stack, AWS","Javascript / Typescript, SQL, AWS, Docker",37500.0,0.0,34000.0,34000,24,Full-time employee,Unlimited contract,German,101-1000,Consulting / Agency,No,,,37500.0,Python Whole Apache Data Science Stack AWS,30-34
1095,05/12/2020 17:29:17,28.0,Female,Berlin,Backend Developer,3.0,2,Middle,Python,"AWS, Docker",65000.0,0.0,65000.0,0,30,Full-time employee,Unlimited contract,English,1000+,Product,No,,0,65000.0,Python,25-29
1096,05/12/2020 18:10:14,35.0,Male,Fr,Backend Developer,4.0,2.5,Middle,Java,"Javascript / Typescript, Java / Scala, SQL",42000.0,0.0,42000.0,,28,Full-time employee,Unlimited contract,English,51-100,Consulting / Agency,No,,750,42000.0,Java,35-39
1097,05/12/2020 22:37:41,36.0,Male,Berlin,Staff Engineer,15.0,4,Lead,Go,"PHP, AWS, Kubernetes, Docker",85000.0,3000.0,80000.0,0,28,Full-time employee,Unlimited contract,English,1000+,Product,No,,1100,88000.0,Go,35-39
1098,06/12/2020 14:46:17,32.0,Male,Berlin,Designer (UI/UX),5.0,10,Senior,Java,"Python, PHP, Javascript / Typescript, SQL",70000.0,5000.0,65000.0,5000,24,Self-employed (freelancer),Unlimited contract,German,up to 10,Startup,No,,,75000.0,Java,30-34
1099,06/12/2020 16:31:09,22.0,Male,Frankfurt,Software Engineer,2.0,2,Junior,Java,,45000.0,7000.0,37000.0,3000,30,Full-time employee,Unlimited contract,German,1000+,Bank,Yes,30.0,,52000.0,Java,18-24
1100,06/12/2020 19:01:46,33.0,Male,Berlin,Head of IT,3.0,3,Head,Python,"Python, Javascript / Typescript, Docker",100000.0,20000.0,65000.0,,32,Full-time employee,Unlimited contract,German,51-100,Product,yes but found a new one with better pay / perks,,0,120000.0,Python,30-34
1101,06/12/2020 21:08:57,35.0,Male,Berlin,Backend Developer,13.0,5,Senior,Php,"PHP, SQL, Go, AWS, Docker",68000.0,0.0,68000.0,0,26,Full-time employee,Unlimited contract,English,1000+,Product,No,20.0,,68000.0,Php,35-39
1102,06/12/2020 21:17:41,32.0,Female,Berlin,Computational linguist,5.0,5,Middle,Java,"Python, Docker",50400.0,0.0,50400.0,0,29,Full-time employee,Unlimited contract,English,11-50,Product,No,40.0,0,50400.0,Java,30-34
1103,06/12/2020 21:51:21,69.0,Male,Stuttgart,Rentner,383.0,3,Head,,,70000.0,0.0,,,,,,German,11-50,Consulting / Agency,No,,,70000.0,,50+
1104,07/12/2020 03:52:51,28.0,Male,Berlin,Product Analyst,4.0,0,Junior,SQL,"Python, Clojure, SQL",55000.0,0.0,,,22,Full-time employee,Unlimited contract,English,1000+,Product,No,,No,55000.0,SQL,25-29
1105,07/12/2020 06:56:43,30.0,Male,Hamburg,Data Scientist,5.0,5,Middle,Python,"Python, C/C++, SQL, AWS",55000.0,60000.0,55000.0,55000,30,Full-time employee,Unlimited contract,English,101-1000,Product,No,,,115000.0,Python,30-34
1106,07/12/2020 07:09:07,40.0,Male,Munich,Data Engineer,15.0,7,Lead,SQL,"Python, Javascript / Typescript, .NET, Java / Scala, SQL, Go, AWS, Azure, Docker",90000.0,10000.0,84000.0,10000,30,Full-time employee,,English,101-1000,Product,No,32.0,0,100000.0,SQL,40-49
1107,07/12/2020 08:28:00,27.0,Female,Berlin,Data Scientist,5.0,2,Senior,Python ,"SQL, AWS, Google Cloud, Docker",75000.0,0.0,60000.0,60000,24,Full-time employee,,English,101-1000,Product,No,,,75000.0,Python,25-29
1108,07/12/2020 09:25:26,32.0,Male,Berlin,Backend Developer,10.0,5,Senior,Node.js,"Javascript / Typescript, SQL, Google Cloud, Kubernetes, Docker",80000.0,0.0,72000.0,,24,Full-time employee,Unlimited contract,English,11-50,Startup,No,,,80000.0,Node.js,30-34
1109,07/12/2020 13:10:18,33.0,Male,Munich,Software Engineer,5.0,5,Senior,Embedded C++,"Python, C/C++",61000.0,63000.0,58000.0,60000,30,Full-time employee,Unlimited contract,English,1000+,Consulting / Agency,No,40.0,1500,124000.0,Embedded C++,30-34
1110,07/12/2020 16:36:43,31.0,Male,Berlin,Data Engineer,4.0,2,Middle,Python,"Python, SQL, AWS, Docker",50000.0,0.0,45000.0,0,30,Full-time employee,Unlimited contract,English,101-1000,Product,No,40.0,200,50000.0,Python,30-34
1111,07/12/2020 19:49:33,30.0,Male,Cologne,technical business analyst,5.0,5,Middle,,Python,69000.0,5000.0,63000.0,,30,Full-time employee,Unlimited contract,German,up to 10,Product,No,,,74000.0,,30-34
1112,07/12/2020 21:22:11,32.0,Male,Munich,Software Engineer,10.0,3,Lead,Swift,Java / Scala,75000.0,5000.0,75000.0,5000,27,Full-time employee,Unlimited contract,English,101-1000,Product,No,,,80000.0,Swift,30-34
1113,07/12/2020 22:47:21,32.0,Male,Munich,QA Engineer,12.0,4,Senior,,,95000.0,8000.0,,,25,Full-time employee,Unlimited contract,Russian,1000+,Product,No,,800,103000.0,,30-34
1114,07/12/2020 22:48:05,25.0,Male,Munich,Frontend Developer,7.0,1,Senior,JS,"C/C++, Javascript / Typescript, AWS, Google Cloud, Kubernetes",70000.0,6000.0,,,28,Full-time employee,Unlimited contract,English,101-1000,Consulting / Agency,No,,,76000.0,JS,25-29
1115,07/12/2020 22:54:31,34.0,Male,Munich,Software Engineer,10.0,4,Senior,C++,"Python, C/C++",74000.0,0.0,72000.0,,30,Full-time employee,Unlimited contract,English,1000+,Product,No,,,74000.0,C++,30-34
1116,07/12/2020 22:56:55,29.0,Male,Darmstadt,Data Scientist,5.0,2,Middle,Python,"SQL, Kubernetes, Docker",65000.0,0.0,55000.0,,30,Full-time employee,Unlimited contract,English,101-1000,Product,No,,1500,65000.0,Python,25-29
1117,07/12/2020 22:56:59,29.0,Male,Darmstadt,Data Scientist,5.0,2,Middle,Python,"SQL, Kubernetes, Docker",65000.0,0.0,55000.0,,30,Full-time employee,Unlimited contract,English,101-1000,Product,No,,1500,65000.0,Python,25-29
1118,07/12/2020 23:01:55,30.0,Male,Munich,DevOps,10.0,3,Lead,,"Python, Go, AWS, Kubernetes, Docker",85000.0,25.0,75000.0,,28,Full-time employee,Unlimited contract,English,1000+,Product,No,0.0,0,85025.0,,30-34
1119,08/12/2020 00:04:34,31.0,Male,Frankfurt,Product Manager,8.0,5,Lead,,,110000.0,18000.0,,,35,,,,1000+,Product,No,,,128000.0,,30-34
1120,08/12/2020 01:00:52,24.0,Male,Munich,DevOps,3.0,1,Junior,Go,"Python, SQL, Go",77000.0,20000.0,,,30,Full-time employee,Unlimited contract,English,1000+,FAANG,No,,,97000.0,Go,18-24
1121,08/12/2020 01:09:28,35.0,Male,Frankfurt,Software Engineer,10.0,1,Senior,Java,"Python, .NET, Java / Scala, SQL, Kubernetes, Docker",60000.0,5000.0,60000.0,5000,30,Full-time employee,Unlimited contract,English,101-1000,Consulting / Agency,No,,,65000.0,Java,35-39
1122,08/12/2020 01:45:43,31.0,Male,Munich,DevOps,6.0,2,Middle,NodsJs,"Javascript / Typescript, AWS, Kubernetes, Docker",60000.0,2000.0,,,30,Full-time employee,Unlimited contract,English,51-100,Consulting / Agency,No,,,62000.0,NodsJs,30-34
1123,08/12/2020 08:17:39,27.0,Male,Munich,Software Engineer,2.0,5,Junior,Java,Javascript / Typescript,68000.0,2000.0,60000.0,500,28,Full-time employee,Unlimited contract,English,101-1000,Product,No,,,70000.0,Java,25-29
1124,08/12/2020 09:39:06,38.0,Male,Berlin,Full-Stack Developer,1.0,1,Junior,Javascript/Typescript,AWS,45500.0,45500.0,40000.0,0,28,Full-time employee,Unlimited contract,English,51-100,Startup,No,,,91000.0,Javascript,35-39
1125,08/12/2020 09:39:49,34.0,Male,Munich,DevOps,12.0,2,Middle,Java,"Python, SQL, Perl",72000.0,8000.0,72000.0,8000,28,Full-time employee,Unlimited contract,English,101-1000,Product,No,,,80000.0,Java,30-34
1126,08/12/2020 10:53:52,35.0,Male,Darmstadt,Data Scientist,4.0,4,Senior,python,"Javascript / Typescript, Java / Scala, Docker",67000.0,5000.0,60000.0,10000,30,Full-time employee,Unlimited contract,English,51-100,Product,No,,,72000.0,python,35-39
1127,08/12/2020 11:49:02,35.0,Male,Duesseldorf,DevOps,17.0,5,Senior,Linux,"SQL, AWS, Google Cloud, Azure, Kubernetes, Docker",85000.0,2000.0,68000.0,0,30,Full-time employee,Unlimited contract,English,1000+,Consulting / Agency,No,,,87000.0,Linux,35-39
1128,08/12/2020 13:30:50,36.0,Male,Berlin,Backend Developer,10.0,3,Senior,Java,"Javascript / Typescript, Java / Scala, SQL, AWS, Docker, nomad, QlikSense",75000.0,0.0,,,30,Full-time employee,Unlimited contract,English,101-1000,Product,No,,500,75000.0,Java,35-39
1129,08/12/2020 13:55:01,33.0,Male,Munich,Backend Developer,13.0,3,Senior,Java,"Python, Javascript / Typescript, AWS",70000.0,7000.0,,,,Full-time employee,Unlimited contract,English,51-100,Product,No,,,77000.0,Java,30-34
1130,08/12/2020 20:04:49,29.0,Male,Berlin,DevOps,7.0,3,Senior,"Kuberenetes, Openstack","Python, Go, Kubernetes, Docker, Openstack",82000.0,0.0,78000.0,0,28,Full-time employee,Unlimited contract,English,101-1000,Consulting / Agency,No,32.0,500,82000.0,Kuberenetes Openstack,25-29
1131,08/12/2020 20:38:39,35.0,Male,Berlin,Software Engineer,15.0,4,Senior,Java,Kotlin,85000.0,10000.0,80000.0,,30,Full-time employee,Unlimited contract,English,101-1000,Product,No,,,95000.0,Java,35-39
1132,08/12/2020 20:57:45,30.0,Male,Berlin,Software Engineer,11.0,4,Senior,c/c++,Python,70000.0,0.0,,,,Full-time employee,Unlimited contract,English,51-100,Startup,No,,,70000.0,c,30-34
1133,08/12/2020 21:41:06,31.0,Female,Berlin,Product Manager,4.0,,Middle,,SQL,60000.0,0.0,70000.0,,28,Full-time employee,Unlimited contract,English,101-1000,Startup,Yes,,,60000.0,,30-34
1134,08/12/2020 21:57:59,25.0,Female,Cambridge,Frontend Developer,4.0,0,Middle,JavaScript/Typescript,Javascript / Typescript,45000.0,45000.0,,,28,Full-time employee,Unlimited contract,English,101-1000,Product,No,37.5,I was able to move all equipment I need to work to home,90000.0,JavaScript,25-29
1135,08/12/2020 22:10:37,24.0,Male,Berlin,ML Engineer,0.8,0.2,Junior,Python,Python,11500.0,0.0,,,24,Werkstudent,Temporary contract,English,11-50,Consulting / Agency,No,,,11500.0,Python,18-24
1136,08/12/2020 23:46:09,34.0,Male,Cologne,CTO,14.0,2,Lead,C#,"Javascript / Typescript, .NET, SQL, Azure, Kubernetes, Docker",84000.0,92000.0,72000.0,72000,21,Full-time employee,Unlimited contract,English,11-50,Product,No,,,176000.0,C#,30-34
1137,09/12/2020 04:46:05,42.0,Male,Hamburg,Data Scientist,2.0,2,Senior,Python ,"Python, SQL, Google Cloud",80000.0,7000.0,65000.0,5000,30,Full-time employee,Unlimited contract,German,1000+,Old industry,No,0.0,0,87000.0,Python,40-49
1138,09/12/2020 10:09:49,37.0,Female,Hamburg,QA Manager,7.0,7,Middle,java,,46000.0,2000.0,45000.0,1800,30,Full-time employee,Unlimited contract,German,101-1000,Product,No,,,48000.0,java,35-39
1139,09/12/2020 10:32:21,32.0,Male,Berlin,Mobile Developer,8.0,2,Senior,Swift,"Kotlin, Swift, Ruby",75000.0,0.0,70000.0,,26,Full-time employee,Unlimited contract,English,1000+,Product,No,,,75000.0,Swift,30-34
1140,09/12/2020 13:37:29,26.0,Female,Berlin,Mobile Developer,8.0,3,Middle,c++,"C/C++, SAP / ABAP",40000.0,2000.0,15000.0,,36,Self-employed (freelancer),Temporary contract,German,101-1000,Product,No,,,42000.0,c++,25-29
1141,09/12/2020 21:12:22,35.0,Male,Munich,Software Engineer,15.0,5,Head,SQL,"Python, AWS, Kubernetes, Docker",100000.0,0.0,60000.0,20000,30,Founder,Unlimited contract,English,11-50,Consulting / Agency,No,,,100000.0,SQL,35-39
1142,10/12/2020 08:37:41,43.0,Male,Munich,Product Manager,18.0,9,Lead,.NET,Kotlin,115000.0,6000.0,115000.0,6000,25,Full-time employee,Unlimited contract,English,1000+,Product,No,,800,121000.0,.NET,40-49
1143,10/12/2020 14:44:21,41.0,Male,Munich,Software Engineer,15.0,15,Senior,Kotlin,"Python, Java / Scala, SQL, AWS",99000.0,1200.0,99000.0,3300,39,Full-time employee,Unlimited contract,German,1000+,Product,No,,,100200.0,Kotlin,40-49
1144,11/12/2020 08:39:23,33.0,Male,Berlin,Backend Developer,8.0,6,Lead,NodeJS,"Python, Javascript / Typescript, SQL, AWS, Azure, Kubernetes, Docker",90000.0,20000.0,85000.0,20000,25,Full-time employee,Unlimited contract,English,101-1000,Product,No,,,110000.0,NodeJS,30-34
1145,11/12/2020 09:20:06,44.0,Male,Berlin,QA Lead,15.0,5,Lead,"JS, Java",Docker,72000.0,0.0,72000.0,,30,Full-time employee,Unlimited contract,English,11-50,Product,No,30.0,,72000.0,JS Java,40-49
1146,11/12/2020 16:25:59,28.0,Male,Berlin,ML Engineer,5.0,3,Middle,"Python, Pytorch","Python, AWS, Google Cloud, Docker",54000.0,10000.0,52000.0,10000,27,Full-time employee,Unlimited contract,English,up to 10,Startup,No,,No,64000.0,Python Pytorch,25-29
1147,11/12/2020 22:00:36,34.0,Female,Berlin,Designer (UI/UX),10.0,6,Senior,"PS, Sketch, React, CSS3",Javascript / Typescript,45000.0,0.0,45000.0,,30,Full-time employee,Unlimited contract,German,up to 10,Product,No,35.0,0,45000.0,PS Sketch React CSS3,30-34
1148,11/12/2020 22:36:22,,,Frankfurt,Software Engineer,10.0,10,Senior,Python,"Python, C/C++, Docker",65000.0,5000.0,60000.0,7000,30,Full-time employee,Unlimited contract,German,101-1000,Product,No,0.0,,70000.0,Python,
1149,12/12/2020 11:45:25,40.0,Male,Berlin,Backend Developer,20.0,5,Lead,Java,"Kotlin, C/C++, Javascript / Typescript, Java / Scala, AWS, Docker",80000.0,0.0,,,,Full-time employee,Unlimited contract,English,1000+,Startup,No,,,80000.0,Java,40-49
1150,12/12/2020 14:51:11,28.0,Male,Brussels,Robotics Engineer,3.0,0,Middle,C++,"Python, C/C++, Javascript / Typescript, Docker",45000.0,0.0,45000.0,0,25,Full-time employee,Unlimited contract,English,up to 10,Startup,No,0.0,0,45000.0,C++,25-29
1151,12/12/2020 20:52:06,26.0,Male,Stockholm,ML Engineer,2.5,0,Middle,Python/NLP,"Python, AWS, Google Cloud, Kubernetes, Docker",60000.0,60000.0,37500.0,37500,30,Full-time employee,Unlimited contract,English,1000+,Product,Yes,,,120000.0,Python,25-29
1152,12/12/2020 20:55:50,39.0,Male,Berlin,Software Engineer,15.0,4,Lead,Java,"Java / Scala, Google Cloud, Kubernetes",75000.0,75000.0,65000.0,65000,24,Full-time employee,Unlimited contract,English,51-100,Startup,No,,,150000.0,Java,35-39
1153,13/12/2020 08:25:33,32.0,Male,Copenhagen,Data Scientist,6.0,6,Senior,Python,"Python, Azure",92000.0,5000.0,90000.0,5000,25,Full-time employee,Unlimited contract,English,up to 10,Startup,No,30.0,0,97000.0,Python,30-34
1154,13/12/2020 11:59:29,36.0,Male,Berlin,DevOps,15.0,4,Lead,,"Google Cloud, Kubernetes, Docker, Terraform, Bash",90000.0,0.0,,,30,Full-time employee,Unlimited contract,English,101-1000,Startup,No,0.0,1200,90000.0,,35-39
1155,13/12/2020 15:03:32,27.0,Female,Lisbon,Backend Developer,3.0,0,Middle,Java,"Java / Scala, SQL",17500.0,1250.0,16000.0,1100,22,Full-time employee,Unlimited contract,English,1000+,Consulting / Agency,No,,,18750.0,Java,25-29
1156,13/12/2020 15:20:17,32.0,Female,Berlin,Software Engineer,2.0,2,Middle,Javascript,"Python, Javascript / Typescript, Go",63000.0,3000.0,50000.0,0,27,Full-time employee,Unlimited contract,English,101-1000,Product,No,,100,66000.0,Javascript,30-34
1157,13/12/2020 18:25:45,25.0,Female,Berlin,Software Engineer,4.0,1,Middle,"Scala, Apache Spark","Java / Scala, SQL, AWS, Google Cloud, Kubernetes, Docker",65000.0,,,,28,Full-time employee,Unlimited contract,English,101-1000,Product,No,,,,Scala Apache Spark,25-29
1158,13/12/2020 21:23:15,37.0,Female,Berlin,Data Scientist,7.0,2,Head,Python,"SQL, AWS, Docker, Matlab",75000.0,16000.0,,,28,Full-time employee,Unlimited contract,English,11-50,Startup,No,0.0,No,91000.0,Python,35-39
1159,14/12/2020 08:55:24,56.0,Male,Munich,Software Engineer,30.0,19,Lead,c++,"Python, C/C++, Javascript / Typescript, Java / Scala, AWS, Kubernetes, Docker",110000.0,110000.0,90000.0,100000,25,Full-time employee,Unlimited contract,English,51-100,Product,No,,,220000.0,c++,50+
1160,14/12/2020 09:03:54,30.0,Male,Berlin,Data Scientist,4.5,2.5,Middle,Python,"Python, SQL, AWS, Docker",60000.0,10000.0,60000.0,7500,24,Full-time employee,Unlimited contract,English,51-100,Startup,No,30.0,,70000.0,Python,30-34
1161,14/12/2020 14:33:10,30.0,Female,Hamburg,Software Engineer,5.0,2,Senior,Java,,70000.0,20000.0,,,,Full-time employee,Unlimited contract,English,1000+,Product,No,,,90000.0,Java,30-34
1162,14/12/2020 14:33:19,30.0,Female,Hamburg,Software Engineer,5.0,2,Senior,Java,,70000.0,20000.0,,,,Full-time employee,Unlimited contract,English,1000+,Product,No,,,90000.0,Java,30-34
1163,14/12/2020 15:25:10,27.0,Male,Munich,QA Engineer,6.0,4,Middle,Python,"Python, C/C++, Docker",70000.0,75000.0,67000.0,70000,30,Full-time employee,Unlimited contract,English,1000+,Product,No,0.0,1000,145000.0,Python,25-29
1164,14/12/2020 16:39:33,29.0,Male,Berlin,Software Engineer,6.0,1,Senior,Python,"Javascript / Typescript, Google Cloud, Docker",70000.0,10000.0,,,27,Full-time employee,Unlimited contract,English,1000+,Product,No,,600,80000.0,Python,25-29
1165,16/12/2020 11:50:12,24.0,Male,Berlin,Mobile Developer,3.5,0.25,Middle,"Swift, Objective-C",Ruby,70000.0,0.0,,,27,Full-time employee,Unlimited contract,English,1000+,Product,No,,140,70000.0,Swift Objective-C,18-24
1166,16/12/2020 12:02:55,27.0,Male,Berlin,Data Engineer,0.0,0,Junior,Python,"Python, SQL, Azure, Docker",40000.0,0.0,34000.0,37500,30,Full-time employee,Unlimited contract,German,1000+,Consulting / Agency,No,,,40000.0,Python,25-29
1167,16/12/2020 17:04:36,28.0,Male,Berlin,Frontend Developer,7.0,5,Middle,React.js / TypeScript,,62000.0,700.0,63000.0,,26,Full-time employee,Unlimited contract,English,101-1000,Product,No,,,62700.0,React.js,25-29
1168,17/12/2020 10:28:18,40.0,Male,Berlin,Data Engineer,14.0,0,Middle,"BI, DWH, ETL/ELT","Python, SQL, MS SQL Stack, Oracle, Informatica PowerCenter",57000.0,3000.0,,,24,Full-time employee,Unlimited contract,English,101-1000,Product,No,,,60000.0,BI DWH ETL,40-49
1169,17/12/2020 19:16:46,32.0,Male,Berlin,Backend Developer,9.0,5,Senior,Scala,"Go, Google Cloud",90000.0,0.0,87000.0,,34,Full-time employee,Unlimited contract,English,101-1000,Product,No,,650,90000.0,Scala,30-34
1170,18/12/2020 07:55:08,35.0,Female,Berlin,Product Manager,5.0,2,Senior,,SQL,60000.0,0.0,50000.0,,28,Full-time employee,Unlimited contract,English,101-1000,Startup,No,8.0,,60000.0,,35-39
1171,18/12/2020 10:17:16,32.0,Male,Berlin,Software Engineer,11.0,1,Senior,Scala,"Ruby, Java / Scala, AWS, Kubernetes, Docker",72500.0,10000.0,70000.0,10000,27,Full-time employee,Unlimited contract,English,1000+,Product,No,,600,82500.0,Scala,30-34
1172,18/12/2020 10:32:56,30.0,Male,Berlin,Backend Developer,9.0,1,Senior,Scala,"Python, Java / Scala",75000.0,10000.0,,,27,Full-time employee,Unlimited contract,English,1000+,Startup,No,,,85000.0,Scala,30-34
1173,18/12/2020 11:29:23,30.0,Male,Berlin,Backend Developer,9.0,5,Senior,Scala,"Java / Scala, AWS, Kubernetes",85000.0,90000.0,82000.0,87000,24,Full-time employee,Unlimited contract,English,1000+,Product,No,0.0,600,175000.0,Scala,30-34
1174,18/12/2020 12:23:22,36.0,Male,Stuttgart,Mobile Developer,16.0,4,Lead,Java,"Kotlin, Java / Scala, SQL, AWS, Docker",62500.0,0.0,59500.0,0,32,Full-time employee,Unlimited contract,English,51-100,Product,No,32.0,0,62500.0,Java,35-39
1175,18/12/2020 13:14:39,33.0,Male,Berlin,Software Engineer,7.0,7,Senior,C++,Javascript / Typescript,65900.0,15900.0,,,30,Full-time employee,Unlimited contract,English,1000+,Product,No,,700,81800.0,C++,30-34
1176,18/12/2020 15:38:13,33.0,Male,Berlin,Engineering Manager,15.0,4,Lead,Java,"Kotlin, Java / Scala, AWS, Kubernetes, Docker",85000.0,15000.0,80000.0,0,28,Full-time employee,Unlimited contract,English,1000+,Product,No,0.0,600,100000.0,Java,30-34
1177,18/12/2020 18:43:35,32.0,Male,Munich,Software Engineer,13.0,7,Middle,Java,"Javascript / Typescript, SQL, AWS, Docker",95000.0,35000.0,79000.0,31000,30,Full-time employee,Unlimited contract,English,1000+,Product,No,,800,130000.0,Java,30-34
1178,19/12/2020 09:31:16,31.0,,Berlin,ML Engineer,5.0,2.5,Middle,Python,"Java / Scala, AWS, Google Cloud, Kubernetes, Docker",77500.0,78000.0,54000.0,54000,28,Full-time employee,Unlimited contract,English,1000+,Product,No,,700,155500.0,Python,30-34
1179,19/12/2020 09:54:24,34.0,Male,Berlin,Backend Developer,12.0,4,Senior,Kotlin,"Go, Rust, Kubernetes",75000.0,7500.0,72000.0,7200,27,Full-time employee,Unlimited contract,English,1000+,Product,No,,1100,82500.0,Kotlin,30-34
1180,20/12/2020 00:30:53,,,Berlin,,,,,,,30000.0,0.0,,,,,,,,,,,,30000.0,,
1181,20/12/2020 00:31:23,,,Berlin,,,,,,,111111.0,0.0,,,,,,,,,,,,111111.0,,
1182,20/12/2020 01:48:34,54.0,Male,Munich,Software Engineer,25.0,15,Middle,Python,"Python, C/C++, Javascript / Typescript, Java / Scala, SQL, Kubernetes, Docker",75000.0,5000.0,80000.0,500,29,Full-time employee,Unlimited contract,English,1000+,Consulting / Agency,No,30.0,1500,80000.0,Python,50+
1183,20/12/2020 10:31:17,28.0,Male,Sevilla,DatabEngineer,4.0,0,Middle,GCP,"Python, Java / Scala, R, SQL, Google Cloud",30000.0,0.0,30000.0,0,24,Full-time employee,Unlimited contract,Spanish,51-100,Consulting / Agency,No,,0,30000.0,GCP,25-29
1184,21/12/2020 13:45:43,28.0,Female,Berlin,Frontend Developer,5.0,2,Senior,javascript,"Google Cloud, Docker",64000.0,2000.0,60000.0,,28,Full-time employee,Unlimited contract,English,1000+,Product,No,,,66000.0,javascript,25-29
1185,21/12/2020 14:52:24,29.0,Female,Berlin,Project Manager,6.0,"0,5",Middle,Web,,51000.0,0.0,,,28,Full-time employee,Unlimited contract,English,101-1000,Startup,No,,,51000.0,Web,25-29
1186,21/12/2020 23:41:56,38.0,Male,Berlin,Data Scientist,6.0,3,Lead,Python,"R, AWS",110000.0,70000.0,110000.0,180000,28,Full-time employee,Unlimited contract,English,1000+,Product,No,,,180000.0,Python,35-39
1187,22/12/2020 11:55:00,33.0,Male,Berlin,Software Engineer,11.0,5,Senior,Scala,"Java / Scala, SQL",107000.0,90000.0,,,24,Full-time employee,Unlimited contract,English,1000+,Product,No,,2000,197000.0,Scala,30-34
1188,22/12/2020 13:39:31,36.0,Male,Berlin,Backend Developer,12.0,0.5,Senior,Python,"SQL, Docker",100000.0,15000.0,,,30,Full-time employee,Unlimited contract,English,1000+,Startup,No,,500,115000.0,Python,35-39
1189,22/12/2020 16:31:16,36.0,Male,Berlin,Software Engineer,15.0,6,Senior,PHP,"Kotlin, AWS, Kubernetes, Docker",70000.0,2000.0,67000.0,2000,26,Full-time employee,Unlimited contract,English,101-1000,Product,No,,800,72000.0,PHP,35-39
1190,22/12/2020 17:11:31,37.0,Male,Aachen,QA Engineer,15.0,1,Senior,Python,,70000.0,7000.0,,,28,Full-time employee,Unlimited contract,English,101-1000,Product,No,,,77000.0,Python,35-39
1191,22/12/2020 18:16:48,36.0,Male,Munich,Software Engineer,15.0,1,Senior,PL/SQL,SQL,68000.0,3000.0,68000.0,0,30,Full-time employee,Unlimited contract,English,1000+,Consulting / Agency,No,,400,71000.0,PL,35-39
1192,22/12/2020 18:36:24,35.0,Female,Munich,Application Consultant,15.0,"1,5",Junior,SAP,SAP / ABAP,46000.0,2000.0,,,28,Full-time employee,Unlimited contract,English,1000+,Consulting / Agency,No,0.0,"0,00",48000.0,SAP,35-39
1193,22/12/2020 19:44:13,33.0,Male,Munich,Frontend Developer,10.0,6,Senior,Javascript,"Python, Javascript / Typescript",100000.0,5000.0,90000.0,5000,30,Full-time employee,Unlimited contract,English,101-1000,Startup,No,,0,105000.0,Javascript,30-34
1194,22/12/2020 23:41:41,33.0,Male,Stuttgart,Team Lead,12.0,5,Lead,PHP,"Javascript / Typescript, SQL, AWS, Docker",70200.0,0.0,70200.0,,30,Full-time employee,Unlimited contract,German,101-1000,Consulting / Agency,No,,500,70200.0,PHP,30-34
1195,23/12/2020 17:33:56,31.0,Male,Berlin,Backend Developer,7.0,2,Senior,Go,Go,75000.0,0.0,,70000,28,Full-time employee,Unlimited contract,English,101-1000,Product,No,30.0,,75000.0,Go,30-34
1196,24/12/2020 10:37:30,36.0,Male,Amsterdam,Mobile Developer,14.0,8,Senior,Swift,"Kotlin, Javascript / Typescript, AWS",75000.0,0.0,75000.0,35000,20,Full-time employee,Unlimited contract,English,11-50,Consulting / Agency,No,0.0,0,75000.0,Swift,35-39
1197,24/12/2020 14:31:58,31.0,Male,Berlin,Software Engineer,9.0,5,Senior,scala,Java / Scala,85000.0,0.0,82000.0,,28,Full-time employee,Unlimited contract,English,11-50,Startup,No,24.0,,85000.0,scala,30-34
1198,24/12/2020 15:12:35,36.0,Male,Regensburg,Software Engineer,10.0,10,Middle,C#,"Javascript / Typescript, .NET, SQL",66000.0,6000.0,58000.0,6000,30,Full-time employee,Unlimited contract,German,51-100,Consulting / Agency,No,,,72000.0,C#,35-39
1199,24/12/2020 20:39:53,37.0,Male,Munich,DevOps,17.0,1,Senior,AWS,"AWS, Azure",90000.0,0.0,85000.0,85000,30,Full-time employee,Unlimited contract,English,1000+,Consulting / Agency,No,40.0,0,90000.0,AWS,35-39
1200,24/12/2020 23:11:24,30.0,Male,Berlin,Consultant,3.0,3,Middle,Java,"Python, R, SQL, Kubernetes, Docker",58000.0,0.0,42000.0,50000,30,Full-time employee,Unlimited contract,English,101-1000,Startup,No,,400,58000.0,Java,30-34
1201,25/12/2020 14:37:26,30.0,Male,Berlin,Software Engineer,11.0,1,Senior,Java / Scala,"Kotlin, Java / Scala, Clojure, Rust, AWS, Kubernetes, Docker",90000.0,90000.0,80000.0,80000,29,Full-time employee,Unlimited contract,English,1000+,Product,No,,40,180000.0,Java,30-34
1202,25/12/2020 17:03:05,27.0,Male,Krakow,QA Engineer,5.0,1,Senior,java,Python,35000.0,0.0,35000.0,,28,Full-time employee,Temporary contract,English,101-1000,Product,No,,,35000.0,java,25-29
1203,25/12/2020 21:58:38,33.0,Female,Munich,Software Engineer,10.0,3,Senior,Java,SQL,47500.0,0.0,47500.0,0,25,Full-time employee,Unlimited contract,English,11-50,Outsourse,No,,0,47500.0,Java,30-34
1204,26/12/2020 20:00:12,35.0,Male,Ingolstadt,Backend Developer,10.0,4,Lead,Magento,PHP,65000.0,0.0,60000.0,0,25,Full-time employee,Unlimited contract,English,11-50,Startup,No,0.0,No,65000.0,Magento,35-39
1205,27/12/2020 11:52:56,26.0,Male,Berlin,Backend Developer,5.0,4,Middle,Java,AWS,72000.0,0.0,65000.0,,30,Full-time employee,Unlimited contract,English,1000+,Product,No,0.0,,72000.0,Java,25-29
1206,27/12/2020 18:49:07,29.0,Male,Berlin,Software Engineer,9.0,5,Senior,C++,"Python, C/C++, Rust, AWS, Kubernetes, Docker",73000.0,16000.0,73000.0,16000,30,Full-time employee,Unlimited contract,English,1000+,Product,No,32.0,,89000.0,C++,25-29
1207,28/12/2020 11:20:05,31.0,Male,Berlin,Backend Developer,4.0,2,Middle,Ruby on Rails,Javascript / Typescript,50000.0,0.0,50000.0,0,25,Full-time employee,Unlimited contract,English,11-50,Product,No,,,50000.0,Ruby on Rails,30-34
1208,28/12/2020 12:00:15,36.0,Male,Stuttgart,Lead Developer,8.0,2,Lead,.net,"Javascript / Typescript, .NET, SQL, Azure, Kubernetes, Docker",72000.0,6000.0,,,28,Full-time employee,Unlimited contract,German,101-1000,,No,0.0,,78000.0,.net,35-39
1209,28/12/2020 22:24:47,24.0,Female,Munich,Software Engineer,,less than year,student,"Python, database technologies","Python, Java / Scala, SQL, AWS",16320.0,16320.0,,,10,Part-time employee,Unlimited contract,English,11-50,Startup,No,,,32640.0,Python database technologies,18-24
1210,29/12/2020 18:33:08,36.0,Male,Berlin,Mobile Developer,10.0,10,Middle,Android,Kotlin,68000.0,2000.0,65000.0,5000,30,Full-time employee,Unlimited contract,English,1000+,Product,No,,650,70000.0,Android,35-39
1211,29/12/2020 23:57:42,29.0,Male,Munich,Data Scientist,6.0,5,Middle,SQL,Python,70000.0,30000.0,60000.0,15000,28,Full-time employee,Unlimited contract,English,1000+,Product,No,,300,100000.0,SQL,25-29
1212,30/12/2020 02:23:59,30.0,Female,Berlin,Frontend Developer,3.0,3,Lead,JavaScript ,"AWS, Docker",57600.0,0.0,51200.0,0,30,Full-time employee,Unlimited contract,English,101-1000,Product,No,0.0,No,57600.0,JavaScript,30-34
1213,30/12/2020 13:18:32,30.0,Male,Munich,Software Engineer,8.0,1,Senior,PHP,"Javascript / Typescript, SQL, Docker",68000.0,1500.0,65000.0,0,26,Full-time employee,Unlimited contract,English,51-100,Product,No,,,69500.0,PHP,30-34
1214,30/12/2020 16:32:25,29.0,Male,Berlin,Backend Developer,5.0,5,Senior,Go,"Go, Google Cloud, Kubernetes, Docker",75000.0,0.0,70000.0,0,25,Full-time employee,Unlimited contract,English,101-1000,Product,No,28.0,0,75000.0,Go,25-29
1215,31/12/2020 17:56:25,34.0,Male,Berlin,Software Engineer,14.0,4,Lead,Java,"Kotlin, Javascript / Typescript, AWS, Kubernetes, Docker",95000.0,5000.0,92000.0,92000,30,Full-time employee,Unlimited contract,English,1000+,Product,No,,,100000.0,Java,30-34
1216,01/01/2021 10:51:57,30.0,Male,Berlin,Backend Developer,10.0,4,Lead,Java,"Python, AWS, Kubernetes, Docker",82000.0,0.0,73000.0,,29,Full-time employee,Unlimited contract,English,101-1000,Startup,No,28.0,,82000.0,Java,30-34
1217,01/01/2021 13:40:08,34.0,Male,Prague,Backend Developer,14.0,0,Lead,C#,"Javascript / Typescript, .NET, Azure, Kubernetes, Docker",90000.0,40000.0,70000.0,40000,30,Full-time employee,Unlimited contract,English,1000+,Product,No,,,130000.0,C#,30-34
1218,02/01/2021 23:17:31,27.0,Male,Munich,Software Engineer,8.0,4,Senior,"C++, C#","C/C++, .NET",52000.0,0.0,52000.0,,28,Full-time employee,Unlimited contract,English,11-50,Product,No,0.0,0,52000.0,C++ C#,25-29
1219,03/01/2021 02:44:04,26.0,Male,Munich,Mobile Developer,5.0,1,Middle,Kotlin,"Kotlin, Java / Scala",65000.0,0.0,,,24,Full-time employee,Unlimited contract,Russian,51-100,Startup,No,,,65000.0,Kotlin,25-29
1220,04/01/2021 16:41:12,35.0,Male,Munich,Software Engineer,12.0,5,Lead,python,"Javascript / Typescript, SQL, AWS, Docker",100000.0,10000.0,85000.0,10000,30,Full-time employee,Unlimited contract,English,51-100,Product,No,,1670,110000.0,python,35-39
1221,05/01/2021 22:12:30,44.0,Male,Munich,Software Architekt,20.0,20,Head,Java Backend,"Java / Scala, SQL, Docker",95000.0,15000.0,95000.0,15000,30,Full-time employee,Unlimited contract,German,101-1000,Product,Yes,,,110000.0,Java Backend,40-49
1222,05/01/2021 22:56:24,34.0,Male,Ingolstadt ,Software Engineer,3.5,3.5,Junior,C++,"Python, C/C++, Docker",55000.0,55000.0,53000.0,53000,30,Full-time employee,Unlimited contract,German,1000+,Consulting / Agency,No,20.0,,110000.0,C++,30-34
1223,05/01/2021 23:03:40,45.0,Male,Munich,Software Engineer,20.0,20,Self employed,".net, c++, spss, embeddded","C/C++, .NET, Go",200000.0,15000.0,200000.0,15000,30,Self-employed (freelancer),,German,up to 10,freelance,No,,No,215000.0,.net c++ spss embeddded,40-49
1224,05/01/2021 23:51:56,31.0,Male,Munich,Backend Developer,10.0,7,Senior,Ruby on Rails,"Python, Kotlin, Ruby, AWS, Docker",85000.0,85000.0,80000.0,80000,27,Full-time employee,Unlimited contract,English,101-1000,Startup,No,,,170000.0,Ruby on Rails,30-34
1225,06/01/2021 21:20:44,24.0,Male,Berlin,Frontend Developer,5.0,2,Senior,TypeScript,Javascript / Typescript,68250.0,0.0,65000.0,0,27,Full-time employee,Unlimited contract,English,101-1000,Product,No,,,68250.0,TypeScript,18-24
1226,06/01/2021 21:36:17,27.0,Male,Munich,Software Engineer,7.0,4,Middle,.NET,"Javascript / Typescript, .NET, Azure, Kubernetes, Docker",63000.0,0.0,,62000,30,Full-time employee,Unlimited contract,English,51-100,Consulting / Agency,No,,200,63000.0,.NET,25-29
1227,06/01/2021 21:42:52,34.0,Male,Berlin,Frontend Developer,6.0,2,Middle,Javascript,Javascript / Typescript,63000.0,0.0,58000.0,0,25,Full-time employee,,English,101-1000,Startup,No,32.0,0,63000.0,Javascript,30-34
1228,07/01/2021 10:47:40,28.0,Male,Munich,Software Engineer,7.0,3,Middle,Java,"Kotlin, Java / Scala, Go, AWS, Kubernetes, Docker",63000.0,4000.0,63000.0,4000,30,Full-time employee,Unlimited contract,English,101-1000,Product,No,0.0,0,67000.0,Java,25-29
1229,07/01/2021 14:37:29,25.0,Male,Berlin,ML Engineer,5.0,"0,5",Middle,Scala,"Python, Javascript / Typescript, Java / Scala, AWS",65000.0,2000.0,,,30,Full-time employee,Unlimited contract,English,1000+,Product,No,0.0,500,67000.0,Scala,25-29
1230,08/01/2021 00:38:57,35.0,Male,Karlsruhe,Software Engineer,12.0,7,Senior,".Net, Angular","Javascript / Typescript, .NET, SQL, Azure, Docker",75000.0,0.0,75000.0,,28,Full-time employee,Unlimited contract,English,1000+,Product,No,,,75000.0,.Net Angular,35-39
1231,08/01/2021 12:52:08,,,Munich,,,,,,,70000.0,0.0,,,,,,,,,,,,70000.0,,
1232,08/01/2021 16:12:36,52.0,Male,Stuttgart,Software Engineer,,30,Lead,Atlassian JIRA,"SQL, Perl",100000.0,0.0,,,,Self-employed (freelancer),Temporary contract,English,up to 10,Consulting / Agency,No,,,100000.0,Atlassian JIRA,50+
1233,08/01/2021 17:23:19,33.0,Female,Munich,Testmanager,10.0,2,Junior,Java,SQL,60000.0,60000.0,55000.0,60000,30,Full-time employee,Unlimited contract,German,1000+,Product,No,0.0,No,120000.0,Java,30-34
1234,10/01/2021 22:31:57,26.0,Male,Saint-Petersburg,Project Manager,5.0,,Middle,Python,"Python, .NET, Azure",20000.0,2000.0,,,24,Full-time employee,Unlimited contract,Russian,1000+,Product,Yes,,,22000.0,Python,25-29
1235,10/01/2021 22:32:12,26.0,Male,Saint-Petersburg,Project Manager,5.0,,Middle,Python,"Python, .NET, Azure",20000.0,2000.0,,,24,Full-time employee,Unlimited contract,Russian,1000+,Product,Yes,,,22000.0,Python,25-29
1236,11/01/2021 12:12:34,39.0,Male,Berlin,QA Engineer,7.0,5,Senior,Java,"Kotlin, Google Cloud",76000.0,3000.0,65000.0,10000,30,Full-time employee,Unlimited contract,English,1000+,Product,Yes,0.0,0,79000.0,Java,35-39
1237,12/01/2021 12:48:23,37.0,Male,Berlin,Mobile Developer,15.0,5,Senior,Android,Kotlin,84700.0,1000.0,83000.0,3500,29,Full-time employee,Unlimited contract,English,101-1000,Product,No,0.0,1200,85700.0,Android,35-39
1238,12/01/2021 22:22:21,27.0,Male,Frankfurt,Software Engineer,3.0,1,Middle,Qlik,SQL,52000.0,0.0,,,27,Full-time employee,Unlimited contract,German,11-50,Product,No,,,52000.0,Qlik,25-29
1239,13/01/2021 23:42:49,38.0,Male,Munich,Data Analyst,16.0,4,Senior,,Bi,95000.0,105000.0,95000.0,105000,30,Full-time employee,Unlimited contract,English,1000+,Product,No,,1000,200000.0,,35-39
1240,14/01/2021 01:14:58,31.0,Female,Berlin,Data Scientist,4.0,3,Middle,spark,"Python, SQL, AWS",50500.0,0.0,49000.0,,30,,Unlimited contract,English,1000+,Product,No,,500,50500.0,spark,30-34
1241,15/01/2021 18:28:54,30.0,Male,Berlin,SRE,10.0,5,,Kubernetes,"Go, Kubernetes",68000.0,0.0,68000.0,,26,Full-time employee,Unlimited contract,English,101-1000,Product,No,,,68000.0,Kubernetes,30-34
1242,16/01/2021 14:39:02,32.0,Male,Munich,ERP Consultant,10.0,6,Lead,SAP,,130000.0,0.0,125000.0,,30,Full-time employee,Unlimited contract,English,1000+,Product,No,0.0,0,130000.0,SAP,30-34
1243,16/01/2021 19:35:40,32.0,Female,Munich,QA Engineer,8.0,5,Senior,Java,Java / Scala,55000.0,0.0,,,,,,German,11-50,Product,No,,no,55000.0,Java,30-34
1244,16/01/2021 22:23:04,32.0,Male,Munich,Software Engineer,10.0,5,Head,Scala,"Javascript / Typescript, Java / Scala, SQL, Go, AWS, Docker",95000.0,0.0,80000.0,0,24,Full-time employee,Unlimited contract,English,11-50,Startup,No,,,95000.0,Scala,30-34
1245,17/01/2021 13:22:23,28.0,Male,Berlin,Frontend Developer,5.0,5,Middle,JavaScript,Javascript / Typescript,55000.0,0.0,55000.0,,30,Full-time employee,Unlimited contract,English,101-1000,Product,No,,,55000.0,JavaScript,25-29
1246,18/01/2021 09:51:30,38.0,Male,Berlin,Head of Engineering,18.0,8,Head,,"Javascript / Typescript, SQL, Go, AWS, Google Cloud, Azure, Kubernetes",90000.0,20000.0,90000.0,20000,26,Full-time employee,Unlimited contract,German,51-100,Product,No,,,110000.0,,35-39
1247,18/01/2021 11:50:02,34.0,Male,Zurich,Software Engineer,7.0,2,Senior,PHP,PHP,108500.0,0.0,90000.0,,25,Full-time employee,Unlimited contract,English,11-50,Startup,No,,,108500.0,PHP,30-34
1248,18/01/2021 15:05:50,31.0,Male,Berlin,Backend Developer,9.0,5,Senior,Java,"Python, Javascript / Typescript, Java / Scala, SQL, AWS, Docker",70000.0,72000.0,70000.0,72000,26,Full-time employee,Unlimited contract,English,51-100,Product,Yes,,,142000.0,Java,30-34
1249,18/01/2021 17:46:02,33.0,Male,Berlin,Researcher/ Consumer Insights Analyst ,10.0,1.5,Senior,consumer analysis,,60000.0,3000.0,48000.0,2500,unlimited ,Full-time employee,Unlimited contract,English,1000+,Product,No,,0,63000.0,consumer analysis,30-34
1250,18/01/2021 23:20:35,39.0,Male,Munich,IT Operations Manager,15.0,2,Lead,PHP,"Python, C/C++, Javascript / Typescript, Java / Scala, Perl, AWS, Docker, Networking, Data Center",110000.0,0.0,90000.0,,28,Full-time employee,Unlimited contract,English,101-1000,eCommerce,No,,,110000.0,PHP,35-39
1251,19/01/2021 10:17:58,26.0,Male,Saarbrücken,Frontend Developer,7.0,7,Middle,JavaScript,"Javascript / Typescript, Docker, HTML, CSS; Adobe XD",38350.0,40950.0,33800.0,36400,27,Full-time employee,Unlimited contract,German,101-1000,Product,No,,0,79300.0,JavaScript,25-29
1252,19/01/2021 12:01:11,26.0,Male,Berlin,DevOps,2.0,2,Middle,yaml,"Python, AWS, Kubernetes, Docker, terraform, ansible",65000.0,6500.0,40000.0,0,30,Full-time employee,Unlimited contract,English,51-100,Startup,No,30.0,600,71500.0,yaml,25-29
