credit_id,client_id,amount,duration,status,collateral_type,collateral_value,collateral_ratio,name,age,job,city,is_legal,base_pd,lgd,reserves_for_bank
CR_1,89,1000.0,60,Default,Real Estate,944.49,94.449,Client_89,52,Pensioner,Frankfurt,True,0.08,0.2,16.0
CR_2,638,50000.0,12,Closed,Car,72122.15,144.24429999999998,Client_638,62,Manager,Munich,True,0.05,0.4,1000.0000000000002
CR_3,293,500.0,12,Active,Nothing,0.0,0.0,Client_293,44,Brewer,Frankfurt,True,0.04,0.8,16.0
CR_4,951,50000.0,12,Default,Real Estate,47439.2,94.8784,Client_951,22,Police worker,Offenburg,True,0.04,0.2,400.0
CR_5,750,50000.0,60,Default,Real Estate,28438.96,56.87792,Client_750,38,Security,Rottweil,True,0.09,0.2,899.9999999999999
CR_6,399,500.0,60,Active,Nothing,0.0,0.0,Client_399,57,Sportsman,Baden-Baden,True,0.08,0.8,32.0
CR_7,54,5000.0,60,Active,Nothing,0.0,0.0,Client_54,37,Sportsman,Offenburg,True,0.08,0.8,320.0
CR_8,938,10000.0,24,Closed,Real Estate,11906.62,119.0662,Client_938,28,Driver,Frankfurt,True,0.12,0.2,240.0
CR_9,967,50000.0,36,Default,Deposit,56508.17,113.01634,Client_967,30,Seller,Frankfurt,True,0.06,0.2,600.0
CR_10,760,50000.0,6,Closed,Nothing,0.0,0.0,Client_760,60,Police worker,Tuttlingen,True,0.04,0.8,1600.0
CR_11,568,500.0,12,Closed,Nothing,0.0,0.0,Client_568,65,Engineer,Sulgen,True,0.03,0.8,12.0
CR_12,25,5000.0,36,Active,Real Estate,0.0,0.0,Client_25,61,Pensioner,Frankfurt,True,0.08,0.2,80.0
CR_13,821,10000.0,12,Default,Nothing,0.0,0.0,Client_821,34,Police worker,Berlin,True,0.04,0.8,320.0
CR_14,342,10000.0,6,Default,Deposit,9397.33,93.9733,Client_342,54,Police worker,Baden-Baden,True,0.04,0.2,80.0
CR_15,334,1000.0,36,Default,Deposit,1122.58,112.258,Client_334,41,Sportsman,Schramberg,True,0.08,0.2,16.0
CR_16,935,1000.0,12,Default,Deposit,1106.13,110.613,Client_935,27,Pensioner,Dunningen,True,0.08,0.2,16.0
CR_17,275,500.0,6,Closed,Deposit,504.95,100.99,Client_275,69,Pensioner,Dunningen,True,0.08,0.2,8.0
CR_18,282,10000.0,36,Closed,Nothing,0.0,0.0,Client_282,71,Director,Stuttgart,True,0.01,0.8,80.0
CR_19,925,5000.0,60,Closed,Nothing,0.0,0.0,Client_925,61,Unemployed,Hardt,True,0.3,0.8,1200.0
CR_20,834,5000.0,6,Active,Nothing,0.0,0.0,Client_834,49,Pensioner,Rottweil,True,0.08,0.8,320.0
CR_21,571,5000.0,60,Closed,Nothing,0.0,0.0,Client_571,70,Driver,Munich,True,0.12,0.8,480.0
CR_22,949,1000.0,24,Default,Deposit,1144.85,114.485,Client_949,18,Pensioner,Frankfurt,True,0.08,0.2,16.0
CR_23,882,1000.0,24,Active,Nothing,0.0,0.0,Client_882,66,Pensioner,Baden-Baden,True,0.08,0.8,64.0
CR_24,60,5000.0,12,Default,Deposit,0.0,0.0,Client_60,69,Director,Tuttlingen,True,0.01,0.2,10.0
CR_25,468,5000.0,6,Closed,Car,5987.03,119.7406,Client_468,38,Manager,Berlin,True,0.05,0.4,100.00000000000001
CR_26,764,5000.0,36,Default,Nothing,0.0,0.0,Client_764,17,Brewer,Vs,False,0.048,0.8,192.00000000000003
CR_27,62,25000.0,24,Default,Real Estate,25400.94,101.60376,Client_62,64,Sportsman,Tuttlingen,True,0.08,0.2,400.0
CR_28,328,50000.0,60,Default,Real Estate,42595.14,85.19028,Client_328,22,Teacher,Baden-Baden,True,0.02,0.2,200.0
CR_29,963,5000.0,12,Closed,Car,0.0,0.0,Client_963,55,Brewer,Vs,True,0.04,0.4,80.0
CR_30,22,50000.0,6,Default,Deposit,52447.8,104.8956,Client_22,62,Pensioner,Munich,True,0.08,0.2,800.0
CR_31,478,25000.0,60,Active,Car,34763.3,139.0532,Client_478,59,Pensioner,Offenburg,True,0.08,0.4,800.0
CR_32,713,1000.0,24,Default,Car,1450.36,145.036,Client_713,71,Seller,Rottweil,True,0.06,0.4,24.0
CR_33,854,5000.0,60,Default,Car,3046.79,60.93579999999999,Client_854,21,Pensioner,Hamburg,True,0.08,0.4,160.0
CR_34,471,1000.0,6,Active,Real Estate,1399.88,139.988,Client_471,24,Director,Schramberg,True,0.01,0.2,2.0
CR_35,18,25000.0,36,Default,Car,20382.07,81.52828,Client_18,68,Teacher,Stuttgart,True,0.02,0.4,200.0
CR_36,154,50000.0,12,Active,Nothing,0.0,0.0,Client_154,17,Sportsman,Dunningen,False,0.096,0.8,3840.0000000000005
CR_37,479,5000.0,12,Default,Deposit,0.0,0.0,Client_479,23,Security,Hardt,True,0.09,0.2,90.0
CR_38,83,25000.0,24,Default,Deposit,25127.78,100.51112,Client_83,40,Engineer,Rottweil,True,0.03,0.2,150.0
CR_39,685,10000.0,60,Closed,Deposit,12443.82,124.4382,Client_685,32,Director,Hardt,True,0.01,0.2,20.0
CR_40,255,1000.0,12,Closed,Real Estate,969.9,96.99,Client_255,29,Student,Rottweil,True,0.25,0.2,50.0
CR_41,136,25000.0,24,Active,Nothing,0.0,0.0,Client_136,71,Security,Berlin,True,0.09,0.8,1799.9999999999998
CR_42,676,25000.0,36,Default,Car,19883.9,79.5356,Client_676,74,Pensioner,Schramberg,True,0.08,0.4,800.0
CR_43,687,5000.0,6,Active,Deposit,0.0,0.0,Client_687,49,Pensioner,Stuttgart,True,0.08,0.2,80.0
CR_44,303,5000.0,36,Active,Deposit,2939.67,58.793400000000005,Client_303,40,Unemployed,Sulgen,True,0.3,0.2,300.0
CR_45,196,500.0,60,Closed,Car,589.83,117.966,Client_196,37,IT Specialist,Berlin,True,0.02,0.4,4.0
CR_46,98,5000.0,6,Closed,Nothing,0.0,0.0,Client_98,27,Sportsman,Hamburg,True,0.08,0.8,320.0
CR_47,515,500.0,60,Default,Deposit,261.86,52.37200000000001,Client_515,59,Police worker,Munich,True,0.04,0.2,4.0
CR_48,959,25000.0,12,Closed,Real Estate,27097.69,108.39076,Client_959,70,Student,Schramberg,True,0.25,0.2,1250.0
CR_49,569,500.0,36,Active,Car,662.2,132.44,Client_569,42,Director,Sulgen,True,0.01,0.4,2.0
CR_50,666,500.0,36,Default,Real Estate,594.66,118.932,Client_666,71,Driver,Frankfurt,True,0.12,0.2,12.0
CR_51,750,5000.0,36,Closed,Nothing,0.0,0.0,Client_750,38,Security,Rottweil,True,0.09,0.8,360.0
CR_52,121,10000.0,60,Active,Real Estate,13620.89,136.2089,Client_121,66,Manager,Sulgen,True,0.05,0.2,100.00000000000001
CR_53,244,25000.0,12,Active,Real Estate,14018.96,56.07584,Client_244,19,Driver,Frankfurt,True,0.12,0.2,600.0
CR_54,550,10000.0,36,Active,Nothing,0.0,0.0,Client_550,55,Pensioner,Dunningen,True,0.08,0.8,640.0
CR_55,121,5000.0,60,Closed,Nothing,0.0,0.0,Client_121,66,Manager,Sulgen,True,0.05,0.8,200.00000000000003
CR_56,179,25000.0,60,Closed,Car,30315.87,121.26348,Client_179,38,Driver,Berlin,True,0.12,0.4,1200.0
CR_57,792,5000.0,6,Closed,Car,4414.45,88.289,Client_792,65,Police worker,Hamburg,True,0.04,0.4,80.0
CR_58,813,25000.0,12,Active,Real Estate,34172.37,136.68948,Client_813,39,Sportsman,Bratslaw,True,0.08,0.2,400.0
CR_59,150,5000.0,36,Active,Deposit,0.0,0.0,Client_150,19,IT Specialist,Dunningen,True,0.02,0.2,20.0
CR_60,685,25000.0,24,Closed,Real Estate,30288.81,121.15524,Client_685,32,Director,Hardt,True,0.01,0.2,50.0
CR_61,403,5000.0,60,Active,Nothing,0.0,0.0,Client_403,28,Seller,Schramberg,True,0.06,0.8,240.0
CR_62,528,500.0,60,Default,Deposit,569.3,113.86,Client_528,53,Pensioner,Bratslaw,True,0.08,0.2,8.0
CR_63,34,500.0,6,Active,Car,731.22,146.244,Client_34,22,Seller,Sulgen,True,0.06,0.4,12.0
CR_64,443,500.0,60,Default,Real Estate,253.97,50.794,Client_443,23,Student,Bratslaw,True,0.25,0.2,25.0
CR_65,855,25000.0,12,Active,Nothing,0.0,0.0,Client_855,73,Security,Sulgen,True,0.09,0.8,1799.9999999999998
CR_66,895,5000.0,6,Active,Real Estate,3877.6,77.55199999999999,Client_895,73,Student,Schramberg,True,0.25,0.2,250.0
CR_67,305,10000.0,12,Closed,Real Estate,13531.42,135.3142,Client_305,54,Sportsman,Munich,True,0.08,0.2,160.0
CR_68,902,10000.0,24,Active,Real Estate,9910.57,99.1057,Client_902,55,Director,Dunningen,True,0.01,0.2,20.0
CR_69,392,5000.0,6,Default,Real Estate,0.0,0.0,Client_392,41,Manager,Offenburg,True,0.05,0.2,50.00000000000001
CR_70,546,5000.0,60,Default,Deposit,0.0,0.0,Client_546,56,Manager,Baden-Baden,True,0.05,0.2,50.00000000000001
CR_71,68,5000.0,6,Active,Deposit,4227.07,84.54139999999998,Client_68,49,Sportsman,Stuttgart,True,0.08,0.2,80.0
CR_72,895,5000.0,60,Default,Car,0.0,0.0,Client_895,73,Student,Schramberg,True,0.25,0.4,500.0
CR_73,118,10000.0,36,Default,Deposit,7086.12,70.8612,Client_118,75,Seller,Baden-Baden,True,0.06,0.2,120.0
CR_74,37,50000.0,24,Closed,Deposit,54597.35,109.1947,Client_37,25,Manager,Hamburg,True,0.05,0.2,500.0000000000001
CR_75,134,25000.0,60,Closed,Deposit,15099.9,60.3996,Client_134,16,Director,Tuttlingen,False,0.012,0.2,60.00000000000001
CR_76,404,50000.0,12,Default,Nothing,0.0,0.0,Client_404,49,IT Specialist,Frankfurt,True,0.02,0.8,800.0
CR_77,166,1000.0,60,Closed,Real Estate,1386.85,138.685,Client_166,40,Unemployed,Frankfurt,True,0.3,0.2,60.0
CR_78,599,5000.0,60,Default,Deposit,7113.71,142.2742,Client_599,28,Student,Rottweil,True,0.25,0.2,250.0
CR_79,403,1000.0,60,Closed,Car,1069.79,106.979,Client_403,28,Seller,Schramberg,True,0.06,0.4,24.0
CR_80,107,5000.0,24,Default,Real Estate,5251.99,105.0398,Client_107,58,Brewer,Tuttlingen,True,0.04,0.2,40.0
CR_81,240,500.0,36,Closed,Deposit,749.52,149.904,Client_240,37,Director,Tuttlingen,True,0.01,0.2,1.0
CR_82,920,25000.0,60,Active,Real Estate,26608.11,106.43244,Client_920,57,Unemployed,Bratslaw,True,0.3,0.2,1500.0
CR_83,590,1000.0,24,Active,Car,1086.32,108.632,Client_590,50,Brewer,Baden-Baden,True,0.04,0.4,16.0
CR_84,655,5000.0,24,Active,Deposit,4952.7,99.054,Client_655,34,Student,Hamburg,True,0.25,0.2,250.0
CR_85,743,5000.0,12,Default,Deposit,4350.17,87.0034,Client_743,36,Seller,Frankfurt,True,0.06,0.2,60.0
CR_86,404,25000.0,60,Active,Nothing,0.0,0.0,Client_404,49,IT Specialist,Frankfurt,True,0.02,0.8,400.0
CR_87,431,500.0,12,Default,Car,444.79,88.958,Client_431,18,Driver,Hamburg,True,0.12,0.4,24.0
CR_88,839,5000.0,6,Closed,Car,0.0,0.0,Client_839,42,Student,Tuttlingen,True,0.25,0.4,500.0
CR_89,979,500.0,24,Active,Car,374.57,74.914,Client_979,33,Security,Offenburg,True,0.09,0.4,18.0
CR_90,358,1000.0,6,Active,Car,505.84,50.584,Client_358,45,Driver,Sulgen,True,0.12,0.4,48.0
CR_91,264,50000.0,24,Default,Deposit,74817.16,149.63432,Client_264,70,Manager,Baden-Baden,True,0.05,0.2,500.0000000000001
CR_92,18,1000.0,36,Default,Nothing,0.0,0.0,Client_18,68,Teacher,Stuttgart,True,0.02,0.8,16.0
CR_93,800,50000.0,12,Active,Real Estate,67370.25,134.7405,Client_800,18,Engineer,Baden-Baden,True,0.03,0.2,300.0
CR_94,622,1000.0,6,Active,Car,1447.3,144.73,Client_622,59,Manager,Baden-Baden,True,0.05,0.4,20.000000000000004
CR_95,645,5000.0,24,Active,Nothing,0.0,0.0,Client_645,39,Engineer,Offenburg,True,0.03,0.8,120.0
CR_96,470,1000.0,6,Closed,Nothing,0.0,0.0,Client_470,56,Driver,Dunningen,True,0.12,0.8,96.0
CR_97,52,50000.0,24,Default,Real Estate,29468.55,58.9371,Client_52,37,Engineer,Bratslaw,True,0.03,0.2,300.0
CR_98,689,5000.0,6,Active,Car,6935.5,138.71,Client_689,21,Manager,Schramberg,True,0.05,0.4,100.00000000000001
CR_99,351,5000.0,6,Default,Nothing,0.0,0.0,Client_351,46,Manager,Hamburg,True,0.05,0.8,200.00000000000003
CR_100,667,500.0,12,Active,Real Estate,516.19,103.238,Client_667,75,Driver,Tuttlingen,True,0.12,0.2,12.0
CR_101,578,25000.0,36,Default,Car,14817.39,59.26956,Client_578,59,Engineer,Berlin,True,0.03,0.4,300.0
CR_102,2,50000.0,6,Closed,Deposit,51930.8,103.8616,Client_2,68,IT Specialist,Munich,True,0.02,0.2,200.0
CR_103,995,5000.0,6,Default,Nothing,0.0,0.0,Client_995,61,Unemployed,Vs,True,0.3,0.8,1200.0
CR_104,684,25000.0,24,Active,Car,14217.99,56.87196,Client_684,72,Driver,Berlin,True,0.12,0.4,1200.0
CR_105,746,50000.0,6,Active,Deposit,38660.63,77.32126,Client_746,72,Teacher,Offenburg,True,0.02,0.2,200.0
CR_106,57,50000.0,6,Closed,Real Estate,60421.28,120.84256,Client_57,70,Security,Munich,True,0.09,0.2,899.9999999999999
CR_107,303,25000.0,12,Active,Real Estate,22274.5,89.098,Client_303,40,Unemployed,Sulgen,True,0.3,0.2,1500.0
CR_108,908,1000.0,36,Active,Car,947.68,94.768,Client_908,63,Seller,Baden-Baden,True,0.06,0.4,24.0
CR_109,384,500.0,12,Closed,Nothing,0.0,0.0,Client_384,70,Pensioner,Hardt,True,0.08,0.8,32.0
CR_110,677,5000.0,60,Active,Car,7464.68,149.2936,Client_677,30,Director,Rottweil,True,0.01,0.4,20.0
CR_111,1000,5000.0,6,Closed,Real Estate,7312.28,146.2456,Client_1000,66,Director,Vs,True,0.01,0.2,10.0
CR_112,907,50000.0,60,Active,Deposit,27198.75,54.3975,Client_907,61,Unemployed,Offenburg,True,0.3,0.2,3000.0
CR_113,576,5000.0,60,Closed,Car,0.0,0.0,Client_576,75,Director,Sulgen,True,0.01,0.4,20.0
CR_114,844,5000.0,60,Default,Deposit,2527.01,50.5402,Client_844,19,Unemployed,Offenburg,True,0.3,0.2,300.0
CR_115,430,500.0,60,Active,Deposit,367.91,73.58200000000001,Client_430,70,Security,Rottweil,True,0.09,0.2,9.0
CR_116,623,10000.0,24,Active,Car,12645.27,126.4527,Client_623,60,IT Specialist,Frankfurt,True,0.02,0.4,80.0
CR_117,470,500.0,12,Active,Deposit,623.37,124.674,Client_470,56,Driver,Dunningen,True,0.12,0.2,12.0
CR_118,814,500.0,60,Default,Car,711.0,142.2,Client_814,36,IT Specialist,Rottweil,True,0.02,0.4,4.0
CR_119,509,50000.0,24,Active,Real Estate,73999.17,147.99834,Client_509,55,Police worker,Dunningen,True,0.04,0.2,400.0
CR_120,219,50000.0,12,Active,Car,69165.71,138.33142,Client_219,52,Pensioner,Bratslaw,True,0.08,0.4,1600.0
CR_121,91,1000.0,6,Closed,Car,675.01,67.501,Client_91,37,IT Specialist,Vs,True,0.02,0.4,8.0
CR_122,643,1000.0,24,Default,Car,600.2,60.02000000000001,Client_643,63,Student,Schramberg,True,0.25,0.4,100.0
CR_123,157,10000.0,6,Active,Real Estate,8058.16,80.5816,Client_157,75,Director,Vs,True,0.01,0.2,20.0
CR_124,562,5000.0,24,Default,Car,0.0,0.0,Client_562,58,Director,Rottweil,True,0.01,0.4,20.0
CR_125,318,50000.0,12,Default,Nothing,0.0,0.0,Client_318,22,Director,Hardt,True,0.01,0.8,400.0
CR_126,533,25000.0,12,Default,Car,21398.9,85.5956,Client_533,48,Pensioner,Baden-Baden,True,0.08,0.4,800.0
CR_127,468,50000.0,60,Default,Real Estate,71111.66,142.22332,Client_468,38,Manager,Berlin,True,0.05,0.2,500.0000000000001
CR_128,94,25000.0,36,Closed,Nothing,0.0,0.0,Client_94,34,IT Specialist,Rottweil,True,0.02,0.8,400.0
CR_129,677,5000.0,6,Closed,Nothing,0.0,0.0,Client_677,30,Director,Rottweil,True,0.01,0.8,40.0
CR_130,897,5000.0,6,Closed,Car,0.0,0.0,Client_897,22,Unemployed,Frankfurt,True,0.3,0.4,600.0
CR_131,296,50000.0,12,Closed,Deposit,32420.81,64.84162,Client_296,32,Seller,Munich,True,0.06,0.2,600.0
CR_132,810,10000.0,24,Closed,Deposit,13333.94,133.33939999999998,Client_810,58,Driver,Hardt,True,0.12,0.2,240.0
CR_133,740,10000.0,36,Closed,Car,8983.3,89.833,Client_740,26,Brewer,Sulgen,True,0.04,0.4,160.0
CR_134,824,500.0,60,Default,Nothing,0.0,0.0,Client_824,67,Engineer,Vs,True,0.03,0.8,12.0
CR_135,194,500.0,24,Closed,Deposit,382.36,76.47200000000001,Client_194,67,Director,Sulgen,True,0.01,0.2,1.0
CR_136,6,1000.0,60,Default,Deposit,595.63,59.563,Client_6,25,Student,Stuttgart,True,0.25,0.2,50.0
CR_137,351,10000.0,6,Active,Nothing,0.0,0.0,Client_351,46,Manager,Hamburg,True,0.05,0.8,400.00000000000006
CR_138,236,25000.0,24,Closed,Nothing,0.0,0.0,Client_236,52,Seller,Hardt,True,0.06,0.8,1200.0
CR_139,402,25000.0,36,Active,Nothing,0.0,0.0,Client_402,68,Police worker,Schramberg,True,0.04,0.8,800.0
CR_140,147,5000.0,60,Closed,Car,0.0,0.0,Client_147,42,Manager,Munich,True,0.05,0.4,100.00000000000001
CR_141,813,5000.0,36,Closed,Nothing,0.0,0.0,Client_813,39,Sportsman,Bratslaw,True,0.08,0.8,320.0
CR_142,990,500.0,60,Default,Car,423.92,84.784,Client_990,16,Engineer,Tuttlingen,False,0.036,0.4,7.2
CR_143,643,500.0,12,Closed,Deposit,358.29,71.658,Client_643,63,Student,Schramberg,True,0.25,0.2,25.0
CR_144,881,10000.0,12,Active,Deposit,13097.28,130.9728,Client_881,23,Engineer,Dunningen,True,0.03,0.2,60.0
CR_145,839,10000.0,12,Active,Deposit,11889.96,118.8996,Client_839,42,Student,Tuttlingen,True,0.25,0.2,500.0
CR_146,851,5000.0,24,Closed,Car,3388.14,67.7628,Client_851,30,Security,Berlin,True,0.09,0.4,180.0
CR_147,351,50000.0,12,Closed,Deposit,34554.25,69.10849999999999,Client_351,46,Manager,Hamburg,True,0.05,0.2,500.0000000000001
CR_148,263,500.0,60,Default,Real Estate,410.78,82.15599999999999,Client_263,28,Pensioner,Hamburg,True,0.08,0.2,8.0
CR_149,762,5000.0,24,Closed,Nothing,0.0,0.0,Client_762,74,Sportsman,Sulgen,True,0.08,0.8,320.0
CR_150,130,50000.0,6,Default,Car,41543.58,83.08716000000001,Client_130,36,Pensioner,Baden-Baden,True,0.08,0.4,1600.0
CR_151,585,5000.0,36,Closed,Nothing,0.0,0.0,Client_585,39,Brewer,Offenburg,True,0.04,0.8,160.0
CR_152,790,500.0,36,Closed,Nothing,0.0,0.0,Client_790,59,Unemployed,Frankfurt,True,0.3,0.8,120.0
CR_153,485,5000.0,24,Closed,Nothing,0.0,0.0,Client_485,64,Unemployed,Tuttlingen,True,0.3,0.8,1200.0
CR_154,561,50000.0,24,Active,Nothing,0.0,0.0,Client_561,16,Student,Munich,False,0.3,0.8,12000.0
CR_155,223,5000.0,36,Default,Car,6634.32,132.6864,Client_223,43,Director,Hamburg,True,0.01,0.4,20.0
CR_156,840,10000.0,24,Closed,Car,14224.92,142.2492,Client_840,71,Engineer,Rottweil,True,0.03,0.4,120.0
CR_157,947,10000.0,6,Active,Deposit,6895.89,68.9589,Client_947,20,Security,Frankfurt,True,0.09,0.2,180.0
CR_158,555,5000.0,36,Active,Nothing,0.0,0.0,Client_555,47,Brewer,Frankfurt,True,0.04,0.8,160.0
CR_159,766,5000.0,12,Active,Deposit,7090.24,141.8048,Client_766,24,Driver,Frankfurt,True,0.12,0.2,120.0
CR_160,255,10000.0,36,Active,Deposit,13090.14,130.9014,Client_255,29,Student,Rottweil,True,0.25,0.2,500.0
CR_161,710,5000.0,36,Default,Car,0.0,0.0,Client_710,36,Sportsman,Schramberg,True,0.08,0.4,160.0
CR_162,258,50000.0,24,Default,Real Estate,48537.78,97.07556,Client_258,64,Sportsman,Stuttgart,True,0.08,0.2,800.0
CR_163,179,50000.0,36,Active,Deposit,68010.3,136.0206,Client_179,38,Driver,Berlin,True,0.12,0.2,1200.0
CR_164,817,10000.0,12,Active,Car,10009.47,100.0947,Client_817,64,Security,Hardt,True,0.09,0.4,360.0
CR_165,961,25000.0,12,Default,Nothing,0.0,0.0,Client_961,56,IT Specialist,Hardt,True,0.02,0.8,400.0
CR_166,100,500.0,12,Default,Deposit,734.73,146.946,Client_100,51,Manager,Schramberg,True,0.05,0.2,5.000000000000001
CR_167,22,500.0,12,Closed,Deposit,295.24,59.048,Client_22,62,Pensioner,Munich,True,0.08,0.2,8.0
CR_168,10,10000.0,24,Active,Car,12064.8,120.648,Client_10,33,Police worker,Rottweil,True,0.04,0.4,160.0
CR_169,937,500.0,6,Default,Car,632.36,126.472,Client_937,41,Security,Frankfurt,True,0.09,0.4,18.0
CR_170,125,5000.0,6,Closed,Car,6730.92,134.6184,Client_125,24,Brewer,Hardt,True,0.04,0.4,80.0
CR_171,784,25000.0,12,Active,Deposit,21327.81,85.31124000000001,Client_784,27,Unemployed,Hamburg,True,0.3,0.2,1500.0
CR_172,86,25000.0,12,Default,Deposit,16988.77,67.95508,Client_86,28,Manager,Dunningen,True,0.05,0.2,250.00000000000006
CR_173,544,25000.0,36,Closed,Deposit,21291.81,85.16724,Client_544,73,Pensioner,Dunningen,True,0.08,0.2,400.0
CR_174,628,500.0,12,Default,Deposit,456.76,91.352,Client_628,60,IT Specialist,Frankfurt,True,0.02,0.2,2.0
CR_175,906,5000.0,6,Active,Real Estate,5332.67,106.6534,Client_906,45,Unemployed,Hardt,True,0.3,0.2,300.0
CR_176,103,25000.0,12,Active,Deposit,35353.0,141.412,Client_103,18,Pensioner,Dunningen,True,0.08,0.2,400.0
CR_177,807,25000.0,6,Active,Real Estate,16346.69,65.38676,Client_807,75,Student,Berlin,True,0.25,0.2,1250.0
CR_178,90,25000.0,12,Closed,Nothing,0.0,0.0,Client_90,69,Sportsman,Munich,True,0.08,0.8,1600.0
CR_179,998,25000.0,12,Closed,Real Estate,22080.98,88.32392,Client_998,57,Security,Dunningen,True,0.09,0.2,449.99999999999994
CR_180,562,1000.0,24,Default,Car,1272.71,127.271,Client_562,58,Director,Rottweil,True,0.01,0.4,4.0
CR_181,144,50000.0,60,Active,Car,42327.59,84.65518,Client_144,47,Police worker,Hamburg,True,0.04,0.4,800.0
CR_182,10,50000.0,60,Closed,Deposit,32688.99,65.37798000000001,Client_10,33,Police worker,Rottweil,True,0.04,0.2,400.0
CR_183,838,5000.0,6,Default,Car,5850.7,117.014,Client_838,36,Police worker,Hardt,True,0.04,0.4,80.0
CR_184,249,5000.0,36,Active,Car,6405.68,128.11360000000002,Client_249,74,Manager,Hamburg,True,0.05,0.4,100.00000000000001
CR_185,879,25000.0,24,Active,Car,24244.86,96.97944,Client_879,49,Seller,Berlin,True,0.06,0.4,600.0
CR_186,988,500.0,6,Active,Car,497.54,99.508,Client_988,37,Teacher,Frankfurt,True,0.02,0.4,4.0
CR_187,790,25000.0,6,Closed,Deposit,12714.11,50.856440000000006,Client_790,59,Unemployed,Frankfurt,True,0.3,0.2,1500.0
CR_188,855,5000.0,60,Closed,Deposit,3672.39,73.4478,Client_855,73,Security,Sulgen,True,0.09,0.2,90.0
CR_189,804,1000.0,36,Default,Nothing,0.0,0.0,Client_804,37,Teacher,Dunningen,True,0.02,0.8,16.0
CR_190,640,5000.0,24,Closed,Real Estate,3527.82,70.55640000000001,Client_640,25,Sportsman,Munich,True,0.08,0.2,80.0
CR_191,910,10000.0,24,Active,Nothing,0.0,0.0,Client_910,59,Seller,Frankfurt,True,0.06,0.8,480.0
CR_192,852,10000.0,6,Default,Deposit,9141.04,91.4104,Client_852,58,IT Specialist,Vs,True,0.02,0.2,40.0
CR_193,196,10000.0,12,Active,Deposit,12065.5,120.655,Client_196,37,IT Specialist,Berlin,True,0.02,0.2,40.0
CR_194,563,25000.0,36,Default,Car,30289.52,121.15808,Client_563,71,Unemployed,Berlin,True,0.3,0.4,3000.0
CR_195,121,500.0,24,Active,Deposit,393.08,78.616,Client_121,66,Manager,Sulgen,True,0.05,0.2,5.000000000000001
CR_196,576,1000.0,12,Closed,Real Estate,1379.67,137.967,Client_576,75,Director,Sulgen,True,0.01,0.2,2.0
CR_197,499,5000.0,12,Closed,Nothing,0.0,0.0,Client_499,35,Student,Bratslaw,True,0.25,0.8,1000.0
CR_198,861,10000.0,24,Default,Real Estate,12177.58,121.7758,Client_861,41,Seller,Bratslaw,True,0.06,0.2,120.0
CR_199,437,500.0,6,Default,Real Estate,354.28,70.856,Client_437,51,Director,Hamburg,True,0.01,0.2,1.0
CR_200,963,10000.0,36,Active,Nothing,0.0,0.0,Client_963,55,Brewer,Vs,True,0.04,0.8,320.0
CR_201,274,5000.0,60,Default,Deposit,7126.08,142.5216,Client_274,69,Student,Hardt,True,0.25,0.2,250.0
CR_202,239,500.0,60,Default,Real Estate,622.81,124.562,Client_239,73,IT Specialist,Dunningen,True,0.02,0.2,2.0
CR_203,602,1000.0,24,Active,Nothing,0.0,0.0,Client_602,26,Police worker,Frankfurt,True,0.04,0.8,32.0
CR_204,931,5000.0,36,Closed,Nothing,0.0,0.0,Client_931,71,Sportsman,Sulgen,True,0.08,0.8,320.0
CR_205,886,25000.0,6,Closed,Nothing,0.0,0.0,Client_886,28,Student,Offenburg,True,0.25,0.8,5000.0
CR_206,531,25000.0,60,Default,Real Estate,14216.97,56.86787999999999,Client_531,41,Unemployed,Frankfurt,True,0.3,0.2,1500.0
CR_207,229,500.0,36,Default,Deposit,325.85,65.17,Client_229,18,Director,Stuttgart,True,0.01,0.2,1.0
CR_208,368,10000.0,60,Closed,Nothing,0.0,0.0,Client_368,37,Director,Tuttlingen,True,0.01,0.8,80.0
CR_209,341,50000.0,60,Active,Deposit,33834.11,67.66822,Client_341,65,Police worker,Offenburg,True,0.04,0.2,400.0
CR_210,792,25000.0,12,Active,Deposit,13184.67,52.73868,Client_792,65,Police worker,Hamburg,True,0.04,0.2,200.0
CR_211,39,500.0,36,Closed,Deposit,287.21,57.44199999999999,Client_39,59,IT Specialist,Sulgen,True,0.02,0.2,2.0
CR_212,781,5000.0,36,Active,Real Estate,3667.44,73.3488,Client_781,35,Security,Munich,True,0.09,0.2,90.0
CR_213,522,5000.0,12,Closed,Nothing,0.0,0.0,Client_522,37,Director,Sulgen,True,0.01,0.8,40.0
CR_214,753,25000.0,60,Closed,Nothing,0.0,0.0,Client_753,74,Pensioner,Sulgen,True,0.08,0.8,1600.0
CR_215,356,10000.0,12,Active,Car,13210.56,132.1056,Client_356,19,Manager,Schramberg,True,0.05,0.4,200.00000000000003
CR_216,203,5000.0,6,Default,Nothing,0.0,0.0,Client_203,52,Engineer,Vs,True,0.03,0.8,120.0
CR_217,969,5000.0,6,Default,Real Estate,0.0,0.0,Client_969,59,Director,Schramberg,True,0.01,0.2,10.0
CR_218,83,5000.0,24,Active,Nothing,0.0,0.0,Client_83,40,Engineer,Rottweil,True,0.03,0.8,120.0
CR_219,743,5000.0,12,Default,Car,6041.08,120.8216,Client_743,36,Seller,Frankfurt,True,0.06,0.4,120.0
CR_220,822,10000.0,36,Default,Deposit,10106.29,101.0629,Client_822,35,Engineer,Hamburg,True,0.03,0.2,60.0
CR_221,261,5000.0,6,Default,Real Estate,4853.49,97.0698,Client_261,45,Pensioner,Rottweil,True,0.08,0.2,80.0
CR_222,223,25000.0,6,Active,Real Estate,35933.61,143.73444,Client_223,43,Director,Hamburg,True,0.01,0.2,50.0
CR_223,499,50000.0,6,Active,Nothing,0.0,0.0,Client_499,35,Student,Bratslaw,True,0.25,0.8,10000.0
CR_224,525,5000.0,24,Active,Car,0.0,0.0,Client_525,40,Sportsman,Frankfurt,True,0.08,0.4,160.0
CR_225,973,10000.0,12,Active,Car,13338.53,133.3853,Client_973,52,Police worker,Stuttgart,True,0.04,0.4,160.0
CR_226,786,500.0,24,Active,Car,252.39,50.478,Client_786,75,Police worker,Baden-Baden,True,0.04,0.4,8.0
CR_227,820,500.0,6,Closed,Real Estate,635.25,127.05,Client_820,70,Sportsman,Schramberg,True,0.08,0.2,8.0
CR_228,169,5000.0,6,Active,Car,6000.65,120.013,Client_169,61,Manager,Munich,True,0.05,0.4,100.00000000000001
CR_229,909,25000.0,24,Active,Car,28586.09,114.34436,Client_909,67,Teacher,Hamburg,True,0.02,0.4,200.0
CR_230,998,1000.0,60,Default,Deposit,1039.8,103.98,Client_998,57,Security,Dunningen,True,0.09,0.2,18.0
CR_231,801,500.0,12,Closed,Real Estate,730.71,146.14200000000002,Client_801,17,Teacher,Frankfurt,False,0.024,0.2,2.4000000000000004
CR_232,671,50000.0,60,Default,Car,46732.38,93.46475999999998,Client_671,47,Unemployed,Vs,True,0.3,0.4,6000.0
CR_233,11,500.0,24,Default,Nothing,0.0,0.0,Client_11,61,Brewer,Baden-Baden,True,0.04,0.8,16.0
CR_234,611,25000.0,24,Closed,Nothing,0.0,0.0,Client_611,40,Pensioner,Munich,True,0.08,0.8,1600.0
CR_235,824,1000.0,12,Default,Car,1480.08,148.00799999999998,Client_824,67,Engineer,Vs,True,0.03,0.4,12.0
CR_236,279,25000.0,12,Closed,Real Estate,17063.02,68.25208,Client_279,68,Driver,Frankfurt,True,0.12,0.2,600.0
CR_237,928,50000.0,60,Active,Deposit,25459.01,50.91802,Client_928,40,Student,Baden-Baden,True,0.25,0.2,2500.0
CR_238,259,500.0,12,Active,Car,633.97,126.794,Client_259,18,IT Specialist,Hardt,True,0.02,0.4,4.0
CR_239,223,25000.0,24,Closed,Deposit,37253.84,149.01536,Client_223,43,Director,Hamburg,True,0.01,0.2,50.0
CR_240,320,5000.0,12,Default,Deposit,0.0,0.0,Client_320,36,Brewer,Berlin,True,0.04,0.2,40.0
CR_241,284,1000.0,24,Closed,Car,1191.14,119.114,Client_284,40,Student,Tuttlingen,True,0.25,0.4,100.0
CR_242,496,1000.0,12,Default,Nothing,0.0,0.0,Client_496,27,Brewer,Tuttlingen,True,0.04,0.8,32.0
CR_243,455,50000.0,6,Active,Car,64683.03,129.36606,Client_455,34,Director,Stuttgart,True,0.01,0.4,200.0
CR_244,216,1000.0,60,Closed,Real Estate,600.73,60.073,Client_216,18,Sportsman,Munich,True,0.08,0.2,16.0
CR_245,334,1000.0,36,Active,Deposit,1436.95,143.695,Client_334,41,Sportsman,Schramberg,True,0.08,0.2,16.0
CR_246,413,50000.0,36,Closed,Car,52790.57,105.58114,Client_413,38,Pensioner,Offenburg,True,0.08,0.4,1600.0
CR_247,676,50000.0,36,Active,Car,73685.62,147.37124,Client_676,74,Pensioner,Schramberg,True,0.08,0.4,1600.0
CR_248,182,500.0,24,Active,Nothing,0.0,0.0,Client_182,27,Sportsman,Baden-Baden,True,0.08,0.8,32.0
CR_249,360,25000.0,24,Default,Real Estate,22442.45,89.7698,Client_360,17,Security,Hamburg,False,0.108,0.2,540.0
CR_250,964,5000.0,12,Closed,Car,7245.54,144.9108,Client_964,32,Security,Offenburg,True,0.09,0.4,180.0
CR_251,511,50000.0,36,Closed,Deposit,63703.35,127.4067,Client_511,46,Director,Munich,True,0.01,0.2,100.0
CR_252,348,10000.0,12,Active,Nothing,0.0,0.0,Client_348,45,Engineer,Munich,True,0.03,0.8,240.0
CR_253,109,1000.0,24,Active,Real Estate,1123.6,112.36,Client_109,37,Pensioner,Dunningen,True,0.08,0.2,16.0
CR_254,540,10000.0,6,Closed,Deposit,8292.63,82.9263,Client_540,37,Seller,Munich,True,0.06,0.2,120.0
CR_255,376,500.0,24,Default,Nothing,0.0,0.0,Client_376,16,Engineer,Rottweil,False,0.036,0.8,14.4
CR_256,876,5000.0,36,Active,Car,3139.54,62.7908,Client_876,30,Brewer,Bratslaw,True,0.04,0.4,80.0
CR_257,16,1000.0,36,Closed,Real Estate,731.76,73.176,Client_16,64,Pensioner,Hardt,True,0.08,0.2,16.0
CR_258,956,25000.0,12,Closed,Nothing,0.0,0.0,Client_956,64,Manager,Baden-Baden,True,0.05,0.8,1000.0000000000002
CR_259,723,50000.0,12,Closed,Real Estate,49729.97,99.45994,Client_723,26,Manager,Stuttgart,True,0.05,0.2,500.0000000000001
CR_260,541,1000.0,24,Active,Real Estate,1474.88,147.48800000000003,Client_541,60,IT Specialist,Schramberg,True,0.02,0.2,4.0
CR_261,444,50000.0,60,Default,Nothing,0.0,0.0,Client_444,24,Seller,Rottweil,True,0.06,0.8,2400.0
CR_262,301,5000.0,24,Default,Real Estate,0.0,0.0,Client_301,69,Sportsman,Rottweil,True,0.08,0.2,80.0
CR_263,647,50000.0,60,Default,Nothing,0.0,0.0,Client_647,55,Unemployed,Stuttgart,True,0.3,0.8,12000.0
CR_264,343,5000.0,6,Closed,Nothing,0.0,0.0,Client_343,72,IT Specialist,Rottweil,True,0.02,0.8,80.0
CR_265,404,5000.0,36,Closed,Nothing,0.0,0.0,Client_404,49,IT Specialist,Frankfurt,True,0.02,0.8,80.0
CR_266,861,500.0,6,Closed,Deposit,670.97,134.19400000000002,Client_861,41,Seller,Bratslaw,True,0.06,0.2,6.0
CR_267,138,1000.0,36,Closed,Car,645.14,64.514,Client_138,37,Driver,Offenburg,True,0.12,0.4,48.0
CR_268,3,1000.0,60,Closed,Nothing,0.0,0.0,Client_3,42,Security,Frankfurt,True,0.09,0.8,72.0
CR_269,440,500.0,6,Closed,Real Estate,490.22,98.044,Client_440,48,Manager,Sulgen,True,0.05,0.2,5.000000000000001
CR_270,752,500.0,6,Active,Car,627.38,125.476,Client_752,43,Pensioner,Tuttlingen,True,0.08,0.4,16.0
CR_271,173,1000.0,12,Default,Nothing,0.0,0.0,Client_173,43,IT Specialist,Vs,True,0.02,0.8,16.0
CR_272,617,25000.0,60,Closed,Real Estate,23259.74,93.03896,Client_617,50,Student,Rottweil,True,0.25,0.2,1250.0
CR_273,912,5000.0,12,Default,Real Estate,4920.41,98.4082,Client_912,71,Security,Dunningen,True,0.09,0.2,90.0
CR_274,864,10000.0,60,Closed,Deposit,5236.35,52.36350000000001,Client_864,67,Driver,Baden-Baden,True,0.12,0.2,240.0
CR_275,368,50000.0,6,Active,Car,57904.02,115.80804,Client_368,37,Director,Tuttlingen,True,0.01,0.4,200.0
CR_276,311,1000.0,12,Closed,Real Estate,619.61,61.961,Client_311,60,Student,Frankfurt,True,0.25,0.2,50.0
CR_277,545,5000.0,60,Active,Real Estate,2503.31,50.0662,Client_545,59,Driver,Dunningen,True,0.12,0.2,120.0
CR_278,148,1000.0,6,Active,Real Estate,1128.07,112.807,Client_148,17,Sportsman,Tuttlingen,False,0.096,0.2,19.200000000000003
CR_279,740,1000.0,24,Default,Nothing,0.0,0.0,Client_740,26,Brewer,Sulgen,True,0.04,0.8,32.0
CR_280,267,50000.0,6,Default,Nothing,0.0,0.0,Client_267,64,Police worker,Offenburg,True,0.04,0.8,1600.0
CR_281,702,10000.0,36,Active,Nothing,0.0,0.0,Client_702,23,Sportsman,Stuttgart,True,0.08,0.8,640.0
CR_282,167,1000.0,36,Default,Nothing,0.0,0.0,Client_167,37,Director,Stuttgart,True,0.01,0.8,8.0
CR_283,329,10000.0,6,Closed,Nothing,0.0,0.0,Client_329,28,Student,Tuttlingen,True,0.25,0.8,2000.0
CR_284,185,1000.0,6,Active,Real Estate,1263.88,126.388,Client_185,29,Sportsman,Frankfurt,True,0.08,0.2,16.0
CR_285,629,5000.0,12,Active,Real Estate,0.0,0.0,Client_629,26,Police worker,Frankfurt,True,0.04,0.2,40.0
CR_286,265,50000.0,60,Default,Deposit,53456.52,106.91304,Client_265,22,Student,Hardt,True,0.25,0.2,2500.0
CR_287,966,5000.0,36,Active,Real Estate,7037.24,140.7448,Client_966,69,Police worker,Sulgen,True,0.04,0.2,40.0
CR_288,869,25000.0,36,Closed,Car,17017.35,68.06939999999999,Client_869,47,Sportsman,Sulgen,True,0.08,0.4,800.0
CR_289,987,1000.0,6,Default,Deposit,926.51,92.651,Client_987,72,Engineer,Munich,True,0.03,0.2,6.0
CR_290,54,5000.0,24,Active,Nothing,0.0,0.0,Client_54,37,Sportsman,Offenburg,True,0.08,0.8,320.0
CR_291,295,1000.0,60,Active,Car,889.29,88.92899999999999,Client_295,35,Brewer,Dunningen,True,0.04,0.4,16.0
CR_292,622,500.0,24,Default,Nothing,0.0,0.0,Client_622,59,Manager,Baden-Baden,True,0.05,0.8,20.000000000000004
CR_293,167,5000.0,12,Active,Deposit,0.0,0.0,Client_167,37,Director,Stuttgart,True,0.01,0.2,10.0
CR_294,940,1000.0,6,Closed,Car,1490.36,149.036,Client_940,42,Director,Munich,True,0.01,0.4,4.0
CR_295,821,25000.0,6,Default,Deposit,31136.96,124.54784,Client_821,34,Police worker,Berlin,True,0.04,0.2,200.0
CR_296,544,1000.0,60,Default,Deposit,1093.78,109.378,Client_544,73,Pensioner,Dunningen,True,0.08,0.2,16.0
CR_297,216,10000.0,60,Active,Nothing,0.0,0.0,Client_216,18,Sportsman,Munich,True,0.08,0.8,640.0
CR_298,287,50000.0,6,Active,Car,52086.24,104.17248,Client_287,44,Teacher,Frankfurt,True,0.02,0.4,400.0
CR_299,458,50000.0,60,Default,Nothing,0.0,0.0,Client_458,65,Manager,Tuttlingen,True,0.05,0.8,2000.0000000000005
CR_300,829,25000.0,6,Default,Real Estate,27550.86,110.20344,Client_829,56,IT Specialist,Bratslaw,True,0.02,0.2,100.0
CR_301,889,1000.0,36,Active,Real Estate,669.68,66.96799999999999,Client_889,25,Seller,Dunningen,True,0.06,0.2,12.0
CR_302,899,1000.0,6,Active,Nothing,0.0,0.0,Client_899,33,Manager,Tuttlingen,True,0.05,0.8,40.00000000000001
CR_303,926,50000.0,6,Active,Real Estate,33521.06,67.04212,Client_926,59,Brewer,Frankfurt,True,0.04,0.2,400.0
CR_304,680,50000.0,24,Active,Real Estate,27894.07,55.78814,Client_680,57,Director,Tuttlingen,True,0.01,0.2,100.0
CR_305,261,50000.0,6,Active,Deposit,71682.04,143.36407999999997,Client_261,45,Pensioner,Rottweil,True,0.08,0.2,800.0
CR_306,3,50000.0,24,Active,Real Estate,33388.26,66.77652,Client_3,42,Security,Frankfurt,True,0.09,0.2,899.9999999999999
CR_307,574,5000.0,36,Active,Nothing,0.0,0.0,Client_574,58,Sportsman,Tuttlingen,True,0.08,0.8,320.0
CR_308,77,500.0,6,Closed,Car,272.77,54.55399999999999,Client_77,51,Police worker,Sulgen,True,0.04,0.4,8.0
CR_309,620,5000.0,36,Closed,Nothing,0.0,0.0,Client_620,21,Director,Rottweil,True,0.01,0.8,40.0
CR_310,964,25000.0,36,Closed,Real Estate,29795.2,119.1808,Client_964,32,Security,Offenburg,True,0.09,0.2,449.99999999999994
CR_311,27,1000.0,24,Active,Nothing,0.0,0.0,Client_27,58,Engineer,Sulgen,True,0.03,0.8,24.0
CR_312,212,5000.0,24,Active,Car,6509.81,130.1962,Client_212,72,Pensioner,Frankfurt,True,0.08,0.4,160.0
CR_313,149,50000.0,36,Active,Real Estate,62582.6,125.1652,Client_149,46,Security,Berlin,True,0.09,0.2,899.9999999999999
CR_314,38,10000.0,6,Default,Car,9614.88,96.1488,Client_38,71,Security,Bratslaw,True,0.09,0.4,360.0
CR_315,286,5000.0,60,Default,Real Estate,4383.18,87.6636,Client_286,33,Driver,Hardt,True,0.12,0.2,120.0
CR_316,313,5000.0,36,Default,Car,6293.04,125.8608,Client_313,35,Brewer,Hamburg,True,0.04,0.4,80.0
CR_317,437,5000.0,6,Closed,Nothing,0.0,0.0,Client_437,51,Director,Hamburg,True,0.01,0.8,40.0
CR_318,262,500.0,36,Default,Car,592.43,118.48599999999998,Client_262,73,Security,Frankfurt,True,0.09,0.4,18.0
CR_319,696,5000.0,60,Closed,Car,4264.32,85.2864,Client_696,16,Police worker,Bratslaw,False,0.048,0.4,96.00000000000001
CR_320,257,5000.0,6,Default,Nothing,0.0,0.0,Client_257,60,Unemployed,Baden-Baden,True,0.3,0.8,1200.0
CR_321,512,50000.0,60,Default,Real Estate,69100.04,138.20008,Client_512,68,Police worker,Dunningen,True,0.04,0.2,400.0
CR_322,861,5000.0,36,Default,Deposit,4396.7,87.934,Client_861,41,Seller,Bratslaw,True,0.06,0.2,60.0
CR_323,762,5000.0,60,Default,Nothing,0.0,0.0,Client_762,74,Sportsman,Sulgen,True,0.08,0.8,320.0
CR_324,319,10000.0,6,Closed,Car,7268.95,72.6895,Client_319,71,IT Specialist,Schramberg,True,0.02,0.4,80.0
CR_325,197,50000.0,12,Active,Nothing,0.0,0.0,Client_197,40,Teacher,Hardt,True,0.02,0.8,800.0
CR_326,825,10000.0,12,Closed,Nothing,0.0,0.0,Client_825,52,Pensioner,Frankfurt,True,0.08,0.8,640.0
CR_327,665,10000.0,60,Closed,Car,6468.14,64.6814,Client_665,23,Pensioner,Vs,True,0.08,0.4,320.0
CR_328,396,50000.0,60,Active,Deposit,33486.1,66.97219999999999,Client_396,21,Pensioner,Schramberg,True,0.08,0.2,800.0
CR_329,860,1000.0,24,Active,Real Estate,1264.71,126.471,Client_860,70,Police worker,Frankfurt,True,0.04,0.2,8.0
CR_330,146,50000.0,60,Default,Deposit,40632.12,81.26424000000002,Client_146,52,Engineer,Munich,True,0.03,0.2,300.0
CR_331,641,5000.0,24,Active,Deposit,0.0,0.0,Client_641,73,Sportsman,Bratslaw,True,0.08,0.2,80.0
CR_332,645,5000.0,12,Active,Nothing,0.0,0.0,Client_645,39,Engineer,Offenburg,True,0.03,0.8,120.0
CR_333,786,5000.0,24,Closed,Nothing,0.0,0.0,Client_786,75,Police worker,Baden-Baden,True,0.04,0.8,160.0
CR_334,927,5000.0,60,Default,Real Estate,0.0,0.0,Client_927,20,Engineer,Sulgen,True,0.03,0.2,30.0
CR_335,150,50000.0,24,Closed,Car,50336.4,100.6728,Client_150,19,IT Specialist,Dunningen,True,0.02,0.4,400.0
CR_336,255,50000.0,6,Active,Car,51633.06,103.26612,Client_255,29,Student,Rottweil,True,0.25,0.4,5000.0
CR_337,63,1000.0,36,Active,Real Estate,1161.9,116.19,Client_63,25,Engineer,Munich,True,0.03,0.2,6.0
CR_338,282,50000.0,12,Active,Car,57326.47,114.65294,Client_282,71,Director,Stuttgart,True,0.01,0.4,200.0
CR_339,862,5000.0,6,Closed,Real Estate,3892.47,77.84939999999999,Client_862,41,Manager,Berlin,True,0.05,0.2,50.00000000000001
CR_340,163,500.0,60,Active,Nothing,0.0,0.0,Client_163,44,Teacher,Berlin,True,0.02,0.8,8.0
CR_341,326,1000.0,36,Closed,Car,1257.8,125.78,Client_326,75,Security,Sulgen,True,0.09,0.4,36.0
CR_342,301,50000.0,36,Active,Car,58417.84,116.83568,Client_301,69,Sportsman,Rottweil,True,0.08,0.4,1600.0
CR_343,710,500.0,36,Closed,Car,428.72,85.74400000000001,Client_710,36,Sportsman,Schramberg,True,0.08,0.4,16.0
CR_344,372,10000.0,36,Active,Deposit,13151.76,131.51760000000002,Client_372,17,Seller,Baden-Baden,False,0.072,0.2,144.0
CR_345,151,25000.0,60,Active,Deposit,27389.38,109.55752,Client_151,64,Driver,Sulgen,True,0.12,0.2,600.0
CR_346,847,50000.0,60,Closed,Nothing,0.0,0.0,Client_847,23,Teacher,Hardt,True,0.02,0.8,800.0
CR_347,449,5000.0,6,Active,Real Estate,0.0,0.0,Client_449,34,Driver,Rottweil,True,0.12,0.2,120.0
CR_348,309,1000.0,6,Active,Real Estate,713.82,71.382,Client_309,43,Police worker,Munich,True,0.04,0.2,8.0
CR_349,212,10000.0,12,Active,Deposit,8890.17,88.9017,Client_212,72,Pensioner,Frankfurt,True,0.08,0.2,160.0
CR_350,516,10000.0,6,Closed,Real Estate,11070.91,110.7091,Client_516,68,Pensioner,Berlin,True,0.08,0.2,160.0
CR_351,552,50000.0,60,Default,Car,53766.62,107.53324,Client_552,58,Driver,Frankfurt,True,0.12,0.4,2400.0
CR_352,454,500.0,60,Active,Real Estate,664.1,132.82,Client_454,53,Brewer,Hardt,True,0.04,0.2,4.0
CR_353,459,10000.0,36,Default,Car,10847.8,108.47799999999998,Client_459,45,Teacher,Stuttgart,True,0.02,0.4,80.0
CR_354,407,50000.0,12,Default,Deposit,28081.26,56.16252,Client_407,21,Police worker,Bratslaw,True,0.04,0.2,400.0
CR_355,942,5000.0,12,Active,Real Estate,3436.51,68.73020000000001,Client_942,34,Director,Frankfurt,True,0.01,0.2,10.0
CR_356,720,50000.0,12,Closed,Real Estate,71977.27,143.95454,Client_720,43,Unemployed,Rottweil,True,0.3,0.2,3000.0
CR_357,843,500.0,12,Closed,Car,670.64,134.128,Client_843,25,Seller,Stuttgart,True,0.06,0.4,12.0
CR_358,895,50000.0,36,Default,Deposit,49664.99,99.32998,Client_895,73,Student,Schramberg,True,0.25,0.2,2500.0
CR_359,228,1000.0,12,Default,Real Estate,964.54,96.454,Client_228,36,Engineer,Vs,True,0.03,0.2,6.0
CR_360,150,1000.0,60,Active,Car,562.33,56.233,Client_150,19,IT Specialist,Dunningen,True,0.02,0.4,8.0
CR_361,882,50000.0,36,Default,Deposit,33512.69,67.02538,Client_882,66,Pensioner,Baden-Baden,True,0.08,0.2,800.0
CR_362,951,10000.0,36,Default,Car,12362.33,123.6233,Client_951,22,Police worker,Offenburg,True,0.04,0.4,160.0
CR_363,955,500.0,12,Active,Real Estate,285.12,57.024,Client_955,54,Student,Hamburg,True,0.25,0.2,25.0
CR_364,347,10000.0,36,Default,Deposit,12955.48,129.5548,Client_347,69,Director,Baden-Baden,True,0.01,0.2,20.0
CR_365,863,5000.0,24,Default,Nothing,0.0,0.0,Client_863,64,Director,Offenburg,True,0.01,0.8,40.0
CR_366,816,25000.0,60,Active,Car,27956.64,111.82656,Client_816,26,Security,Bratslaw,True,0.09,0.4,899.9999999999999
CR_367,551,500.0,60,Closed,Real Estate,293.92,58.784000000000006,Client_551,44,Security,Tuttlingen,True,0.09,0.2,9.0
CR_368,348,500.0,36,Closed,Deposit,349.55,69.91000000000001,Client_348,45,Engineer,Munich,True,0.03,0.2,3.0
CR_369,319,25000.0,36,Active,Car,23868.74,95.47496,Client_319,71,IT Specialist,Schramberg,True,0.02,0.4,200.0
CR_370,628,1000.0,36,Active,Deposit,1328.16,132.816,Client_628,60,IT Specialist,Frankfurt,True,0.02,0.2,4.0
CR_371,172,25000.0,6,Default,Nothing,0.0,0.0,Client_172,57,Teacher,Sulgen,True,0.02,0.8,400.0
CR_372,294,10000.0,60,Closed,Car,12518.64,125.1864,Client_294,21,Manager,Sulgen,True,0.05,0.4,200.00000000000003
CR_373,934,500.0,24,Active,Real Estate,444.77,88.954,Client_934,50,Director,Munich,True,0.01,0.2,1.0
CR_374,590,25000.0,6,Active,Real Estate,34564.58,138.25832,Client_590,50,Brewer,Baden-Baden,True,0.04,0.2,200.0
CR_375,120,10000.0,60,Closed,Nothing,0.0,0.0,Client_120,53,IT Specialist,Berlin,True,0.02,0.8,160.0
CR_376,989,1000.0,6,Active,Nothing,0.0,0.0,Client_989,53,Driver,Baden-Baden,True,0.12,0.8,96.0
CR_377,63,10000.0,12,Active,Real Estate,5447.86,54.4786,Client_63,25,Engineer,Munich,True,0.03,0.2,60.0
CR_378,38,5000.0,60,Closed,Nothing,0.0,0.0,Client_38,71,Security,Bratslaw,True,0.09,0.8,360.0
CR_379,521,50000.0,24,Closed,Nothing,0.0,0.0,Client_521,47,Security,Schramberg,True,0.09,0.8,3599.9999999999995
CR_380,890,10000.0,12,Closed,Real Estate,14501.04,145.0104,Client_890,75,Engineer,Schramberg,True,0.03,0.2,60.0
CR_381,519,50000.0,60,Default,Car,56374.29,112.74858,Client_519,23,Brewer,Hamburg,True,0.04,0.4,800.0
CR_382,714,50000.0,12,Active,Deposit,67281.63,134.56326,Client_714,55,Student,Stuttgart,True,0.25,0.2,2500.0
CR_383,908,5000.0,60,Active,Car,4229.21,84.5842,Client_908,63,Seller,Baden-Baden,True,0.06,0.4,120.0
CR_384,201,10000.0,6,Active,Real Estate,6777.71,67.7771,Client_201,52,Manager,Bratslaw,True,0.05,0.2,100.00000000000001
CR_385,921,25000.0,24,Active,Nothing,0.0,0.0,Client_921,47,Director,Hardt,True,0.01,0.8,200.0
CR_386,672,500.0,12,Default,Car,430.62,86.124,Client_672,21,Police worker,Sulgen,True,0.04,0.4,8.0
CR_387,689,25000.0,24,Default,Deposit,29283.89,117.13556,Client_689,21,Manager,Schramberg,True,0.05,0.2,250.00000000000006
CR_388,807,25000.0,6,Closed,Nothing,0.0,0.0,Client_807,75,Student,Berlin,True,0.25,0.8,5000.0
CR_389,991,500.0,12,Default,Car,710.51,142.102,Client_991,28,Student,Sulgen,True,0.25,0.4,50.0
CR_390,280,10000.0,60,Closed,Nothing,0.0,0.0,Client_280,44,Unemployed,Frankfurt,True,0.3,0.8,2400.0
CR_391,580,25000.0,12,Closed,Deposit,33110.55,132.4422,Client_580,30,Driver,Baden-Baden,True,0.12,0.2,600.0
CR_392,677,25000.0,12,Active,Car,29923.68,119.69472,Client_677,30,Director,Rottweil,True,0.01,0.4,100.0
CR_393,785,1000.0,6,Active,Nothing,0.0,0.0,Client_785,68,IT Specialist,Sulgen,True,0.02,0.8,16.0
CR_394,821,50000.0,36,Default,Nothing,0.0,0.0,Client_821,34,Police worker,Berlin,True,0.04,0.8,1600.0
CR_395,813,1000.0,12,Closed,Real Estate,586.67,58.667,Client_813,39,Sportsman,Bratslaw,True,0.08,0.2,16.0
CR_396,581,500.0,60,Closed,Real Estate,340.52,68.104,Client_581,29,Brewer,Hamburg,True,0.04,0.2,4.0
CR_397,35,5000.0,6,Default,Car,5207.29,104.1458,Client_35,42,Unemployed,Hardt,True,0.3,0.4,600.0
CR_398,942,25000.0,60,Closed,Nothing,0.0,0.0,Client_942,34,Director,Frankfurt,True,0.01,0.8,200.0
CR_399,492,500.0,24,Default,Real Estate,415.68,83.136,Client_492,17,Police worker,Offenburg,False,0.048,0.2,4.800000000000001
CR_400,827,10000.0,60,Default,Real Estate,10251.02,102.5102,Client_827,22,Security,Dunningen,True,0.09,0.2,180.0
CR_401,174,500.0,6,Default,Nothing,0.0,0.0,Client_174,38,Sportsman,Bratslaw,True,0.08,0.8,32.0
CR_402,508,1000.0,60,Closed,Nothing,0.0,0.0,Client_508,54,Police worker,Bratslaw,True,0.04,0.8,32.0
CR_403,83,500.0,36,Active,Nothing,0.0,0.0,Client_83,40,Engineer,Rottweil,True,0.03,0.8,12.0
CR_404,296,1000.0,36,Default,Car,1390.53,139.053,Client_296,32,Seller,Munich,True,0.06,0.4,24.0
CR_405,702,1000.0,24,Default,Real Estate,1497.23,149.723,Client_702,23,Sportsman,Stuttgart,True,0.08,0.2,16.0
CR_406,431,1000.0,12,Closed,Nothing,0.0,0.0,Client_431,18,Driver,Hamburg,True,0.12,0.8,96.0
CR_407,147,5000.0,24,Closed,Deposit,0.0,0.0,Client_147,42,Manager,Munich,True,0.05,0.2,50.00000000000001
CR_408,657,50000.0,36,Default,Deposit,36551.38,73.10276,Client_657,74,Pensioner,Vs,True,0.08,0.2,800.0
CR_409,803,5000.0,12,Closed,Car,0.0,0.0,Client_803,39,Seller,Tuttlingen,True,0.06,0.4,120.0
CR_410,644,5000.0,60,Default,Car,0.0,0.0,Client_644,57,IT Specialist,Stuttgart,True,0.02,0.4,40.0
CR_411,850,1000.0,12,Active,Deposit,1480.87,148.087,Client_850,20,Director,Hardt,True,0.01,0.2,2.0
CR_412,134,25000.0,24,Default,Nothing,0.0,0.0,Client_134,16,Director,Tuttlingen,False,0.012,0.8,240.00000000000003
CR_413,236,10000.0,60,Default,Deposit,11103.87,111.0387,Client_236,52,Seller,Hardt,True,0.06,0.2,120.0
CR_414,609,1000.0,60,Active,Car,981.93,98.193,Client_609,35,Pensioner,Dunningen,True,0.08,0.4,32.0
CR_415,968,5000.0,36,Closed,Real Estate,2667.94,53.35880000000001,Client_968,21,Driver,Schramberg,True,0.12,0.2,120.0
CR_416,666,50000.0,60,Active,Deposit,56154.71,112.30942,Client_666,71,Driver,Frankfurt,True,0.12,0.2,1200.0
CR_417,15,500.0,36,Active,Nothing,0.0,0.0,Client_15,21,Security,Berlin,True,0.09,0.8,36.0
CR_418,52,1000.0,24,Default,Real Estate,582.81,58.28099999999999,Client_52,37,Engineer,Bratslaw,True,0.03,0.2,6.0
CR_419,226,1000.0,24,Active,Real Estate,1220.99,122.099,Client_226,64,Sportsman,Schramberg,True,0.08,0.2,16.0
CR_420,631,5000.0,12,Active,Nothing,0.0,0.0,Client_631,41,Director,Dunningen,True,0.01,0.8,40.0
CR_421,750,1000.0,36,Closed,Real Estate,963.97,96.397,Client_750,38,Security,Rottweil,True,0.09,0.2,18.0
CR_422,12,5000.0,12,Default,Real Estate,3292.45,65.84899999999999,Client_12,30,Security,Frankfurt,True,0.09,0.2,90.0
CR_423,521,5000.0,60,Closed,Deposit,4719.61,94.3922,Client_521,47,Security,Schramberg,True,0.09,0.2,90.0
CR_424,265,10000.0,36,Closed,Car,5510.05,55.1005,Client_265,22,Student,Hardt,True,0.25,0.4,1000.0
CR_425,967,50000.0,36,Closed,Nothing,0.0,0.0,Client_967,30,Seller,Frankfurt,True,0.06,0.8,2400.0
CR_426,187,5000.0,6,Closed,Nothing,0.0,0.0,Client_187,35,Security,Vs,True,0.09,0.8,360.0
CR_427,207,5000.0,6,Closed,Nothing,0.0,0.0,Client_207,71,Pensioner,Offenburg,True,0.08,0.8,320.0
CR_428,121,10000.0,6,Default,Car,10767.62,107.6762,Client_121,66,Manager,Sulgen,True,0.05,0.4,200.00000000000003
CR_429,265,5000.0,24,Closed,Real Estate,0.0,0.0,Client_265,22,Student,Hardt,True,0.25,0.2,250.0
CR_430,398,1000.0,6,Closed,Deposit,1426.12,142.612,Client_398,70,Engineer,Schramberg,True,0.03,0.2,6.0
CR_431,598,1000.0,36,Default,Real Estate,626.28,62.62799999999999,Client_598,63,Sportsman,Frankfurt,True,0.08,0.2,16.0
CR_432,189,500.0,24,Active,Deposit,519.89,103.978,Client_189,43,Teacher,Baden-Baden,True,0.02,0.2,2.0
CR_433,848,1000.0,36,Default,Deposit,1364.6,136.45999999999998,Client_848,75,Sportsman,Sulgen,True,0.08,0.2,16.0
CR_434,558,1000.0,36,Active,Real Estate,587.95,58.79500000000001,Client_558,45,Police worker,Stuttgart,True,0.04,0.2,8.0
CR_435,786,500.0,12,Closed,Deposit,714.45,142.89,Client_786,75,Police worker,Baden-Baden,True,0.04,0.2,4.0
CR_436,606,10000.0,6,Default,Nothing,0.0,0.0,Client_606,58,Seller,Offenburg,True,0.06,0.8,480.0
CR_437,289,50000.0,36,Default,Car,54144.18,108.28836,Client_289,27,Security,Frankfurt,True,0.09,0.4,1799.9999999999998
CR_438,122,5000.0,24,Default,Deposit,0.0,0.0,Client_122,58,Brewer,Hamburg,True,0.04,0.2,40.0
CR_439,991,10000.0,6,Default,Deposit,7621.16,76.2116,Client_991,28,Student,Sulgen,True,0.25,0.2,500.0
CR_440,67,50000.0,36,Active,Deposit,66915.38,133.83076,Client_67,65,Seller,Frankfurt,True,0.06,0.2,600.0
CR_441,69,500.0,24,Default,Deposit,577.68,115.536,Client_69,66,Engineer,Vs,True,0.03,0.2,3.0
CR_442,804,1000.0,60,Default,Nothing,0.0,0.0,Client_804,37,Teacher,Dunningen,True,0.02,0.8,16.0
CR_443,91,50000.0,12,Active,Nothing,0.0,0.0,Client_91,37,IT Specialist,Vs,True,0.02,0.8,800.0
CR_444,587,1000.0,36,Default,Deposit,1377.87,137.787,Client_587,20,Brewer,Vs,True,0.04,0.2,8.0
CR_445,896,50000.0,36,Active,Deposit,51374.49,102.74898,Client_896,18,IT Specialist,Bratslaw,True,0.02,0.2,200.0
CR_446,860,5000.0,36,Closed,Real Estate,4896.88,97.9376,Client_860,70,Police worker,Frankfurt,True,0.04,0.2,40.0
CR_447,456,25000.0,6,Active,Nothing,0.0,0.0,Client_456,53,Student,Frankfurt,True,0.25,0.8,5000.0
CR_448,873,5000.0,12,Default,Nothing,0.0,0.0,Client_873,57,Student,Dunningen,True,0.25,0.8,1000.0
CR_449,979,50000.0,12,Closed,Car,69550.33,139.10066,Client_979,33,Security,Offenburg,True,0.09,0.4,1799.9999999999998
CR_450,428,500.0,12,Closed,Deposit,650.67,130.134,Client_428,69,Director,Vs,True,0.01,0.2,1.0
CR_451,799,50000.0,24,Active,Real Estate,27825.96,55.65192,Client_799,19,Manager,Sulgen,True,0.05,0.2,500.0000000000001
CR_452,949,25000.0,36,Closed,Real Estate,22843.23,91.37292,Client_949,18,Pensioner,Frankfurt,True,0.08,0.2,400.0
CR_453,345,25000.0,60,Default,Real Estate,34601.25,138.405,Client_345,71,Pensioner,Dunningen,True,0.08,0.2,400.0
CR_454,746,5000.0,60,Closed,Real Estate,0.0,0.0,Client_746,72,Teacher,Offenburg,True,0.02,0.2,20.0
CR_455,613,500.0,6,Active,Nothing,0.0,0.0,Client_613,47,Director,Tuttlingen,True,0.01,0.8,4.0
CR_456,249,10000.0,24,Closed,Car,13156.11,131.5611,Client_249,74,Manager,Hamburg,True,0.05,0.4,200.00000000000003
CR_457,352,500.0,24,Closed,Real Estate,364.07,72.81400000000001,Client_352,58,Security,Tuttlingen,True,0.09,0.2,9.0
CR_458,503,10000.0,60,Active,Car,10251.81,102.5181,Client_503,54,Student,Berlin,True,0.25,0.4,1000.0
CR_459,156,25000.0,24,Active,Real Estate,36858.75,147.435,Client_156,22,Seller,Berlin,True,0.06,0.2,300.0
CR_460,181,5000.0,60,Active,Real Estate,3762.18,75.2436,Client_181,44,Driver,Stuttgart,True,0.12,0.2,120.0
CR_461,507,50000.0,36,Active,Car,42103.19,84.20638,Client_507,39,Director,Bratslaw,True,0.01,0.4,200.0
CR_462,777,25000.0,60,Default,Car,34494.58,137.97832,Client_777,58,Manager,Frankfurt,True,0.05,0.4,500.0000000000001
CR_463,633,1000.0,6,Closed,Car,617.92,61.792,Client_633,44,Driver,Bratslaw,True,0.12,0.4,48.0
CR_464,988,500.0,24,Default,Real Estate,291.66,58.33200000000001,Client_988,37,Teacher,Frankfurt,True,0.02,0.2,2.0
CR_465,492,25000.0,12,Default,Real Estate,36148.82,144.59528,Client_492,17,Police worker,Offenburg,False,0.048,0.2,240.00000000000003
CR_466,633,50000.0,36,Default,Real Estate,45738.24,91.47648,Client_633,44,Driver,Bratslaw,True,0.12,0.2,1200.0
CR_467,75,500.0,12,Default,Nothing,0.0,0.0,Client_75,49,Engineer,Offenburg,True,0.03,0.8,12.0
CR_468,725,5000.0,12,Active,Nothing,0.0,0.0,Client_725,40,Unemployed,Dunningen,True,0.3,0.8,1200.0
CR_469,575,10000.0,24,Closed,Real Estate,10177.85,101.7785,Client_575,42,Police worker,Hardt,True,0.04,0.2,80.0
CR_470,322,25000.0,36,Closed,Nothing,0.0,0.0,Client_322,63,Student,Bratslaw,True,0.25,0.8,5000.0
CR_471,789,5000.0,60,Closed,Deposit,6109.53,122.1906,Client_789,49,Manager,Rottweil,True,0.05,0.2,50.00000000000001
CR_472,437,5000.0,12,Closed,Deposit,4727.78,94.5556,Client_437,51,Director,Hamburg,True,0.01,0.2,10.0
CR_473,994,1000.0,36,Default,Deposit,583.12,58.312,Client_994,59,Unemployed,Hamburg,True,0.3,0.2,60.0
CR_474,173,25000.0,12,Active,Car,21531.73,86.12692,Client_173,43,IT Specialist,Vs,True,0.02,0.4,200.0
CR_475,620,10000.0,12,Active,Nothing,0.0,0.0,Client_620,21,Director,Rottweil,True,0.01,0.8,80.0
CR_476,866,25000.0,24,Active,Car,15665.08,62.660320000000006,Client_866,47,Driver,Hardt,True,0.12,0.4,1200.0
CR_477,96,50000.0,36,Closed,Nothing,0.0,0.0,Client_96,31,Driver,Vs,True,0.12,0.8,4800.0
CR_478,310,5000.0,12,Default,Deposit,2860.32,57.2064,Client_310,49,Sportsman,Frankfurt,True,0.08,0.2,80.0
CR_479,783,25000.0,12,Active,Deposit,27522.39,110.08956,Client_783,29,Director,Bratslaw,True,0.01,0.2,50.0
CR_480,189,5000.0,6,Default,Nothing,0.0,0.0,Client_189,43,Teacher,Baden-Baden,True,0.02,0.8,80.0
CR_481,100,1000.0,12,Closed,Nothing,0.0,0.0,Client_100,51,Manager,Schramberg,True,0.05,0.8,40.00000000000001
CR_482,538,1000.0,12,Active,Deposit,1134.09,113.40899999999998,Client_538,62,Security,Rottweil,True,0.09,0.2,18.0
CR_483,799,25000.0,24,Active,Car,28409.05,113.6362,Client_799,19,Manager,Sulgen,True,0.05,0.4,500.0000000000001
CR_484,558,50000.0,12,Active,Nothing,0.0,0.0,Client_558,45,Police worker,Stuttgart,True,0.04,0.8,1600.0
CR_485,352,50000.0,6,Default,Deposit,47960.18,95.92036,Client_352,58,Security,Tuttlingen,True,0.09,0.2,899.9999999999999
CR_486,30,10000.0,60,Closed,Real Estate,10458.41,104.5841,Client_30,50,Unemployed,Tuttlingen,True,0.3,0.2,600.0
CR_487,543,25000.0,60,Closed,Nothing,0.0,0.0,Client_543,33,IT Specialist,Hardt,True,0.02,0.8,400.0
CR_488,740,25000.0,36,Default,Deposit,19842.31,79.36924,Client_740,26,Brewer,Sulgen,True,0.04,0.2,200.0
CR_489,952,5000.0,24,Closed,Nothing,0.0,0.0,Client_952,22,IT Specialist,Dunningen,True,0.02,0.8,80.0
CR_490,222,25000.0,6,Active,Real Estate,27464.03,109.85612,Client_222,52,Security,Offenburg,True,0.09,0.2,449.99999999999994
CR_491,365,10000.0,24,Active,Nothing,0.0,0.0,Client_365,32,Student,Hamburg,True,0.25,0.8,2000.0
CR_492,754,25000.0,12,Active,Car,25147.69,100.59076,Client_754,36,Brewer,Hamburg,True,0.04,0.4,400.0
CR_493,563,5000.0,6,Default,Car,0.0,0.0,Client_563,71,Unemployed,Berlin,True,0.3,0.4,600.0
CR_494,177,1000.0,24,Default,Real Estate,529.31,52.931,Client_177,40,Sportsman,Baden-Baden,True,0.08,0.2,16.0
CR_495,644,1000.0,12,Active,Nothing,0.0,0.0,Client_644,57,IT Specialist,Stuttgart,True,0.02,0.8,16.0
CR_496,754,10000.0,36,Default,Deposit,11877.76,118.7776,Client_754,36,Brewer,Hamburg,True,0.04,0.2,80.0
CR_497,810,25000.0,36,Default,Car,37276.03,149.10412,Client_810,58,Driver,Hardt,True,0.12,0.4,1200.0
CR_498,803,500.0,6,Closed,Real Estate,432.81,86.56200000000001,Client_803,39,Seller,Tuttlingen,True,0.06,0.2,6.0
CR_499,548,5000.0,36,Default,Nothing,0.0,0.0,Client_548,48,IT Specialist,Stuttgart,True,0.02,0.8,80.0
CR_500,921,5000.0,6,Active,Nothing,0.0,0.0,Client_921,47,Director,Hardt,True,0.01,0.8,40.0
CR_501,696,25000.0,12,Closed,Nothing,0.0,0.0,Client_696,16,Police worker,Bratslaw,False,0.048,0.8,960.0000000000001
CR_502,154,10000.0,6,Closed,Real Estate,9944.55,99.4455,Client_154,17,Sportsman,Dunningen,False,0.096,0.2,192.00000000000003
CR_503,664,5000.0,12,Active,Real Estate,0.0,0.0,Client_664,65,Engineer,Hamburg,True,0.03,0.2,30.0
CR_504,965,1000.0,6,Closed,Real Estate,1012.9,101.29,Client_965,66,IT Specialist,Rottweil,True,0.02,0.2,4.0
CR_505,180,500.0,60,Default,Deposit,399.35,79.87,Client_180,38,Student,Frankfurt,True,0.25,0.2,25.0
CR_506,73,25000.0,60,Default,Deposit,32592.79,130.37116,Client_73,36,Brewer,Baden-Baden,True,0.04,0.2,200.0
CR_507,715,5000.0,60,Active,Nothing,0.0,0.0,Client_715,31,Pensioner,Vs,True,0.08,0.8,320.0
CR_508,97,500.0,60,Active,Nothing,0.0,0.0,Client_97,63,Sportsman,Frankfurt,True,0.08,0.8,32.0
CR_509,848,50000.0,24,Active,Nothing,0.0,0.0,Client_848,75,Sportsman,Sulgen,True,0.08,0.8,3200.0
CR_510,138,50000.0,12,Default,Deposit,63751.88,127.50376,Client_138,37,Driver,Offenburg,True,0.12,0.2,1200.0
CR_511,960,500.0,12,Closed,Nothing,0.0,0.0,Client_960,68,Engineer,Stuttgart,True,0.03,0.8,12.0
CR_512,731,500.0,12,Default,Deposit,567.6,113.52,Client_731,32,Engineer,Hardt,True,0.03,0.2,3.0
CR_513,359,500.0,36,Closed,Nothing,0.0,0.0,Client_359,69,Pensioner,Berlin,True,0.08,0.8,32.0
CR_514,254,500.0,36,Closed,Car,674.39,134.878,Client_254,58,Manager,Sulgen,True,0.05,0.4,10.000000000000002
CR_515,794,50000.0,12,Active,Car,33307.26,66.61452,Client_794,53,Brewer,Baden-Baden,True,0.04,0.4,800.0
CR_516,843,5000.0,36,Active,Nothing,0.0,0.0,Client_843,25,Seller,Stuttgart,True,0.06,0.8,240.0
CR_517,208,5000.0,12,Active,Real Estate,3801.9,76.03800000000001,Client_208,74,Manager,Schramberg,True,0.05,0.2,50.00000000000001
CR_518,467,50000.0,24,Closed,Deposit,48723.93,97.44786,Client_467,75,Pensioner,Hamburg,True,0.08,0.2,800.0
CR_519,323,50000.0,24,Closed,Car,55371.59,110.74317999999998,Client_323,33,Sportsman,Hardt,True,0.08,0.4,1600.0
CR_520,250,50000.0,12,Default,Car,26883.98,53.76796,Client_250,20,Brewer,Hardt,True,0.04,0.4,800.0
CR_521,422,25000.0,60,Active,Nothing,0.0,0.0,Client_422,66,Manager,Hamburg,True,0.05,0.8,1000.0000000000002
CR_522,627,50000.0,60,Active,Real Estate,33038.43,66.07686000000001,Client_627,58,Seller,Rottweil,True,0.06,0.2,600.0
CR_523,631,500.0,6,Active,Real Estate,582.74,116.548,Client_631,41,Director,Dunningen,True,0.01,0.2,1.0
CR_524,217,5000.0,36,Active,Car,0.0,0.0,Client_217,25,Sportsman,Dunningen,True,0.08,0.4,160.0
CR_525,891,50000.0,60,Closed,Car,41321.07,82.64214,Client_891,18,Pensioner,Hamburg,True,0.08,0.4,1600.0
CR_526,944,5000.0,36,Closed,Deposit,5022.5,100.45,Client_944,74,Driver,Rottweil,True,0.12,0.2,120.0
CR_527,425,50000.0,6,Active,Car,58546.55,117.09310000000002,Client_425,23,Manager,Frankfurt,True,0.05,0.4,1000.0000000000002
CR_528,580,500.0,60,Closed,Real Estate,725.87,145.174,Client_580,30,Driver,Baden-Baden,True,0.12,0.2,12.0
CR_529,259,25000.0,36,Default,Deposit,30361.51,121.44603999999998,Client_259,18,IT Specialist,Hardt,True,0.02,0.2,100.0
CR_530,236,500.0,6,Closed,Real Estate,585.43,117.08599999999998,Client_236,52,Seller,Hardt,True,0.06,0.2,6.0
CR_531,854,5000.0,36,Active,Car,3142.69,62.85380000000001,Client_854,21,Pensioner,Hamburg,True,0.08,0.4,160.0
CR_532,892,1000.0,6,Closed,Car,940.03,94.003,Client_892,56,IT Specialist,Baden-Baden,True,0.02,0.4,8.0
CR_533,83,25000.0,24,Closed,Deposit,23688.04,94.75216,Client_83,40,Engineer,Rottweil,True,0.03,0.2,150.0
CR_534,643,500.0,12,Closed,Nothing,0.0,0.0,Client_643,63,Student,Schramberg,True,0.25,0.8,100.0
CR_535,185,500.0,36,Default,Deposit,644.25,128.85,Client_185,29,Sportsman,Frankfurt,True,0.08,0.2,8.0
CR_536,916,25000.0,6,Active,Nothing,0.0,0.0,Client_916,56,Director,Sulgen,True,0.01,0.8,200.0
CR_537,208,500.0,60,Closed,Nothing,0.0,0.0,Client_208,74,Manager,Schramberg,True,0.05,0.8,20.000000000000004
CR_538,776,25000.0,12,Default,Car,27965.54,111.86216,Client_776,53,Police worker,Berlin,True,0.04,0.4,400.0
CR_539,436,5000.0,24,Default,Real Estate,5530.36,110.6072,Client_436,38,Unemployed,Tuttlingen,True,0.3,0.2,300.0
CR_540,249,10000.0,24,Closed,Deposit,12446.07,124.4607,Client_249,74,Manager,Hamburg,True,0.05,0.2,100.00000000000001
CR_541,604,25000.0,36,Default,Car,35524.51,142.09804000000003,Client_604,35,Sportsman,Frankfurt,True,0.08,0.4,800.0
CR_542,570,500.0,24,Closed,Real Estate,594.34,118.868,Client_570,25,Pensioner,Munich,True,0.08,0.2,8.0
CR_543,23,10000.0,24,Default,Deposit,5665.74,56.6574,Client_23,34,Police worker,Schramberg,True,0.04,0.2,80.0
CR_544,643,10000.0,60,Closed,Car,8721.05,87.2105,Client_643,63,Student,Schramberg,True,0.25,0.4,1000.0
CR_545,396,50000.0,36,Active,Car,57449.64,114.89928,Client_396,21,Pensioner,Schramberg,True,0.08,0.4,1600.0
CR_546,732,5000.0,36,Active,Nothing,0.0,0.0,Client_732,40,IT Specialist,Dunningen,True,0.02,0.8,80.0
CR_547,238,500.0,6,Default,Car,504.47,100.894,Client_238,36,Unemployed,Schramberg,True,0.3,0.4,60.0
CR_548,462,10000.0,60,Default,Real Estate,9337.08,93.3708,Client_462,73,Engineer,Frankfurt,True,0.03,0.2,60.0
CR_549,122,50000.0,24,Default,Deposit,28546.49,57.09298,Client_122,58,Brewer,Hamburg,True,0.04,0.2,400.0
CR_550,232,10000.0,6,Active,Car,7773.93,77.7393,Client_232,46,Brewer,Baden-Baden,True,0.04,0.4,160.0
CR_551,898,5000.0,36,Closed,Nothing,0.0,0.0,Client_898,69,Engineer,Rottweil,True,0.03,0.8,120.0
CR_552,387,10000.0,24,Closed,Car,5319.32,53.1932,Client_387,61,Police worker,Frankfurt,True,0.04,0.4,160.0
CR_553,307,10000.0,60,Active,Car,14597.72,145.97719999999998,Client_307,64,Security,Hamburg,True,0.09,0.4,360.0
CR_554,749,5000.0,60,Closed,Real Estate,6371.02,127.4204,Client_749,49,Sportsman,Frankfurt,True,0.08,0.2,80.0
CR_555,902,5000.0,12,Active,Deposit,0.0,0.0,Client_902,55,Director,Dunningen,True,0.01,0.2,10.0
CR_556,324,1000.0,60,Active,Real Estate,1314.44,131.44400000000002,Client_324,51,Driver,Vs,True,0.12,0.2,24.0
CR_557,607,500.0,24,Active,Deposit,653.18,130.636,Client_607,17,Police worker,Offenburg,False,0.048,0.2,4.800000000000001
CR_558,122,25000.0,60,Active,Nothing,0.0,0.0,Client_122,58,Brewer,Hamburg,True,0.04,0.8,800.0
CR_559,181,1000.0,60,Closed,Car,1274.45,127.445,Client_181,44,Driver,Stuttgart,True,0.12,0.4,48.0
CR_560,347,5000.0,12,Default,Nothing,0.0,0.0,Client_347,69,Director,Baden-Baden,True,0.01,0.8,40.0
CR_561,192,500.0,6,Active,Car,738.26,147.65200000000002,Client_192,32,IT Specialist,Dunningen,True,0.02,0.4,4.0
CR_562,757,25000.0,12,Closed,Real Estate,18404.84,73.61936,Client_757,72,Engineer,Rottweil,True,0.03,0.2,150.0
CR_563,74,10000.0,36,Active,Real Estate,8481.01,84.8101,Client_74,24,Director,Hardt,True,0.01,0.2,20.0
CR_564,201,5000.0,12,Active,Nothing,0.0,0.0,Client_201,52,Manager,Bratslaw,True,0.05,0.8,200.00000000000003
CR_565,731,500.0,60,Closed,Nothing,0.0,0.0,Client_731,32,Engineer,Hardt,True,0.03,0.8,12.0
CR_566,515,1000.0,24,Active,Nothing,0.0,0.0,Client_515,59,Police worker,Munich,True,0.04,0.8,32.0
CR_567,632,5000.0,60,Closed,Car,0.0,0.0,Client_632,54,Seller,Munich,True,0.06,0.4,120.0
CR_568,671,500.0,12,Active,Nothing,0.0,0.0,Client_671,47,Unemployed,Vs,True,0.3,0.8,120.0
CR_569,538,50000.0,12,Closed,Car,61424.84,122.84967999999998,Client_538,62,Security,Rottweil,True,0.09,0.4,1799.9999999999998
CR_570,733,10000.0,12,Active,Real Estate,11390.42,113.90420000000002,Client_733,49,Unemployed,Rottweil,True,0.3,0.2,600.0
CR_571,199,50000.0,36,Default,Deposit,74541.32,149.08264000000003,Client_199,60,Brewer,Stuttgart,True,0.04,0.2,400.0
CR_572,752,5000.0,36,Default,Car,0.0,0.0,Client_752,43,Pensioner,Tuttlingen,True,0.08,0.4,160.0
CR_573,7,25000.0,12,Default,Car,27325.36,109.30144,Client_7,21,Engineer,Frankfurt,True,0.03,0.4,300.0
CR_574,344,50000.0,60,Closed,Car,55640.86,111.28172,Client_344,53,Unemployed,Vs,True,0.3,0.4,6000.0
CR_575,362,5000.0,6,Default,Deposit,0.0,0.0,Client_362,74,Unemployed,Munich,True,0.3,0.2,300.0
CR_576,574,500.0,36,Closed,Real Estate,255.57,51.114,Client_574,58,Sportsman,Tuttlingen,True,0.08,0.2,8.0
CR_577,309,50000.0,36,Closed,Car,59535.54,119.07108,Client_309,43,Police worker,Munich,True,0.04,0.4,800.0
CR_578,935,10000.0,24,Closed,Deposit,11940.97,119.4097,Client_935,27,Pensioner,Dunningen,True,0.08,0.2,160.0
CR_579,199,50000.0,60,Default,Deposit,40293.14,80.58628,Client_199,60,Brewer,Stuttgart,True,0.04,0.2,400.0
CR_580,769,10000.0,36,Active,Deposit,5848.17,58.4817,Client_769,23,Police worker,Baden-Baden,True,0.04,0.2,80.0
CR_581,54,10000.0,36,Active,Nothing,0.0,0.0,Client_54,37,Sportsman,Offenburg,True,0.08,0.8,640.0
CR_582,399,25000.0,12,Default,Car,17423.59,69.69436,Client_399,57,Sportsman,Baden-Baden,True,0.08,0.4,800.0
CR_583,230,10000.0,60,Active,Car,10431.08,104.3108,Client_230,65,Engineer,Baden-Baden,True,0.03,0.4,120.0
CR_584,124,50000.0,36,Active,Car,29512.61,59.02522,Client_124,48,Sportsman,Baden-Baden,True,0.08,0.4,1600.0
CR_585,930,1000.0,6,Closed,Deposit,636.47,63.647,Client_930,75,Director,Stuttgart,True,0.01,0.2,2.0
CR_586,166,5000.0,6,Active,Deposit,3990.58,79.8116,Client_166,40,Unemployed,Frankfurt,True,0.3,0.2,300.0
CR_587,227,5000.0,6,Closed,Nothing,0.0,0.0,Client_227,55,Manager,Stuttgart,True,0.05,0.8,200.00000000000003
CR_588,157,500.0,60,Active,Real Estate,436.85,87.37,Client_157,75,Director,Vs,True,0.01,0.2,1.0
CR_589,696,25000.0,36,Closed,Nothing,0.0,0.0,Client_696,16,Police worker,Bratslaw,False,0.048,0.8,960.0000000000001
CR_590,97,1000.0,6,Default,Deposit,1387.92,138.792,Client_97,63,Sportsman,Frankfurt,True,0.08,0.2,16.0
CR_591,505,5000.0,12,Active,Real Estate,0.0,0.0,Client_505,38,Security,Dunningen,True,0.09,0.2,90.0
CR_592,416,5000.0,6,Active,Nothing,0.0,0.0,Client_416,37,Pensioner,Dunningen,True,0.08,0.8,320.0
CR_593,701,1000.0,36,Closed,Car,1473.2,147.32,Client_701,48,Unemployed,Tuttlingen,True,0.3,0.4,120.0
CR_594,917,1000.0,12,Default,Real Estate,996.65,99.665,Client_917,51,Pensioner,Hardt,True,0.08,0.2,16.0
CR_595,720,1000.0,24,Active,Nothing,0.0,0.0,Client_720,43,Unemployed,Rottweil,True,0.3,0.8,240.0
CR_596,324,500.0,60,Default,Nothing,0.0,0.0,Client_324,51,Driver,Vs,True,0.12,0.8,48.0
CR_597,822,10000.0,12,Active,Nothing,0.0,0.0,Client_822,35,Engineer,Hamburg,True,0.03,0.8,240.0
CR_598,161,50000.0,12,Active,Nothing,0.0,0.0,Client_161,16,Sportsman,Berlin,False,0.096,0.8,3840.0000000000005
CR_599,579,50000.0,12,Closed,Nothing,0.0,0.0,Client_579,56,Engineer,Hamburg,True,0.03,0.8,1200.0
CR_600,838,5000.0,60,Default,Car,0.0,0.0,Client_838,36,Police worker,Hardt,True,0.04,0.4,80.0
CR_601,463,5000.0,6,Active,Nothing,0.0,0.0,Client_463,39,Brewer,Bratslaw,True,0.04,0.8,160.0
CR_602,274,1000.0,12,Default,Deposit,651.75,65.17500000000001,Client_274,69,Student,Hardt,True,0.25,0.2,50.0
CR_603,993,25000.0,60,Active,Car,36127.58,144.51032,Client_993,54,Director,Schramberg,True,0.01,0.4,100.0
CR_604,886,50000.0,36,Closed,Deposit,31471.82,62.94364,Client_886,28,Student,Offenburg,True,0.25,0.2,2500.0
CR_605,856,25000.0,6,Default,Car,27743.67,110.97468,Client_856,21,Brewer,Vs,True,0.04,0.4,400.0
CR_606,159,25000.0,6,Closed,Real Estate,34064.82,136.25928000000002,Client_159,18,Driver,Berlin,True,0.12,0.2,600.0
CR_607,324,50000.0,6,Closed,Real Estate,56847.6,113.6952,Client_324,51,Driver,Vs,True,0.12,0.2,1200.0
CR_608,361,10000.0,24,Active,Nothing,0.0,0.0,Client_361,16,Pensioner,Stuttgart,False,0.096,0.8,768.0000000000001
CR_609,358,1000.0,60,Closed,Deposit,1157.53,115.753,Client_358,45,Driver,Sulgen,True,0.12,0.2,24.0
CR_610,673,25000.0,24,Active,Deposit,28082.3,112.3292,Client_673,18,Sportsman,Frankfurt,True,0.08,0.2,400.0
CR_611,151,5000.0,6,Default,Real Estate,4917.35,98.347,Client_151,64,Driver,Sulgen,True,0.12,0.2,120.0
CR_612,276,25000.0,36,Closed,Real Estate,15032.41,60.12964,Client_276,43,Unemployed,Frankfurt,True,0.3,0.2,1500.0
CR_613,318,10000.0,6,Active,Car,14939.82,149.3982,Client_318,22,Director,Hardt,True,0.01,0.4,40.0
CR_614,105,500.0,36,Active,Nothing,0.0,0.0,Client_105,53,Security,Frankfurt,True,0.09,0.8,36.0
CR_615,259,5000.0,60,Closed,Nothing,0.0,0.0,Client_259,18,IT Specialist,Hardt,True,0.02,0.8,80.0
CR_616,615,500.0,6,Active,Real Estate,661.78,132.356,Client_615,36,Police worker,Rottweil,True,0.04,0.2,4.0
CR_617,674,5000.0,12,Default,Real Estate,6560.19,131.20379999999997,Client_674,48,Sportsman,Berlin,True,0.08,0.2,80.0
CR_618,694,1000.0,12,Active,Real Estate,1117.46,111.746,Client_694,46,IT Specialist,Sulgen,True,0.02,0.2,4.0
CR_619,4,5000.0,24,Closed,Real Estate,3366.5,67.33,Client_4,61,Police worker,Rottweil,True,0.04,0.2,40.0
CR_620,855,500.0,60,Closed,Nothing,0.0,0.0,Client_855,73,Security,Sulgen,True,0.09,0.8,36.0
CR_621,592,1000.0,12,Closed,Deposit,892.86,89.286,Client_592,53,Student,Frankfurt,True,0.25,0.2,50.0
CR_622,861,25000.0,12,Default,Car,36456.54,145.82616,Client_861,41,Seller,Bratslaw,True,0.06,0.4,600.0
CR_623,538,25000.0,24,Default,Car,14401.98,57.60792,Client_538,62,Security,Rottweil,True,0.09,0.4,899.9999999999999
CR_624,145,25000.0,24,Closed,Nothing,0.0,0.0,Client_145,59,Sportsman,Schramberg,True,0.08,0.8,1600.0
CR_625,534,500.0,12,Closed,Real Estate,607.11,121.422,Client_534,38,Student,Frankfurt,True,0.25,0.2,25.0
CR_626,140,5000.0,12,Active,Car,0.0,0.0,Client_140,32,Student,Frankfurt,True,0.25,0.4,500.0
CR_627,798,10000.0,12,Default,Deposit,14952.75,149.5275,Client_798,27,Director,Rottweil,True,0.01,0.2,20.0
CR_628,760,5000.0,24,Default,Deposit,0.0,0.0,Client_760,60,Police worker,Tuttlingen,True,0.04,0.2,40.0
CR_629,618,500.0,36,Closed,Real Estate,524.86,104.972,Client_618,42,Brewer,Frankfurt,True,0.04,0.2,4.0
CR_630,262,5000.0,24,Default,Deposit,0.0,0.0,Client_262,73,Security,Frankfurt,True,0.09,0.2,90.0
CR_631,215,1000.0,6,Active,Nothing,0.0,0.0,Client_215,58,Driver,Stuttgart,True,0.12,0.8,96.0
CR_632,256,5000.0,36,Active,Nothing,0.0,0.0,Client_256,67,Driver,Hardt,True,0.12,0.8,480.0
CR_633,250,25000.0,36,Closed,Real Estate,34092.83,136.37132,Client_250,20,Brewer,Hardt,True,0.04,0.2,200.0
CR_634,261,10000.0,12,Default,Car,6429.53,64.2953,Client_261,45,Pensioner,Rottweil,True,0.08,0.4,320.0
CR_635,14,10000.0,6,Closed,Deposit,11467.2,114.67200000000004,Client_14,70,Pensioner,Hardt,True,0.08,0.2,160.0
CR_636,332,50000.0,60,Closed,Deposit,30494.04,60.98808,Client_332,64,Student,Tuttlingen,True,0.25,0.2,2500.0
CR_637,396,500.0,36,Active,Car,404.38,80.876,Client_396,21,Pensioner,Schramberg,True,0.08,0.4,16.0
CR_638,34,500.0,12,Closed,Deposit,654.38,130.876,Client_34,22,Seller,Sulgen,True,0.06,0.2,6.0
CR_639,344,1000.0,12,Default,Car,1182.53,118.253,Client_344,53,Unemployed,Vs,True,0.3,0.4,120.0
CR_640,341,50000.0,60,Default,Car,29738.02,59.47604,Client_341,65,Police worker,Offenburg,True,0.04,0.4,800.0
CR_641,523,10000.0,60,Closed,Real Estate,14263.91,142.63909999999998,Client_523,22,Seller,Baden-Baden,True,0.06,0.2,120.0
CR_642,446,5000.0,6,Closed,Car,0.0,0.0,Client_446,16,Brewer,Tuttlingen,False,0.048,0.4,96.00000000000001
CR_643,397,5000.0,36,Closed,Nothing,0.0,0.0,Client_397,57,Student,Tuttlingen,True,0.25,0.8,1000.0
CR_644,819,50000.0,36,Default,Real Estate,59277.11,118.55422,Client_819,25,Engineer,Hardt,True,0.03,0.2,300.0
CR_645,232,10000.0,12,Active,Nothing,0.0,0.0,Client_232,46,Brewer,Baden-Baden,True,0.04,0.8,320.0
CR_646,2,5000.0,60,Active,Nothing,0.0,0.0,Client_2,68,IT Specialist,Munich,True,0.02,0.8,80.0
CR_647,875,50000.0,6,Active,Real Estate,52434.98,104.86996,Client_875,58,IT Specialist,Sulgen,True,0.02,0.2,200.0
CR_648,976,500.0,24,Default,Nothing,0.0,0.0,Client_976,68,Teacher,Vs,True,0.02,0.8,8.0
CR_649,783,25000.0,12,Closed,Car,16435.87,65.74348,Client_783,29,Director,Bratslaw,True,0.01,0.4,100.0
CR_650,563,1000.0,12,Default,Real Estate,1124.66,112.466,Client_563,71,Unemployed,Berlin,True,0.3,0.2,60.0
CR_651,915,500.0,12,Closed,Deposit,407.76,81.552,Client_915,28,Director,Bratslaw,True,0.01,0.2,1.0
CR_652,632,5000.0,12,Default,Deposit,3098.56,61.9712,Client_632,54,Seller,Munich,True,0.06,0.2,60.0
CR_653,596,1000.0,60,Closed,Real Estate,1336.03,133.603,Client_596,52,IT Specialist,Vs,True,0.02,0.2,4.0
CR_654,862,5000.0,24,Default,Car,6603.17,132.0634,Client_862,41,Manager,Berlin,True,0.05,0.4,100.00000000000001
CR_655,571,1000.0,24,Closed,Nothing,0.0,0.0,Client_571,70,Driver,Munich,True,0.12,0.8,96.0
CR_656,501,50000.0,24,Active,Real Estate,63801.94,127.60388,Client_501,29,Security,Dunningen,True,0.09,0.2,899.9999999999999
CR_657,774,5000.0,24,Default,Car,0.0,0.0,Client_774,73,Police worker,Sulgen,True,0.04,0.4,80.0
CR_658,316,5000.0,60,Closed,Deposit,6415.89,128.3178,Client_316,19,Student,Rottweil,True,0.25,0.2,250.0
CR_659,619,500.0,6,Closed,Car,389.61,77.922,Client_619,65,Manager,Offenburg,True,0.05,0.4,10.000000000000002
CR_660,26,1000.0,24,Active,Deposit,1368.91,136.89100000000002,Client_26,62,Sportsman,Tuttlingen,True,0.08,0.2,16.0
CR_661,320,1000.0,6,Active,Deposit,643.92,64.392,Client_320,36,Brewer,Berlin,True,0.04,0.2,8.0
CR_662,465,25000.0,6,Default,Car,37362.82,149.45128,Client_465,17,Manager,Frankfurt,False,0.06,0.4,600.0
CR_663,682,50000.0,12,Default,Deposit,37984.24,75.96848,Client_682,72,Pensioner,Munich,True,0.08,0.2,800.0
CR_664,203,10000.0,60,Default,Nothing,0.0,0.0,Client_203,52,Engineer,Vs,True,0.03,0.8,240.0
CR_665,309,500.0,24,Active,Car,509.46,101.892,Client_309,43,Police worker,Munich,True,0.04,0.4,8.0
CR_666,695,50000.0,12,Active,Nothing,0.0,0.0,Client_695,21,Seller,Munich,True,0.06,0.8,2400.0
CR_667,299,50000.0,60,Closed,Nothing,0.0,0.0,Client_299,34,Police worker,Sulgen,True,0.04,0.8,1600.0
CR_668,879,5000.0,24,Active,Deposit,0.0,0.0,Client_879,49,Seller,Berlin,True,0.06,0.2,60.0
CR_669,827,5000.0,12,Default,Nothing,0.0,0.0,Client_827,22,Security,Dunningen,True,0.09,0.8,360.0
CR_670,311,5000.0,36,Closed,Car,0.0,0.0,Client_311,60,Student,Frankfurt,True,0.25,0.4,500.0
CR_671,546,25000.0,24,Active,Deposit,25213.82,100.85528,Client_546,56,Manager,Baden-Baden,True,0.05,0.2,250.00000000000006
CR_672,934,10000.0,24,Active,Car,11283.07,112.8307,Client_934,50,Director,Munich,True,0.01,0.4,40.0
CR_673,805,1000.0,36,Default,Nothing,0.0,0.0,Client_805,74,Engineer,Rottweil,True,0.03,0.8,24.0
CR_674,186,50000.0,60,Default,Real Estate,42743.69,85.48738,Client_186,62,Director,Baden-Baden,True,0.01,0.2,100.0
CR_675,930,1000.0,12,Closed,Real Estate,1404.89,140.48900000000003,Client_930,75,Director,Stuttgart,True,0.01,0.2,2.0
CR_676,131,5000.0,36,Default,Real Estate,0.0,0.0,Client_131,72,Unemployed,Rottweil,True,0.3,0.2,300.0
CR_677,964,5000.0,36,Default,Deposit,0.0,0.0,Client_964,32,Security,Offenburg,True,0.09,0.2,90.0
CR_678,592,5000.0,24,Default,Real Estate,5688.59,113.7718,Client_592,53,Student,Frankfurt,True,0.25,0.2,250.0
CR_679,874,500.0,36,Default,Nothing,0.0,0.0,Client_874,33,Brewer,Offenburg,True,0.04,0.8,16.0
CR_680,890,25000.0,24,Active,Real Estate,29109.86,116.43944,Client_890,75,Engineer,Schramberg,True,0.03,0.2,150.0
CR_681,518,5000.0,6,Closed,Nothing,0.0,0.0,Client_518,30,Police worker,Vs,True,0.04,0.8,160.0
CR_682,835,5000.0,36,Active,Nothing,0.0,0.0,Client_835,74,Seller,Hardt,True,0.06,0.8,240.0
CR_683,551,50000.0,24,Closed,Deposit,41978.54,83.95708,Client_551,44,Security,Tuttlingen,True,0.09,0.2,899.9999999999999
CR_684,260,50000.0,36,Closed,Car,66568.8,133.13760000000002,Client_260,62,Engineer,Bratslaw,True,0.03,0.4,600.0
CR_685,736,5000.0,36,Active,Real Estate,0.0,0.0,Client_736,44,Security,Hamburg,True,0.09,0.2,90.0
CR_686,191,50000.0,12,Default,Car,62866.27,125.73254,Client_191,57,Teacher,Hamburg,True,0.02,0.4,400.0
CR_687,444,5000.0,36,Active,Car,0.0,0.0,Client_444,24,Seller,Rottweil,True,0.06,0.4,120.0
CR_688,271,5000.0,36,Active,Car,7195.12,143.9024,Client_271,64,Police worker,Sulgen,True,0.04,0.4,80.0
CR_689,963,10000.0,36,Default,Real Estate,7799.07,77.9907,Client_963,55,Brewer,Vs,True,0.04,0.2,80.0
CR_690,464,25000.0,12,Active,Car,30432.78,121.73112,Client_464,17,Engineer,Frankfurt,False,0.036,0.4,360.0
CR_691,531,10000.0,36,Default,Real Estate,10028.12,100.2812,Client_531,41,Unemployed,Frankfurt,True,0.3,0.2,600.0
CR_692,57,50000.0,36,Active,Car,70052.79,140.10558,Client_57,70,Security,Munich,True,0.09,0.4,1799.9999999999998
CR_693,636,10000.0,60,Closed,Car,5862.16,58.6216,Client_636,61,Unemployed,Schramberg,True,0.3,0.4,1200.0
CR_694,29,5000.0,60,Active,Deposit,6009.43,120.1886,Client_29,32,IT Specialist,Offenburg,True,0.02,0.2,20.0
CR_695,881,5000.0,36,Closed,Real Estate,0.0,0.0,Client_881,23,Engineer,Dunningen,True,0.03,0.2,30.0
CR_696,322,5000.0,12,Active,Nothing,0.0,0.0,Client_322,63,Student,Bratslaw,True,0.25,0.8,1000.0
CR_697,877,5000.0,6,Default,Car,0.0,0.0,Client_877,49,Unemployed,Stuttgart,True,0.3,0.4,600.0
CR_698,805,25000.0,6,Default,Nothing,0.0,0.0,Client_805,74,Engineer,Rottweil,True,0.03,0.8,600.0
CR_699,938,50000.0,24,Default,Car,35739.43,71.47886,Client_938,28,Driver,Frankfurt,True,0.12,0.4,2400.0
CR_700,897,25000.0,6,Active,Car,32691.66,130.76664,Client_897,22,Unemployed,Frankfurt,True,0.3,0.4,3000.0
CR_701,922,5000.0,36,Closed,Nothing,0.0,0.0,Client_922,22,Manager,Dunningen,True,0.05,0.8,200.00000000000003
CR_702,610,5000.0,12,Default,Deposit,6474.07,129.48139999999998,Client_610,67,Security,Frankfurt,True,0.09,0.2,90.0
CR_703,58,500.0,24,Default,Deposit,582.39,116.478,Client_58,68,Director,Offenburg,True,0.01,0.2,1.0
CR_704,681,25000.0,24,Closed,Real Estate,33207.55,132.83020000000002,Client_681,24,Police worker,Rottweil,True,0.04,0.2,200.0
CR_705,726,500.0,24,Closed,Nothing,0.0,0.0,Client_726,18,Sportsman,Hamburg,True,0.08,0.8,32.0
CR_706,974,5000.0,12,Active,Nothing,0.0,0.0,Client_974,17,Security,Stuttgart,False,0.108,0.8,432.0
CR_707,220,500.0,24,Closed,Deposit,746.62,149.32399999999998,Client_220,75,Police worker,Rottweil,True,0.04,0.2,4.0
CR_708,737,5000.0,6,Default,Car,0.0,0.0,Client_737,69,Manager,Vs,True,0.05,0.4,100.00000000000001
CR_709,938,50000.0,36,Closed,Real Estate,30465.06,60.93012,Client_938,28,Driver,Frankfurt,True,0.12,0.2,1200.0
CR_710,724,1000.0,24,Active,Deposit,1026.52,102.652,Client_724,49,Student,Vs,True,0.25,0.2,50.0
CR_711,491,5000.0,6,Default,Car,2930.42,58.6084,Client_491,49,Teacher,Frankfurt,True,0.02,0.4,40.0
CR_712,896,5000.0,24,Default,Deposit,0.0,0.0,Client_896,18,IT Specialist,Bratslaw,True,0.02,0.2,20.0
CR_713,143,1000.0,6,Closed,Nothing,0.0,0.0,Client_143,53,Student,Tuttlingen,True,0.25,0.8,200.0
CR_714,354,10000.0,6,Default,Car,5191.43,51.9143,Client_354,56,Driver,Munich,True,0.12,0.4,480.0
CR_715,338,10000.0,36,Active,Nothing,0.0,0.0,Client_338,61,Engineer,Baden-Baden,True,0.03,0.8,240.0
CR_716,267,1000.0,6,Active,Nothing,0.0,0.0,Client_267,64,Police worker,Offenburg,True,0.04,0.8,32.0
CR_717,339,50000.0,6,Default,Deposit,27920.68,55.84136,Client_339,66,Teacher,Frankfurt,True,0.02,0.2,200.0
CR_718,257,500.0,36,Closed,Car,698.43,139.686,Client_257,60,Unemployed,Baden-Baden,True,0.3,0.4,60.0
CR_719,567,5000.0,24,Active,Nothing,0.0,0.0,Client_567,44,Student,Tuttlingen,True,0.25,0.8,1000.0
CR_720,599,1000.0,36,Active,Deposit,1404.53,140.453,Client_599,28,Student,Rottweil,True,0.25,0.2,50.0
CR_721,38,5000.0,36,Closed,Car,0.0,0.0,Client_38,71,Security,Bratslaw,True,0.09,0.4,180.0
CR_722,116,50000.0,12,Active,Deposit,40241.52,80.48303999999999,Client_116,64,Pensioner,Munich,True,0.08,0.2,800.0
CR_723,618,1000.0,6,Closed,Nothing,0.0,0.0,Client_618,42,Brewer,Frankfurt,True,0.04,0.8,32.0
CR_724,246,5000.0,6,Default,Nothing,0.0,0.0,Client_246,28,Sportsman,Dunningen,True,0.08,0.8,320.0
CR_725,791,25000.0,36,Active,Car,31000.67,124.00267999999998,Client_791,40,Driver,Munich,True,0.12,0.4,1200.0
CR_726,691,1000.0,60,Active,Nothing,0.0,0.0,Client_691,44,Student,Hardt,True,0.25,0.8,200.0
CR_727,50,25000.0,36,Closed,Deposit,37257.03,149.02811999999997,Client_50,19,IT Specialist,Hamburg,True,0.02,0.2,100.0
CR_728,835,5000.0,36,Active,Car,0.0,0.0,Client_835,74,Seller,Hardt,True,0.06,0.4,120.0
CR_729,60,25000.0,36,Closed,Deposit,27034.21,108.13684,Client_60,69,Director,Tuttlingen,True,0.01,0.2,50.0
CR_730,515,500.0,36,Active,Nothing,0.0,0.0,Client_515,59,Police worker,Munich,True,0.04,0.8,16.0
CR_731,286,50000.0,60,Default,Car,48425.56,96.85112,Client_286,33,Driver,Hardt,True,0.12,0.4,2400.0
CR_732,759,25000.0,6,Closed,Nothing,0.0,0.0,Client_759,44,Manager,Sulgen,True,0.05,0.8,1000.0000000000002
CR_733,768,5000.0,60,Closed,Nothing,0.0,0.0,Client_768,44,Driver,Hamburg,True,0.12,0.8,480.0
CR_734,121,500.0,6,Active,Nothing,0.0,0.0,Client_121,66,Manager,Sulgen,True,0.05,0.8,20.000000000000004
CR_735,699,500.0,60,Closed,Nothing,0.0,0.0,Client_699,31,Manager,Frankfurt,True,0.05,0.8,20.000000000000004
CR_736,689,10000.0,6,Closed,Car,10283.8,102.83799999999998,Client_689,21,Manager,Schramberg,True,0.05,0.4,200.00000000000003
CR_737,503,1000.0,36,Default,Deposit,856.85,85.685,Client_503,54,Student,Berlin,True,0.25,0.2,50.0
CR_738,787,5000.0,24,Closed,Real Estate,5334.43,106.6886,Client_787,35,Seller,Hardt,True,0.06,0.2,60.0
CR_739,679,500.0,60,Closed,Car,533.89,106.778,Client_679,28,Student,Baden-Baden,True,0.25,0.4,50.0
CR_740,513,25000.0,12,Default,Deposit,26361.01,105.44404,Client_513,67,Police worker,Hamburg,True,0.04,0.2,200.0
CR_741,570,500.0,12,Default,Nothing,0.0,0.0,Client_570,25,Pensioner,Munich,True,0.08,0.8,32.0
CR_742,330,50000.0,60,Active,Nothing,0.0,0.0,Client_330,50,Sportsman,Dunningen,True,0.08,0.8,3200.0
CR_743,165,10000.0,6,Active,Deposit,10412.17,104.1217,Client_165,60,Seller,Rottweil,True,0.06,0.2,120.0
CR_744,105,500.0,60,Default,Car,278.2,55.64,Client_105,53,Security,Frankfurt,True,0.09,0.4,18.0
CR_745,661,5000.0,12,Closed,Deposit,6882.14,137.6428,Client_661,75,Security,Hardt,True,0.09,0.2,90.0
CR_746,759,5000.0,12,Default,Deposit,0.0,0.0,Client_759,44,Manager,Sulgen,True,0.05,0.2,50.00000000000001
CR_747,321,5000.0,12,Active,Deposit,0.0,0.0,Client_321,51,Director,Stuttgart,True,0.01,0.2,10.0
CR_748,417,1000.0,24,Closed,Nothing,0.0,0.0,Client_417,41,Security,Sulgen,True,0.09,0.8,72.0
CR_749,817,50000.0,6,Closed,Car,29428.88,58.857760000000006,Client_817,64,Security,Hardt,True,0.09,0.4,1799.9999999999998
CR_750,278,25000.0,24,Active,Real Estate,25503.69,102.01476,Client_278,51,Manager,Rottweil,True,0.05,0.2,250.00000000000006
CR_751,914,5000.0,60,Closed,Real Estate,3023.95,60.47899999999999,Client_914,25,Student,Hardt,True,0.25,0.2,250.0
CR_752,88,1000.0,12,Closed,Deposit,1094.85,109.485,Client_88,37,Security,Offenburg,True,0.09,0.2,18.0
CR_753,310,5000.0,24,Default,Deposit,0.0,0.0,Client_310,49,Sportsman,Frankfurt,True,0.08,0.2,80.0
CR_754,309,50000.0,24,Active,Real Estate,51980.06,103.96012,Client_309,43,Police worker,Munich,True,0.04,0.2,400.0
CR_755,364,500.0,24,Closed,Car,545.97,109.19400000000002,Client_364,58,Brewer,Hardt,True,0.04,0.4,8.0
CR_756,430,5000.0,12,Closed,Car,0.0,0.0,Client_430,70,Security,Rottweil,True,0.09,0.4,180.0
CR_757,620,10000.0,60,Closed,Deposit,12024.49,120.2449,Client_620,21,Director,Rottweil,True,0.01,0.2,20.0
CR_758,684,1000.0,36,Closed,Car,515.33,51.53300000000001,Client_684,72,Driver,Berlin,True,0.12,0.4,48.0
CR_759,436,5000.0,6,Default,Deposit,2783.45,55.669,Client_436,38,Unemployed,Tuttlingen,True,0.3,0.2,300.0
CR_760,701,1000.0,60,Closed,Real Estate,940.0,94.0,Client_701,48,Unemployed,Tuttlingen,True,0.3,0.2,60.0
CR_761,135,25000.0,12,Default,Nothing,0.0,0.0,Client_135,27,Engineer,Dunningen,True,0.03,0.8,600.0
CR_762,514,1000.0,12,Active,Real Estate,1334.41,133.441,Client_514,32,Seller,Hamburg,True,0.06,0.2,12.0
CR_763,956,10000.0,24,Default,Real Estate,11310.73,113.1073,Client_956,64,Manager,Baden-Baden,True,0.05,0.2,100.00000000000001
CR_764,186,1000.0,36,Active,Real Estate,1430.97,143.097,Client_186,62,Director,Baden-Baden,True,0.01,0.2,2.0
CR_765,545,500.0,36,Active,Real Estate,265.74,53.148,Client_545,59,Driver,Dunningen,True,0.12,0.2,12.0
CR_766,491,5000.0,24,Default,Nothing,0.0,0.0,Client_491,49,Teacher,Frankfurt,True,0.02,0.8,80.0
CR_767,620,25000.0,24,Default,Real Estate,26182.26,104.72903999999998,Client_620,21,Director,Rottweil,True,0.01,0.2,50.0
CR_768,572,1000.0,24,Active,Car,1478.96,147.89600000000002,Client_572,49,Sportsman,Hardt,True,0.08,0.4,32.0
CR_769,939,1000.0,12,Active,Nothing,0.0,0.0,Client_939,64,Unemployed,Berlin,True,0.3,0.8,240.0
CR_770,57,25000.0,60,Default,Real Estate,33822.12,135.28848,Client_57,70,Security,Munich,True,0.09,0.2,449.99999999999994
CR_771,613,1000.0,6,Closed,Nothing,0.0,0.0,Client_613,47,Director,Tuttlingen,True,0.01,0.8,8.0
CR_772,928,5000.0,24,Active,Real Estate,3888.35,77.767,Client_928,40,Student,Baden-Baden,True,0.25,0.2,250.0
CR_773,183,50000.0,36,Active,Real Estate,61693.37,123.38674,Client_183,16,Engineer,Frankfurt,False,0.036,0.2,360.0
CR_774,25,1000.0,12,Active,Real Estate,550.87,55.087,Client_25,61,Pensioner,Frankfurt,True,0.08,0.2,16.0
CR_775,981,500.0,60,Default,Real Estate,626.57,125.31400000000002,Client_981,53,Police worker,Bratslaw,True,0.04,0.2,4.0
CR_776,828,1000.0,24,Default,Nothing,0.0,0.0,Client_828,53,Sportsman,Frankfurt,True,0.08,0.8,64.0
CR_777,47,25000.0,12,Closed,Real Estate,24118.47,96.47388,Client_47,45,Unemployed,Frankfurt,True,0.3,0.2,1500.0
CR_778,966,5000.0,36,Active,Nothing,0.0,0.0,Client_966,69,Police worker,Sulgen,True,0.04,0.8,160.0
CR_779,925,50000.0,24,Closed,Nothing,0.0,0.0,Client_925,61,Unemployed,Hardt,True,0.3,0.8,12000.0
CR_780,876,500.0,60,Active,Nothing,0.0,0.0,Client_876,30,Brewer,Bratslaw,True,0.04,0.8,16.0
CR_781,325,5000.0,6,Closed,Deposit,0.0,0.0,Client_325,25,Student,Stuttgart,True,0.25,0.2,250.0
CR_782,536,1000.0,12,Closed,Car,766.21,76.62100000000001,Client_536,46,Police worker,Sulgen,True,0.04,0.4,16.0
CR_783,991,50000.0,60,Active,Nothing,0.0,0.0,Client_991,28,Student,Sulgen,True,0.25,0.8,10000.0
CR_784,962,5000.0,24,Default,Nothing,0.0,0.0,Client_962,56,Student,Bratslaw,True,0.25,0.8,1000.0
CR_785,710,5000.0,12,Default,Deposit,7168.84,143.3768,Client_710,36,Sportsman,Schramberg,True,0.08,0.2,80.0
CR_786,877,50000.0,6,Active,Nothing,0.0,0.0,Client_877,49,Unemployed,Stuttgart,True,0.3,0.8,12000.0
CR_787,874,500.0,36,Active,Deposit,285.54,57.108,Client_874,33,Brewer,Offenburg,True,0.04,0.2,4.0
CR_788,422,1000.0,12,Default,Real Estate,1222.92,122.292,Client_422,66,Manager,Hamburg,True,0.05,0.2,10.000000000000002
CR_789,702,1000.0,36,Active,Deposit,967.84,96.784,Client_702,23,Sportsman,Stuttgart,True,0.08,0.2,16.0
CR_790,46,500.0,12,Active,Real Estate,411.03,82.20599999999999,Client_46,30,Teacher,Dunningen,True,0.02,0.2,2.0
CR_791,129,5000.0,24,Default,Nothing,0.0,0.0,Client_129,43,Sportsman,Hamburg,True,0.08,0.8,320.0
CR_792,651,5000.0,60,Active,Nothing,0.0,0.0,Client_651,37,Driver,Baden-Baden,True,0.12,0.8,480.0
CR_793,932,25000.0,36,Active,Nothing,0.0,0.0,Client_932,48,Director,Bratslaw,True,0.01,0.8,200.0
CR_794,234,1000.0,24,Default,Car,752.3,75.22999999999999,Client_234,17,Student,Baden-Baden,False,0.3,0.4,120.0
CR_795,789,5000.0,60,Active,Real Estate,0.0,0.0,Client_789,49,Manager,Rottweil,True,0.05,0.2,50.00000000000001
CR_796,818,50000.0,36,Active,Real Estate,36166.12,72.33224,Client_818,69,Student,Hardt,True,0.25,0.2,2500.0
CR_797,637,25000.0,24,Default,Nothing,0.0,0.0,Client_637,72,Police worker,Rottweil,True,0.04,0.8,800.0
CR_798,951,10000.0,12,Closed,Real Estate,14003.88,140.0388,Client_951,22,Police worker,Offenburg,True,0.04,0.2,80.0
CR_799,499,5000.0,60,Active,Real Estate,7355.3,147.106,Client_499,35,Student,Bratslaw,True,0.25,0.2,250.0
CR_800,943,10000.0,60,Default,Nothing,0.0,0.0,Client_943,69,Unemployed,Hamburg,True,0.3,0.8,2400.0
CR_801,583,500.0,60,Active,Nothing,0.0,0.0,Client_583,63,IT Specialist,Offenburg,True,0.02,0.8,8.0
CR_802,998,1000.0,6,Active,Car,705.33,70.533,Client_998,57,Security,Dunningen,True,0.09,0.4,36.0
CR_803,621,50000.0,60,Active,Car,51892.95,103.78589999999998,Client_621,36,Director,Schramberg,True,0.01,0.4,200.0
CR_804,324,5000.0,12,Active,Car,2648.19,52.963800000000006,Client_324,51,Driver,Vs,True,0.12,0.4,240.0
CR_805,940,500.0,60,Default,Nothing,0.0,0.0,Client_940,42,Director,Munich,True,0.01,0.8,4.0
CR_806,207,5000.0,36,Closed,Car,0.0,0.0,Client_207,71,Pensioner,Offenburg,True,0.08,0.4,160.0
CR_807,578,50000.0,6,Active,Real Estate,30656.48,61.31296,Client_578,59,Engineer,Berlin,True,0.03,0.2,300.0
CR_808,239,5000.0,60,Closed,Car,0.0,0.0,Client_239,73,IT Specialist,Dunningen,True,0.02,0.4,40.0
CR_809,335,50000.0,6,Default,Car,28919.24,57.83848,Client_335,22,Engineer,Munich,True,0.03,0.4,600.0
CR_810,531,1000.0,60,Closed,Real Estate,1065.17,106.51700000000002,Client_531,41,Unemployed,Frankfurt,True,0.3,0.2,60.0
CR_811,828,5000.0,12,Active,Real Estate,0.0,0.0,Client_828,53,Sportsman,Frankfurt,True,0.08,0.2,80.0
CR_812,543,1000.0,36,Closed,Deposit,1472.12,147.212,Client_543,33,IT Specialist,Hardt,True,0.02,0.2,4.0
CR_813,637,1000.0,60,Default,Nothing,0.0,0.0,Client_637,72,Police worker,Rottweil,True,0.04,0.8,32.0
CR_814,698,500.0,6,Default,Nothing,0.0,0.0,Client_698,64,Unemployed,Sulgen,True,0.3,0.8,120.0
CR_815,589,10000.0,24,Default,Deposit,11676.89,116.7689,Client_589,30,Brewer,Dunningen,True,0.04,0.2,80.0
CR_816,449,500.0,12,Closed,Car,506.9,101.38,Client_449,34,Driver,Rottweil,True,0.12,0.4,24.0
CR_817,711,5000.0,36,Closed,Real Estate,0.0,0.0,Client_711,69,Student,Hardt,True,0.25,0.2,250.0
CR_818,643,1000.0,60,Closed,Deposit,1494.89,149.489,Client_643,63,Student,Schramberg,True,0.25,0.2,50.0
CR_819,41,500.0,24,Active,Deposit,601.45,120.29,Client_41,59,Unemployed,Bratslaw,True,0.3,0.2,30.0
CR_820,339,5000.0,36,Closed,Car,3564.67,71.2934,Client_339,66,Teacher,Frankfurt,True,0.02,0.4,40.0
CR_821,700,5000.0,12,Closed,Real Estate,6726.71,134.5342,Client_700,38,Manager,Rottweil,True,0.05,0.2,50.00000000000001
CR_822,298,10000.0,6,Active,Nothing,0.0,0.0,Client_298,46,Brewer,Schramberg,True,0.04,0.8,320.0
CR_823,380,5000.0,36,Closed,Real Estate,6428.54,128.57080000000002,Client_380,28,Pensioner,Baden-Baden,True,0.08,0.2,80.0
CR_824,706,500.0,12,Active,Real Estate,715.41,143.082,Client_706,71,Manager,Offenburg,True,0.05,0.2,5.000000000000001
CR_825,958,5000.0,6,Closed,Deposit,0.0,0.0,Client_958,69,Director,Sulgen,True,0.01,0.2,10.0
CR_826,271,25000.0,12,Default,Real Estate,16261.54,65.04616000000001,Client_271,64,Police worker,Sulgen,True,0.04,0.2,200.0
CR_827,909,5000.0,12,Closed,Car,0.0,0.0,Client_909,67,Teacher,Hamburg,True,0.02,0.4,40.0
CR_828,727,5000.0,24,Default,Deposit,0.0,0.0,Client_727,57,Brewer,Frankfurt,True,0.04,0.2,40.0
CR_829,457,1000.0,60,Active,Deposit,1232.66,123.266,Client_457,37,Brewer,Frankfurt,True,0.04,0.2,8.0
CR_830,725,1000.0,24,Closed,Car,687.98,68.798,Client_725,40,Unemployed,Dunningen,True,0.3,0.4,120.0
CR_831,8,5000.0,60,Closed,Car,6028.58,120.5716,Client_8,52,Driver,Sulgen,True,0.12,0.4,240.0
CR_832,142,5000.0,36,Closed,Deposit,4216.18,84.32360000000001,Client_142,46,Teacher,Dunningen,True,0.02,0.2,20.0
CR_833,168,500.0,60,Default,Nothing,0.0,0.0,Client_168,54,Manager,Bratslaw,True,0.05,0.8,20.000000000000004
CR_834,899,50000.0,36,Active,Nothing,0.0,0.0,Client_899,33,Manager,Tuttlingen,True,0.05,0.8,2000.0000000000005
CR_835,732,50000.0,24,Default,Car,56683.82,113.36764,Client_732,40,IT Specialist,Dunningen,True,0.02,0.4,400.0
CR_836,788,25000.0,6,Closed,Car,15608.85,62.4354,Client_788,16,Seller,Frankfurt,False,0.072,0.4,720.0
CR_837,696,25000.0,60,Default,Deposit,19820.66,79.28264,Client_696,16,Police worker,Bratslaw,False,0.048,0.2,240.00000000000003
CR_838,210,50000.0,12,Closed,Car,51259.66,102.51932,Client_210,22,Security,Bratslaw,True,0.09,0.4,1799.9999999999998
CR_839,389,5000.0,12,Active,Real Estate,6259.39,125.1878,Client_389,34,IT Specialist,Frankfurt,True,0.02,0.2,20.0
CR_840,967,50000.0,60,Default,Deposit,62559.37,125.11874,Client_967,30,Seller,Frankfurt,True,0.06,0.2,600.0
CR_841,801,5000.0,60,Default,Car,0.0,0.0,Client_801,17,Teacher,Frankfurt,False,0.024,0.4,48.00000000000001
CR_842,153,50000.0,60,Default,Car,56859.15,113.7183,Client_153,45,IT Specialist,Frankfurt,True,0.02,0.4,400.0
CR_843,772,1000.0,12,Default,Real Estate,1128.65,112.865,Client_772,19,Manager,Offenburg,True,0.05,0.2,10.000000000000002
CR_844,950,5000.0,6,Closed,Nothing,0.0,0.0,Client_950,36,Teacher,Rottweil,True,0.02,0.8,80.0
CR_845,310,500.0,24,Active,Real Estate,496.6,99.32,Client_310,49,Sportsman,Frankfurt,True,0.08,0.2,8.0
CR_846,15,50000.0,60,Default,Deposit,40337.45,80.6749,Client_15,21,Security,Berlin,True,0.09,0.2,899.9999999999999
CR_847,730,50000.0,24,Closed,Real Estate,33677.65,67.3553,Client_730,34,Student,Frankfurt,True,0.25,0.2,2500.0
CR_848,415,1000.0,36,Closed,Deposit,628.08,62.80800000000001,Client_415,32,Seller,Dunningen,True,0.06,0.2,12.0
CR_849,161,10000.0,24,Default,Nothing,0.0,0.0,Client_161,16,Sportsman,Berlin,False,0.096,0.8,768.0000000000001
CR_850,247,50000.0,12,Active,Deposit,27753.61,55.50722,Client_247,68,Security,Sulgen,True,0.09,0.2,899.9999999999999
CR_851,767,5000.0,24,Default,Real Estate,5852.57,117.0514,Client_767,75,Seller,Tuttlingen,True,0.06,0.2,60.0
CR_852,537,1000.0,36,Closed,Deposit,1020.76,102.076,Client_537,44,Seller,Munich,True,0.06,0.2,12.0
CR_853,365,10000.0,36,Default,Deposit,6739.37,67.3937,Client_365,32,Student,Hamburg,True,0.25,0.2,500.0
CR_854,899,25000.0,36,Closed,Real Estate,24273.1,97.09239999999998,Client_899,33,Manager,Tuttlingen,True,0.05,0.2,250.00000000000006
CR_855,712,50000.0,36,Closed,Real Estate,70382.86,140.76572000000002,Client_712,42,Teacher,Munich,True,0.02,0.2,200.0
CR_856,204,5000.0,60,Default,Real Estate,4650.36,93.00719999999998,Client_204,29,Manager,Frankfurt,True,0.05,0.2,50.00000000000001
CR_857,404,500.0,36,Closed,Car,605.62,121.124,Client_404,49,IT Specialist,Frankfurt,True,0.02,0.4,4.0
CR_858,212,1000.0,24,Default,Nothing,0.0,0.0,Client_212,72,Pensioner,Frankfurt,True,0.08,0.8,64.0
CR_859,302,50000.0,24,Closed,Deposit,40984.74,81.96947999999999,Client_302,40,Sportsman,Hamburg,True,0.08,0.2,800.0
CR_860,474,50000.0,36,Active,Nothing,0.0,0.0,Client_474,74,Director,Sulgen,True,0.01,0.8,400.0
CR_861,439,1000.0,36,Active,Real Estate,594.67,59.46699999999999,Client_439,55,Seller,Hardt,True,0.06,0.2,12.0
CR_862,134,50000.0,6,Closed,Deposit,33028.49,66.05698,Client_134,16,Director,Tuttlingen,False,0.012,0.2,120.00000000000001
CR_863,991,1000.0,6,Active,Car,1059.31,105.931,Client_991,28,Student,Sulgen,True,0.25,0.4,100.0
CR_864,510,5000.0,36,Default,Real Estate,6300.08,126.0016,Client_510,48,Manager,Dunningen,True,0.05,0.2,50.00000000000001
CR_865,503,1000.0,6,Default,Deposit,1335.32,133.53199999999998,Client_503,54,Student,Berlin,True,0.25,0.2,50.0
CR_866,666,5000.0,60,Default,Car,0.0,0.0,Client_666,71,Driver,Frankfurt,True,0.12,0.4,240.0
CR_867,772,5000.0,6,Active,Nothing,0.0,0.0,Client_772,19,Manager,Offenburg,True,0.05,0.8,200.00000000000003
CR_868,67,50000.0,24,Default,Nothing,0.0,0.0,Client_67,65,Seller,Frankfurt,True,0.06,0.8,2400.0
CR_869,828,5000.0,60,Closed,Nothing,0.0,0.0,Client_828,53,Sportsman,Frankfurt,True,0.08,0.8,320.0
CR_870,871,25000.0,60,Default,Car,13815.47,55.26188,Client_871,43,Seller,Rottweil,True,0.06,0.4,600.0
CR_871,134,5000.0,36,Closed,Real Estate,4199.57,83.9914,Client_134,16,Director,Tuttlingen,False,0.012,0.2,12.000000000000002
CR_872,2,50000.0,36,Closed,Deposit,27985.54,55.97108000000001,Client_2,68,IT Specialist,Munich,True,0.02,0.2,200.0
CR_873,167,1000.0,60,Default,Real Estate,641.02,64.102,Client_167,37,Director,Stuttgart,True,0.01,0.2,2.0
CR_874,84,1000.0,60,Closed,Car,909.51,90.951,Client_84,59,Sportsman,Dunningen,True,0.08,0.4,32.0
CR_875,840,50000.0,6,Default,Real Estate,45607.66,91.21532,Client_840,71,Engineer,Rottweil,True,0.03,0.2,300.0
CR_876,614,5000.0,6,Active,Car,0.0,0.0,Client_614,58,Student,Schramberg,True,0.25,0.4,500.0
CR_877,782,5000.0,24,Default,Car,7162.63,143.2526,Client_782,65,Sportsman,Offenburg,True,0.08,0.4,160.0
CR_878,358,5000.0,60,Active,Car,0.0,0.0,Client_358,45,Driver,Sulgen,True,0.12,0.4,240.0
CR_879,788,10000.0,60,Active,Deposit,10320.62,103.2062,Client_788,16,Seller,Frankfurt,False,0.072,0.2,144.0
CR_880,714,5000.0,60,Default,Nothing,0.0,0.0,Client_714,55,Student,Stuttgart,True,0.25,0.8,1000.0
CR_881,665,500.0,6,Default,Car,471.67,94.334,Client_665,23,Pensioner,Vs,True,0.08,0.4,16.0
CR_882,407,5000.0,12,Default,Car,6401.13,128.0226,Client_407,21,Police worker,Bratslaw,True,0.04,0.4,80.0
CR_883,259,50000.0,24,Default,Deposit,60620.16,121.24032,Client_259,18,IT Specialist,Hardt,True,0.02,0.2,200.0
CR_884,143,25000.0,6,Closed,Real Estate,23361.65,93.4466,Client_143,53,Student,Tuttlingen,True,0.25,0.2,1250.0
CR_885,134,1000.0,36,Default,Car,1442.27,144.227,Client_134,16,Director,Tuttlingen,False,0.012,0.4,4.800000000000001
CR_886,200,50000.0,6,Active,Car,30241.84,60.48367999999999,Client_200,72,Brewer,Munich,True,0.04,0.4,800.0
CR_887,913,500.0,12,Active,Real Estate,534.47,106.894,Client_913,37,Sportsman,Hamburg,True,0.08,0.2,8.0
CR_888,600,5000.0,6,Active,Nothing,0.0,0.0,Client_600,55,IT Specialist,Frankfurt,True,0.02,0.8,80.0
CR_889,444,1000.0,12,Closed,Real Estate,1044.7,104.47,Client_444,24,Seller,Rottweil,True,0.06,0.2,12.0
CR_890,14,50000.0,12,Default,Real Estate,31657.9,63.3158,Client_14,70,Pensioner,Hardt,True,0.08,0.2,800.0
CR_891,577,10000.0,24,Active,Real Estate,8607.08,86.0708,Client_577,61,Engineer,Vs,True,0.03,0.2,60.0
CR_892,313,50000.0,24,Closed,Nothing,0.0,0.0,Client_313,35,Brewer,Hamburg,True,0.04,0.8,1600.0
CR_893,393,5000.0,60,Active,Car,0.0,0.0,Client_393,61,Driver,Hamburg,True,0.12,0.4,240.0
CR_894,753,5000.0,60,Default,Real Estate,2905.82,58.1164,Client_753,74,Pensioner,Sulgen,True,0.08,0.2,80.0
CR_895,553,5000.0,6,Active,Nothing,0.0,0.0,Client_553,41,Police worker,Dunningen,True,0.04,0.8,160.0
CR_896,498,10000.0,36,Closed,Real Estate,9908.03,99.0803,Client_498,48,Engineer,Tuttlingen,True,0.03,0.2,60.0
CR_897,682,5000.0,12,Default,Nothing,0.0,0.0,Client_682,72,Pensioner,Munich,True,0.08,0.8,320.0
CR_898,681,10000.0,6,Default,Nothing,0.0,0.0,Client_681,24,Police worker,Rottweil,True,0.04,0.8,320.0
CR_899,857,500.0,36,Default,Real Estate,646.01,129.202,Client_857,75,Pensioner,Vs,True,0.08,0.2,8.0
CR_900,286,1000.0,60,Active,Nothing,0.0,0.0,Client_286,33,Driver,Hardt,True,0.12,0.8,96.0
CR_901,726,5000.0,60,Default,Deposit,0.0,0.0,Client_726,18,Sportsman,Hamburg,True,0.08,0.2,80.0
CR_902,611,500.0,6,Default,Car,413.84,82.768,Client_611,40,Pensioner,Munich,True,0.08,0.4,16.0
CR_903,905,1000.0,24,Active,Real Estate,506.47,50.647,Client_905,59,Director,Berlin,True,0.01,0.2,2.0
CR_904,372,25000.0,6,Default,Deposit,27577.16,110.30864,Client_372,17,Seller,Baden-Baden,False,0.072,0.2,360.0
CR_905,513,10000.0,12,Active,Real Estate,5014.39,50.14390000000001,Client_513,67,Police worker,Hamburg,True,0.04,0.2,80.0
CR_906,22,500.0,36,Closed,Nothing,0.0,0.0,Client_22,62,Pensioner,Munich,True,0.08,0.8,32.0
CR_907,879,1000.0,12,Default,Real Estate,688.69,68.869,Client_879,49,Seller,Berlin,True,0.06,0.2,12.0
CR_908,171,5000.0,12,Active,Nothing,0.0,0.0,Client_171,31,Driver,Frankfurt,True,0.12,0.8,480.0
CR_909,168,5000.0,24,Default,Deposit,6755.42,135.1084,Client_168,54,Manager,Bratslaw,True,0.05,0.2,50.00000000000001
CR_910,192,10000.0,12,Active,Real Estate,5665.1,56.65100000000001,Client_192,32,IT Specialist,Dunningen,True,0.02,0.2,40.0
CR_911,992,50000.0,6,Closed,Car,67563.59,135.12717999999998,Client_992,56,IT Specialist,Offenburg,True,0.02,0.4,400.0
CR_912,475,10000.0,24,Default,Real Estate,13878.85,138.7885,Client_475,31,Police worker,Stuttgart,True,0.04,0.2,80.0
CR_913,345,10000.0,6,Active,Car,9198.96,91.9896,Client_345,71,Pensioner,Dunningen,True,0.08,0.4,320.0
CR_914,35,5000.0,12,Active,Real Estate,4710.43,94.2086,Client_35,42,Unemployed,Hardt,True,0.3,0.2,300.0
CR_915,201,5000.0,6,Active,Deposit,4190.04,83.8008,Client_201,52,Manager,Bratslaw,True,0.05,0.2,50.00000000000001
CR_916,213,10000.0,60,Default,Car,11387.5,113.875,Client_213,58,Brewer,Dunningen,True,0.04,0.4,160.0
CR_917,820,25000.0,12,Closed,Car,19240.51,76.96204,Client_820,70,Sportsman,Schramberg,True,0.08,0.4,800.0
CR_918,156,5000.0,36,Active,Car,0.0,0.0,Client_156,22,Seller,Berlin,True,0.06,0.4,120.0
CR_919,520,25000.0,12,Active,Deposit,26806.13,107.22452,Client_520,50,Police worker,Hamburg,True,0.04,0.2,200.0
CR_920,671,500.0,12,Closed,Deposit,288.57,57.714,Client_671,47,Unemployed,Vs,True,0.3,0.2,30.0
CR_921,395,25000.0,36,Default,Nothing,0.0,0.0,Client_395,69,Unemployed,Offenburg,True,0.3,0.8,6000.0
CR_922,194,1000.0,6,Default,Car,1068.82,106.882,Client_194,67,Director,Sulgen,True,0.01,0.4,4.0
CR_923,670,10000.0,60,Default,Car,5884.84,58.8484,Client_670,34,Seller,Frankfurt,True,0.06,0.4,240.0
CR_924,181,1000.0,36,Default,Car,1282.74,128.274,Client_181,44,Driver,Stuttgart,True,0.12,0.4,48.0
CR_925,621,25000.0,36,Closed,Car,30953.43,123.81372,Client_621,36,Director,Schramberg,True,0.01,0.4,100.0
CR_926,522,5000.0,60,Active,Nothing,0.0,0.0,Client_522,37,Director,Sulgen,True,0.01,0.8,40.0
CR_927,679,50000.0,36,Active,Nothing,0.0,0.0,Client_679,28,Student,Baden-Baden,True,0.25,0.8,10000.0
CR_928,552,500.0,6,Default,Nothing,0.0,0.0,Client_552,58,Driver,Frankfurt,True,0.12,0.8,48.0
CR_929,852,500.0,12,Closed,Car,403.29,80.658,Client_852,58,IT Specialist,Vs,True,0.02,0.4,4.0
CR_930,937,25000.0,60,Active,Deposit,20584.47,82.33788000000001,Client_937,41,Security,Frankfurt,True,0.09,0.2,449.99999999999994
CR_931,329,500.0,24,Default,Car,400.54,80.108,Client_329,28,Student,Tuttlingen,True,0.25,0.4,50.0
CR_932,257,500.0,12,Default,Deposit,681.72,136.344,Client_257,60,Unemployed,Baden-Baden,True,0.3,0.2,30.0
CR_933,781,500.0,6,Closed,Deposit,637.69,127.538,Client_781,35,Security,Munich,True,0.09,0.2,9.0
CR_934,312,500.0,36,Active,Deposit,688.76,137.752,Client_312,32,Sportsman,Berlin,True,0.08,0.2,8.0
CR_935,512,10000.0,24,Closed,Deposit,10933.26,109.3326,Client_512,68,Police worker,Dunningen,True,0.04,0.2,80.0
CR_936,558,1000.0,60,Default,Deposit,1480.69,148.06900000000002,Client_558,45,Police worker,Stuttgart,True,0.04,0.2,8.0
CR_937,955,5000.0,24,Active,Nothing,0.0,0.0,Client_955,54,Student,Hamburg,True,0.25,0.8,1000.0
CR_938,41,25000.0,24,Default,Nothing,0.0,0.0,Client_41,59,Unemployed,Bratslaw,True,0.3,0.8,6000.0
CR_939,249,1000.0,12,Active,Deposit,568.4,56.84,Client_249,74,Manager,Hamburg,True,0.05,0.2,10.000000000000002
CR_940,113,10000.0,24,Closed,Nothing,0.0,0.0,Client_113,20,Director,Sulgen,True,0.01,0.8,80.0
CR_941,418,5000.0,36,Closed,Nothing,0.0,0.0,Client_418,26,Police worker,Hardt,True,0.04,0.8,160.0
CR_942,368,25000.0,6,Default,Nothing,0.0,0.0,Client_368,37,Director,Tuttlingen,True,0.01,0.8,200.0
CR_943,616,5000.0,12,Closed,Nothing,0.0,0.0,Client_616,30,Pensioner,Berlin,True,0.08,0.8,320.0
CR_944,454,5000.0,36,Closed,Car,0.0,0.0,Client_454,53,Brewer,Hardt,True,0.04,0.4,80.0
CR_945,134,25000.0,60,Default,Real Estate,19348.46,77.39384,Client_134,16,Director,Tuttlingen,False,0.012,0.2,60.00000000000001
CR_946,38,10000.0,12,Active,Car,13183.86,131.8386,Client_38,71,Security,Bratslaw,True,0.09,0.4,360.0
CR_947,143,500.0,12,Closed,Real Estate,377.09,75.41799999999999,Client_143,53,Student,Tuttlingen,True,0.25,0.2,25.0
CR_948,907,10000.0,60,Active,Car,13607.98,136.0798,Client_907,61,Unemployed,Offenburg,True,0.3,0.4,1200.0
CR_949,369,500.0,60,Active,Nothing,0.0,0.0,Client_369,64,Police worker,Sulgen,True,0.04,0.8,16.0
CR_950,580,5000.0,24,Closed,Nothing,0.0,0.0,Client_580,30,Driver,Baden-Baden,True,0.12,0.8,480.0
CR_951,105,10000.0,6,Closed,Nothing,0.0,0.0,Client_105,53,Security,Frankfurt,True,0.09,0.8,720.0
CR_952,212,10000.0,12,Closed,Nothing,0.0,0.0,Client_212,72,Pensioner,Frankfurt,True,0.08,0.8,640.0
CR_953,75,5000.0,60,Closed,Real Estate,5046.62,100.9324,Client_75,49,Engineer,Offenburg,True,0.03,0.2,30.0
CR_954,102,25000.0,60,Active,Deposit,34926.32,139.70528,Client_102,16,Security,Frankfurt,False,0.108,0.2,540.0
CR_955,968,500.0,36,Default,Car,507.1,101.42,Client_968,21,Driver,Schramberg,True,0.12,0.4,24.0
CR_956,842,500.0,60,Closed,Car,472.97,94.594,Client_842,50,Director,Bratslaw,True,0.01,0.4,2.0
CR_957,178,10000.0,36,Default,Deposit,8983.26,89.83260000000001,Client_178,74,Director,Dunningen,True,0.01,0.2,20.0
CR_958,524,1000.0,12,Closed,Nothing,0.0,0.0,Client_524,48,Teacher,Vs,True,0.02,0.8,16.0
CR_959,342,10000.0,60,Closed,Nothing,0.0,0.0,Client_342,54,Police worker,Baden-Baden,True,0.04,0.8,320.0
CR_960,586,25000.0,36,Default,Deposit,36147.4,144.58960000000002,Client_586,38,Brewer,Frankfurt,True,0.04,0.2,200.0
CR_961,718,10000.0,12,Closed,Deposit,12584.65,125.8465,Client_718,57,Driver,Frankfurt,True,0.12,0.2,240.0
CR_962,545,50000.0,6,Active,Deposit,44111.95,88.2239,Client_545,59,Driver,Dunningen,True,0.12,0.2,1200.0
CR_963,660,5000.0,36,Closed,Real Estate,0.0,0.0,Client_660,24,Director,Schramberg,True,0.01,0.2,10.0
CR_964,633,50000.0,6,Closed,Car,58543.43,117.08686,Client_633,44,Driver,Bratslaw,True,0.12,0.4,2400.0
CR_965,351,500.0,6,Closed,Deposit,607.89,121.578,Client_351,46,Manager,Hamburg,True,0.05,0.2,5.000000000000001
CR_966,791,10000.0,60,Default,Deposit,10170.18,101.7018,Client_791,40,Driver,Munich,True,0.12,0.2,240.0
CR_967,588,25000.0,36,Default,Nothing,0.0,0.0,Client_588,41,Director,Hamburg,True,0.01,0.8,200.0
CR_968,131,1000.0,24,Closed,Deposit,1116.09,111.609,Client_131,72,Unemployed,Rottweil,True,0.3,0.2,60.0
CR_969,65,5000.0,6,Active,Nothing,0.0,0.0,Client_65,73,Director,Frankfurt,True,0.01,0.8,40.0
CR_970,494,50000.0,12,Active,Real Estate,53257.45,106.51489999999998,Client_494,20,IT Specialist,Sulgen,True,0.02,0.2,200.0
CR_971,89,50000.0,36,Default,Real Estate,45192.33,90.38466,Client_89,52,Pensioner,Frankfurt,True,0.08,0.2,800.0
CR_972,507,5000.0,12,Closed,Real Estate,2599.76,51.99520000000001,Client_507,39,Director,Bratslaw,True,0.01,0.2,10.0
CR_973,384,10000.0,60,Closed,Real Estate,11935.21,119.35209999999998,Client_384,70,Pensioner,Hardt,True,0.08,0.2,160.0
CR_974,409,10000.0,6,Closed,Deposit,10023.34,100.2334,Client_409,18,Brewer,Hamburg,True,0.04,0.2,80.0
CR_975,652,5000.0,60,Closed,Nothing,0.0,0.0,Client_652,59,Seller,Offenburg,True,0.06,0.8,240.0
CR_976,957,1000.0,24,Default,Nothing,0.0,0.0,Client_957,17,Brewer,Frankfurt,False,0.048,0.8,38.400000000000006
CR_977,547,1000.0,24,Default,Real Estate,1448.36,144.83599999999998,Client_547,50,Sportsman,Frankfurt,True,0.08,0.2,16.0
CR_978,867,1000.0,36,Active,Car,830.54,83.05399999999999,Client_867,54,Manager,Hamburg,True,0.05,0.4,20.000000000000004
CR_979,803,5000.0,12,Closed,Real Estate,4235.19,84.7038,Client_803,39,Seller,Tuttlingen,True,0.06,0.2,60.0
CR_980,53,25000.0,36,Default,Car,34544.67,138.17868,Client_53,42,Driver,Dunningen,True,0.12,0.4,1200.0
CR_981,509,25000.0,6,Closed,Deposit,19132.78,76.53112,Client_509,55,Police worker,Dunningen,True,0.04,0.2,200.0
CR_982,474,50000.0,12,Active,Real Estate,37105.35,74.2107,Client_474,74,Director,Sulgen,True,0.01,0.2,100.0
CR_983,45,1000.0,60,Closed,Nothing,0.0,0.0,Client_45,44,Sportsman,Stuttgart,True,0.08,0.8,64.0
CR_984,201,25000.0,36,Default,Real Estate,37041.72,148.16688,Client_201,52,Manager,Bratslaw,True,0.05,0.2,250.00000000000006
CR_985,930,10000.0,60,Active,Deposit,11022.89,110.22889999999998,Client_930,75,Director,Stuttgart,True,0.01,0.2,20.0
CR_986,977,500.0,24,Active,Real Estate,532.3,106.46,Client_977,65,IT Specialist,Sulgen,True,0.02,0.2,2.0
CR_987,815,25000.0,6,Closed,Deposit,25614.76,102.45904,Client_815,46,IT Specialist,Stuttgart,True,0.02,0.2,100.0
CR_988,244,25000.0,60,Closed,Car,21308.5,85.234,Client_244,19,Driver,Frankfurt,True,0.12,0.4,1200.0
CR_989,590,25000.0,60,Default,Nothing,0.0,0.0,Client_590,50,Brewer,Baden-Baden,True,0.04,0.8,800.0
CR_990,712,10000.0,6,Closed,Car,13135.67,131.3567,Client_712,42,Teacher,Munich,True,0.02,0.4,80.0
CR_991,250,5000.0,36,Active,Car,4156.16,83.1232,Client_250,20,Brewer,Hardt,True,0.04,0.4,80.0
CR_992,703,5000.0,36,Closed,Deposit,0.0,0.0,Client_703,39,Driver,Frankfurt,True,0.12,0.2,120.0
CR_993,683,25000.0,36,Active,Real Estate,26288.11,105.15243999999998,Client_683,60,Driver,Frankfurt,True,0.12,0.2,600.0
CR_994,107,25000.0,60,Closed,Nothing,0.0,0.0,Client_107,58,Brewer,Tuttlingen,True,0.04,0.8,800.0
CR_995,447,5000.0,6,Active,Car,6492.36,129.8472,Client_447,39,Brewer,Munich,True,0.04,0.4,80.0
CR_996,3,1000.0,6,Closed,Car,1320.57,132.05700000000002,Client_3,42,Security,Frankfurt,True,0.09,0.4,36.0
CR_997,922,1000.0,6,Default,Car,538.4,53.84,Client_922,22,Manager,Dunningen,True,0.05,0.4,20.000000000000004
CR_998,365,25000.0,24,Closed,Nothing,0.0,0.0,Client_365,32,Student,Hamburg,True,0.25,0.8,5000.0
CR_999,640,1000.0,36,Default,Car,750.56,75.05599999999998,Client_640,25,Sportsman,Munich,True,0.08,0.4,32.0
CR_1000,468,5000.0,60,Default,Car,4779.27,95.5854,Client_468,38,Manager,Berlin,True,0.05,0.4,100.00000000000001
CR_1001,131,10000.0,6,Closed,Car,8311.2,83.11200000000001,Client_131,72,Unemployed,Rottweil,True,0.3,0.4,1200.0
CR_1002,315,50000.0,24,Closed,Deposit,57845.28,115.69056,Client_315,36,Seller,Frankfurt,True,0.06,0.2,600.0
CR_1003,946,50000.0,6,Closed,Car,64109.95,128.2199,Client_946,51,Security,Hardt,True,0.09,0.4,1799.9999999999998
CR_1004,478,1000.0,60,Closed,Car,750.09,75.009,Client_478,59,Pensioner,Offenburg,True,0.08,0.4,32.0
CR_1005,652,50000.0,24,Default,Deposit,32626.71,65.25341999999999,Client_652,59,Seller,Offenburg,True,0.06,0.2,600.0
CR_1006,920,500.0,36,Default,Real Estate,618.92,123.78399999999998,Client_920,57,Unemployed,Bratslaw,True,0.3,0.2,30.0
CR_1007,217,50000.0,60,Default,Nothing,0.0,0.0,Client_217,25,Sportsman,Dunningen,True,0.08,0.8,3200.0
CR_1008,394,5000.0,36,Closed,Nothing,0.0,0.0,Client_394,56,Security,Bratslaw,True,0.09,0.8,360.0
CR_1009,168,5000.0,36,Closed,Car,0.0,0.0,Client_168,54,Manager,Bratslaw,True,0.05,0.4,100.00000000000001
CR_1010,129,500.0,24,Default,Car,626.94,125.388,Client_129,43,Sportsman,Hamburg,True,0.08,0.4,16.0
CR_1011,315,1000.0,6,Closed,Nothing,0.0,0.0,Client_315,36,Seller,Frankfurt,True,0.06,0.8,48.0
CR_1012,298,5000.0,36,Default,Real Estate,0.0,0.0,Client_298,46,Brewer,Schramberg,True,0.04,0.2,40.0
CR_1013,575,5000.0,6,Active,Real Estate,5410.52,108.21040000000002,Client_575,42,Police worker,Hardt,True,0.04,0.2,40.0
CR_1014,871,500.0,36,Closed,Deposit,449.12,89.824,Client_871,43,Seller,Rottweil,True,0.06,0.2,6.0
CR_1015,329,5000.0,36,Default,Deposit,3537.31,70.7462,Client_329,28,Student,Tuttlingen,True,0.25,0.2,250.0
CR_1016,617,10000.0,36,Active,Car,7343.51,73.43509999999999,Client_617,50,Student,Rottweil,True,0.25,0.4,1000.0
CR_1017,681,500.0,24,Closed,Real Estate,697.79,139.558,Client_681,24,Police worker,Rottweil,True,0.04,0.2,4.0
CR_1018,617,500.0,12,Closed,Nothing,0.0,0.0,Client_617,50,Student,Rottweil,True,0.25,0.8,100.0
CR_1019,43,500.0,36,Closed,Real Estate,675.67,135.134,Client_43,54,Pensioner,Vs,True,0.08,0.2,8.0
CR_1020,114,1000.0,6,Active,Deposit,553.78,55.37799999999999,Client_114,70,Police worker,Offenburg,True,0.04,0.2,8.0
CR_1021,384,500.0,24,Closed,Nothing,0.0,0.0,Client_384,70,Pensioner,Hardt,True,0.08,0.8,32.0
CR_1022,755,500.0,60,Active,Car,478.42,95.684,Client_755,42,Teacher,Hardt,True,0.02,0.4,4.0
CR_1023,973,10000.0,60,Closed,Nothing,0.0,0.0,Client_973,52,Police worker,Stuttgart,True,0.04,0.8,320.0
CR_1024,434,25000.0,24,Active,Nothing,0.0,0.0,Client_434,28,Director,Berlin,True,0.01,0.8,200.0
CR_1025,389,1000.0,24,Active,Car,1001.01,100.101,Client_389,34,IT Specialist,Frankfurt,True,0.02,0.4,8.0
CR_1026,519,10000.0,6,Closed,Car,8183.26,81.8326,Client_519,23,Brewer,Hamburg,True,0.04,0.4,160.0
CR_1027,829,500.0,36,Closed,Car,709.34,141.86800000000002,Client_829,56,IT Specialist,Bratslaw,True,0.02,0.4,4.0
CR_1028,505,500.0,60,Closed,Nothing,0.0,0.0,Client_505,38,Security,Dunningen,True,0.09,0.8,36.0
CR_1029,763,500.0,36,Active,Real Estate,679.9,135.98,Client_763,72,Pensioner,Stuttgart,True,0.08,0.2,8.0
CR_1030,685,500.0,12,Default,Real Estate,414.17,82.834,Client_685,32,Director,Hardt,True,0.01,0.2,1.0
CR_1031,141,5000.0,36,Default,Nothing,0.0,0.0,Client_141,20,Director,Schramberg,True,0.01,0.8,40.0
CR_1032,974,25000.0,60,Default,Deposit,21810.91,87.24364,Client_974,17,Security,Stuttgart,False,0.108,0.2,540.0
CR_1033,189,25000.0,6,Closed,Real Estate,26334.64,105.33856,Client_189,43,Teacher,Baden-Baden,True,0.02,0.2,100.0
CR_1034,115,10000.0,60,Default,Deposit,7302.78,73.0278,Client_115,49,Teacher,Offenburg,True,0.02,0.2,40.0
CR_1035,452,5000.0,12,Closed,Real Estate,6756.36,135.12720000000002,Client_452,62,Unemployed,Frankfurt,True,0.3,0.2,300.0
CR_1036,683,50000.0,36,Default,Nothing,0.0,0.0,Client_683,60,Driver,Frankfurt,True,0.12,0.8,4800.0
CR_1037,256,25000.0,36,Closed,Nothing,0.0,0.0,Client_256,67,Driver,Hardt,True,0.12,0.8,2400.0
CR_1038,267,5000.0,60,Default,Car,2884.08,57.6816,Client_267,64,Police worker,Offenburg,True,0.04,0.4,80.0
CR_1039,297,5000.0,6,Active,Real Estate,0.0,0.0,Client_297,69,Student,Vs,True,0.25,0.2,250.0
CR_1040,494,10000.0,12,Closed,Real Estate,11524.08,115.2408,Client_494,20,IT Specialist,Sulgen,True,0.02,0.2,40.0
CR_1041,63,500.0,24,Default,Deposit,375.14,75.02799999999999,Client_63,25,Engineer,Munich,True,0.03,0.2,3.0
CR_1042,613,5000.0,12,Closed,Real Estate,3414.44,68.28880000000001,Client_613,47,Director,Tuttlingen,True,0.01,0.2,10.0
CR_1043,591,500.0,6,Active,Deposit,493.41,98.682,Client_591,35,IT Specialist,Berlin,True,0.02,0.2,2.0
CR_1044,620,1000.0,12,Closed,Car,1113.87,111.387,Client_620,21,Director,Rottweil,True,0.01,0.4,4.0
CR_1045,236,5000.0,12,Default,Car,0.0,0.0,Client_236,52,Seller,Hardt,True,0.06,0.4,120.0
CR_1046,721,500.0,6,Default,Deposit,611.12,122.224,Client_721,17,Student,Sulgen,False,0.3,0.2,30.0
CR_1047,580,5000.0,36,Active,Deposit,3011.28,60.2256,Client_580,30,Driver,Baden-Baden,True,0.12,0.2,120.0
CR_1048,588,10000.0,12,Closed,Deposit,11508.93,115.0893,Client_588,41,Director,Hamburg,True,0.01,0.2,20.0
CR_1049,654,10000.0,6,Closed,Nothing,0.0,0.0,Client_654,70,Director,Berlin,True,0.01,0.8,80.0
CR_1050,943,1000.0,6,Closed,Deposit,523.88,52.388,Client_943,69,Unemployed,Hamburg,True,0.3,0.2,60.0
CR_1051,791,1000.0,12,Closed,Real Estate,557.16,55.716,Client_791,40,Driver,Munich,True,0.12,0.2,24.0
CR_1052,516,50000.0,24,Closed,Nothing,0.0,0.0,Client_516,68,Pensioner,Berlin,True,0.08,0.8,3200.0
CR_1053,631,10000.0,6,Default,Car,11548.06,115.4806,Client_631,41,Director,Dunningen,True,0.01,0.4,40.0
CR_1054,372,5000.0,24,Active,Car,4609.36,92.1872,Client_372,17,Seller,Baden-Baden,False,0.072,0.4,144.0
CR_1055,844,500.0,6,Active,Car,453.96,90.792,Client_844,19,Unemployed,Offenburg,True,0.3,0.4,60.0
CR_1056,940,1000.0,6,Active,Real Estate,1428.71,142.871,Client_940,42,Director,Munich,True,0.01,0.2,2.0
CR_1057,364,25000.0,60,Active,Nothing,0.0,0.0,Client_364,58,Brewer,Hardt,True,0.04,0.8,800.0
CR_1058,942,25000.0,60,Closed,Car,13870.49,55.48196,Client_942,34,Director,Frankfurt,True,0.01,0.4,100.0
CR_1059,670,10000.0,60,Closed,Deposit,10628.12,106.2812,Client_670,34,Seller,Frankfurt,True,0.06,0.2,120.0
CR_1060,276,50000.0,6,Closed,Nothing,0.0,0.0,Client_276,43,Unemployed,Frankfurt,True,0.3,0.8,12000.0
CR_1061,830,25000.0,24,Closed,Car,14037.2,56.1488,Client_830,67,Director,Dunningen,True,0.01,0.4,100.0
CR_1062,943,1000.0,36,Active,Deposit,1438.69,143.869,Client_943,69,Unemployed,Hamburg,True,0.3,0.2,60.0
CR_1063,485,500.0,12,Closed,Nothing,0.0,0.0,Client_485,64,Unemployed,Tuttlingen,True,0.3,0.8,120.0
CR_1064,504,5000.0,6,Default,Car,0.0,0.0,Client_504,65,Engineer,Schramberg,True,0.03,0.4,60.0
CR_1065,677,5000.0,12,Default,Car,2826.35,56.527,Client_677,30,Director,Rottweil,True,0.01,0.4,20.0
CR_1066,153,50000.0,24,Active,Real Estate,32848.64,65.69728,Client_153,45,IT Specialist,Frankfurt,True,0.02,0.2,200.0
CR_1067,134,50000.0,24,Default,Real Estate,47456.63,94.91326,Client_134,16,Director,Tuttlingen,False,0.012,0.2,120.00000000000001
CR_1068,583,25000.0,60,Default,Deposit,36500.05,146.0002,Client_583,63,IT Specialist,Offenburg,True,0.02,0.2,100.0
CR_1069,906,10000.0,6,Active,Nothing,0.0,0.0,Client_906,45,Unemployed,Hardt,True,0.3,0.8,2400.0
CR_1070,763,25000.0,60,Closed,Car,17841.95,71.3678,Client_763,72,Pensioner,Stuttgart,True,0.08,0.4,800.0
CR_1071,797,25000.0,36,Active,Car,22330.1,89.32039999999999,Client_797,69,Security,Baden-Baden,True,0.09,0.4,899.9999999999999
CR_1072,743,10000.0,60,Default,Deposit,11864.08,118.64079999999998,Client_743,36,Seller,Frankfurt,True,0.06,0.2,120.0
CR_1073,238,5000.0,12,Closed,Car,0.0,0.0,Client_238,36,Unemployed,Schramberg,True,0.3,0.4,600.0
CR_1074,387,1000.0,36,Closed,Real Estate,695.7,69.57000000000001,Client_387,61,Police worker,Frankfurt,True,0.04,0.2,8.0
CR_1075,280,500.0,24,Closed,Deposit,367.38,73.476,Client_280,44,Unemployed,Frankfurt,True,0.3,0.2,30.0
CR_1076,99,10000.0,24,Default,Nothing,0.0,0.0,Client_99,64,Brewer,Baden-Baden,True,0.04,0.8,320.0
CR_1077,796,10000.0,60,Closed,Real Estate,10472.5,104.725,Client_796,20,Engineer,Vs,True,0.03,0.2,60.0
CR_1078,304,50000.0,12,Closed,Nothing,0.0,0.0,Client_304,24,Driver,Schramberg,True,0.12,0.8,4800.0
CR_1079,922,5000.0,6,Closed,Nothing,0.0,0.0,Client_922,22,Manager,Dunningen,True,0.05,0.8,200.00000000000003
CR_1080,516,1000.0,60,Closed,Real Estate,1443.07,144.307,Client_516,68,Pensioner,Berlin,True,0.08,0.2,16.0
CR_1081,735,10000.0,12,Default,Car,11973.28,119.7328,Client_735,45,Engineer,Schramberg,True,0.03,0.4,120.0
CR_1082,56,5000.0,36,Closed,Nothing,0.0,0.0,Client_56,54,Director,Frankfurt,True,0.01,0.8,40.0
CR_1083,69,10000.0,12,Default,Real Estate,14352.42,143.52419999999998,Client_69,66,Engineer,Vs,True,0.03,0.2,60.0
CR_1084,934,10000.0,12,Closed,Deposit,6023.44,60.2344,Client_934,50,Director,Munich,True,0.01,0.2,20.0
CR_1085,77,5000.0,6,Default,Car,0.0,0.0,Client_77,51,Police worker,Sulgen,True,0.04,0.4,80.0
CR_1086,276,500.0,12,Active,Deposit,367.17,73.434,Client_276,43,Unemployed,Frankfurt,True,0.3,0.2,30.0
CR_1087,190,10000.0,12,Active,Nothing,0.0,0.0,Client_190,57,Director,Schramberg,True,0.01,0.8,80.0
CR_1088,989,25000.0,6,Active,Deposit,35242.69,140.97076,Client_989,53,Driver,Baden-Baden,True,0.12,0.2,600.0
CR_1089,19,5000.0,12,Active,Deposit,6534.92,130.6984,Client_19,57,Police worker,Dunningen,True,0.04,0.2,40.0
CR_1090,295,1000.0,24,Default,Real Estate,1374.21,137.421,Client_295,35,Brewer,Dunningen,True,0.04,0.2,8.0
CR_1091,799,10000.0,6,Active,Real Estate,14492.36,144.9236,Client_799,19,Manager,Sulgen,True,0.05,0.2,100.00000000000001
CR_1092,733,10000.0,24,Default,Deposit,5788.52,57.885200000000005,Client_733,49,Unemployed,Rottweil,True,0.3,0.2,600.0
CR_1093,725,500.0,36,Closed,Real Estate,597.18,119.436,Client_725,40,Unemployed,Dunningen,True,0.3,0.2,30.0
CR_1094,423,25000.0,6,Default,Real Estate,23269.64,93.07856,Client_423,18,Manager,Frankfurt,True,0.05,0.2,250.00000000000006
CR_1095,687,5000.0,12,Closed,Nothing,0.0,0.0,Client_687,49,Pensioner,Stuttgart,True,0.08,0.8,320.0
CR_1096,610,1000.0,12,Active,Nothing,0.0,0.0,Client_610,67,Security,Frankfurt,True,0.09,0.8,72.0
CR_1097,565,5000.0,36,Active,Deposit,0.0,0.0,Client_565,29,Manager,Dunningen,True,0.05,0.2,50.00000000000001
CR_1098,79,500.0,24,Default,Real Estate,424.38,84.87599999999999,Client_79,63,Engineer,Schramberg,True,0.03,0.2,3.0
CR_1099,732,5000.0,6,Active,Real Estate,3431.68,68.6336,Client_732,40,IT Specialist,Dunningen,True,0.02,0.2,20.0
CR_1100,821,5000.0,36,Closed,Nothing,0.0,0.0,Client_821,34,Police worker,Berlin,True,0.04,0.8,160.0
CR_1101,670,5000.0,6,Active,Car,5621.29,112.4258,Client_670,34,Seller,Frankfurt,True,0.06,0.4,120.0
CR_1102,139,5000.0,60,Closed,Car,5786.2,115.724,Client_139,34,IT Specialist,Hardt,True,0.02,0.4,40.0
CR_1103,345,25000.0,6,Closed,Nothing,0.0,0.0,Client_345,71,Pensioner,Dunningen,True,0.08,0.8,1600.0
CR_1104,637,25000.0,12,Closed,Deposit,32125.3,128.5012,Client_637,72,Police worker,Rottweil,True,0.04,0.2,200.0
CR_1105,811,500.0,12,Default,Nothing,0.0,0.0,Client_811,45,Security,Offenburg,True,0.09,0.8,36.0
CR_1106,909,5000.0,12,Closed,Deposit,6896.2,137.924,Client_909,67,Teacher,Hamburg,True,0.02,0.2,20.0
CR_1107,124,1000.0,6,Closed,Nothing,0.0,0.0,Client_124,48,Sportsman,Baden-Baden,True,0.08,0.8,64.0
CR_1108,537,1000.0,36,Closed,Car,1329.64,132.96400000000003,Client_537,44,Seller,Munich,True,0.06,0.4,24.0
CR_1109,298,25000.0,36,Closed,Deposit,22622.4,90.4896,Client_298,46,Brewer,Schramberg,True,0.04,0.2,200.0
CR_1110,858,5000.0,6,Active,Real Estate,3850.74,77.0148,Client_858,48,Unemployed,Schramberg,True,0.3,0.2,300.0
CR_1111,2,500.0,12,Closed,Car,483.74,96.748,Client_2,68,IT Specialist,Munich,True,0.02,0.4,4.0
CR_1112,38,25000.0,6,Closed,Car,21451.46,85.80584,Client_38,71,Security,Bratslaw,True,0.09,0.4,899.9999999999999
CR_1113,511,10000.0,36,Closed,Real Estate,10046.88,100.4688,Client_511,46,Director,Munich,True,0.01,0.2,20.0
CR_1114,229,5000.0,12,Default,Car,3647.8,72.956,Client_229,18,Director,Stuttgart,True,0.01,0.4,20.0
CR_1115,478,1000.0,24,Active,Deposit,661.16,66.116,Client_478,59,Pensioner,Offenburg,True,0.08,0.2,16.0
CR_1116,351,50000.0,24,Active,Deposit,72247.63,144.49526,Client_351,46,Manager,Hamburg,True,0.05,0.2,500.0000000000001
CR_1117,28,5000.0,60,Default,Car,7263.18,145.2636,Client_28,59,Brewer,Rottweil,True,0.04,0.4,80.0
CR_1118,783,500.0,6,Default,Real Estate,369.51,73.902,Client_783,29,Director,Bratslaw,True,0.01,0.2,1.0
CR_1119,756,5000.0,60,Closed,Nothing,0.0,0.0,Client_756,67,Brewer,Offenburg,True,0.04,0.8,160.0
CR_1120,435,500.0,6,Closed,Nothing,0.0,0.0,Client_435,61,Police worker,Sulgen,True,0.04,0.8,16.0
CR_1121,504,1000.0,24,Active,Deposit,1259.75,125.975,Client_504,65,Engineer,Schramberg,True,0.03,0.2,6.0
CR_1122,382,50000.0,6,Closed,Real Estate,57429.79,114.85958,Client_382,71,Seller,Hamburg,True,0.06,0.2,600.0
CR_1123,883,5000.0,60,Active,Deposit,0.0,0.0,Client_883,69,Sportsman,Stuttgart,True,0.08,0.2,80.0
CR_1124,957,25000.0,12,Active,Nothing,0.0,0.0,Client_957,17,Brewer,Frankfurt,False,0.048,0.8,960.0000000000001
CR_1125,183,25000.0,60,Closed,Nothing,0.0,0.0,Client_183,16,Engineer,Frankfurt,False,0.036,0.8,720.0
CR_1126,336,5000.0,24,Default,Deposit,6982.64,139.6528,Client_336,63,Brewer,Vs,True,0.04,0.2,40.0
CR_1127,936,5000.0,6,Closed,Real Estate,5126.34,102.5268,Client_936,52,Director,Hamburg,True,0.01,0.2,10.0
CR_1128,982,5000.0,36,Closed,Car,0.0,0.0,Client_982,27,Pensioner,Tuttlingen,True,0.08,0.4,160.0
CR_1129,264,25000.0,6,Default,Real Estate,13887.62,55.55048,Client_264,70,Manager,Baden-Baden,True,0.05,0.2,250.00000000000006
CR_1130,858,5000.0,24,Closed,Real Estate,3137.77,62.7554,Client_858,48,Unemployed,Schramberg,True,0.3,0.2,300.0
CR_1131,123,1000.0,24,Default,Deposit,660.29,66.029,Client_123,19,IT Specialist,Tuttlingen,True,0.02,0.2,4.0
CR_1132,626,500.0,24,Closed,Nothing,0.0,0.0,Client_626,53,Unemployed,Hamburg,True,0.3,0.8,120.0
CR_1133,421,50000.0,24,Active,Deposit,36237.0,72.474,Client_421,28,Police worker,Hamburg,True,0.04,0.2,400.0
CR_1134,430,5000.0,36,Closed,Car,0.0,0.0,Client_430,70,Security,Rottweil,True,0.09,0.4,180.0
CR_1135,445,5000.0,6,Default,Deposit,2686.57,53.73140000000001,Client_445,40,Director,Stuttgart,True,0.01,0.2,10.0
CR_1136,790,50000.0,60,Active,Car,52117.91,104.23582,Client_790,59,Unemployed,Frankfurt,True,0.3,0.4,6000.0
CR_1137,849,5000.0,24,Closed,Real Estate,0.0,0.0,Client_849,44,Brewer,Rottweil,True,0.04,0.2,40.0
CR_1138,898,10000.0,6,Closed,Nothing,0.0,0.0,Client_898,69,Engineer,Rottweil,True,0.03,0.8,240.0
CR_1139,524,5000.0,24,Default,Real Estate,0.0,0.0,Client_524,48,Teacher,Vs,True,0.02,0.2,20.0
CR_1140,328,50000.0,24,Closed,Nothing,0.0,0.0,Client_328,22,Teacher,Baden-Baden,True,0.02,0.8,800.0
CR_1141,987,500.0,24,Default,Nothing,0.0,0.0,Client_987,72,Engineer,Munich,True,0.03,0.8,12.0
CR_1142,199,10000.0,60,Default,Nothing,0.0,0.0,Client_199,60,Brewer,Stuttgart,True,0.04,0.8,320.0
CR_1143,259,1000.0,60,Default,Nothing,0.0,0.0,Client_259,18,IT Specialist,Hardt,True,0.02,0.8,16.0
CR_1144,478,500.0,36,Default,Car,586.81,117.362,Client_478,59,Pensioner,Offenburg,True,0.08,0.4,16.0
CR_1145,29,10000.0,36,Active,Car,6096.35,60.9635,Client_29,32,IT Specialist,Offenburg,True,0.02,0.4,80.0
CR_1146,60,10000.0,36,Active,Real Estate,14196.58,141.9658,Client_60,69,Director,Tuttlingen,True,0.01,0.2,20.0
CR_1147,295,50000.0,6,Active,Nothing,0.0,0.0,Client_295,35,Brewer,Dunningen,True,0.04,0.8,1600.0
CR_1148,839,1000.0,6,Closed,Car,1260.55,126.055,Client_839,42,Student,Tuttlingen,True,0.25,0.4,100.0
CR_1149,792,1000.0,6,Closed,Real Estate,1129.68,112.968,Client_792,65,Police worker,Hamburg,True,0.04,0.2,8.0
CR_1150,260,500.0,36,Default,Deposit,636.88,127.376,Client_260,62,Engineer,Bratslaw,True,0.03,0.2,3.0
CR_1151,73,1000.0,60,Closed,Nothing,0.0,0.0,Client_73,36,Brewer,Baden-Baden,True,0.04,0.8,32.0
CR_1152,371,500.0,60,Default,Car,683.99,136.798,Client_371,61,Police worker,Frankfurt,True,0.04,0.4,8.0
CR_1153,159,1000.0,60,Closed,Car,860.45,86.045,Client_159,18,Driver,Berlin,True,0.12,0.4,48.0
CR_1154,46,1000.0,60,Closed,Car,1319.13,131.913,Client_46,30,Teacher,Dunningen,True,0.02,0.4,8.0
CR_1155,920,50000.0,60,Default,Nothing,0.0,0.0,Client_920,57,Unemployed,Bratslaw,True,0.3,0.8,12000.0
CR_1156,254,50000.0,12,Default,Real Estate,25452.15,50.9043,Client_254,58,Manager,Sulgen,True,0.05,0.2,500.0000000000001
CR_1157,268,1000.0,36,Default,Car,847.88,84.788,Client_268,24,Police worker,Hardt,True,0.04,0.4,16.0
CR_1158,672,50000.0,6,Closed,Deposit,54446.19,108.89238000000002,Client_672,21,Police worker,Sulgen,True,0.04,0.2,400.0
CR_1159,86,50000.0,12,Closed,Real Estate,55148.3,110.2966,Client_86,28,Manager,Dunningen,True,0.05,0.2,500.0000000000001
CR_1160,825,500.0,24,Active,Nothing,0.0,0.0,Client_825,52,Pensioner,Frankfurt,True,0.08,0.8,32.0
CR_1161,314,5000.0,60,Closed,Deposit,0.0,0.0,Client_314,47,Unemployed,Sulgen,True,0.3,0.2,300.0
CR_1162,18,1000.0,36,Active,Nothing,0.0,0.0,Client_18,68,Teacher,Stuttgart,True,0.02,0.8,16.0
CR_1163,913,25000.0,36,Closed,Nothing,0.0,0.0,Client_913,37,Sportsman,Hamburg,True,0.08,0.8,1600.0
CR_1164,649,10000.0,6,Closed,Nothing,0.0,0.0,Client_649,39,Director,Sulgen,True,0.01,0.8,80.0
CR_1165,977,50000.0,60,Default,Deposit,71353.07,142.70614,Client_977,65,IT Specialist,Sulgen,True,0.02,0.2,200.0
CR_1166,86,25000.0,36,Active,Car,32908.75,131.635,Client_86,28,Manager,Dunningen,True,0.05,0.4,500.0000000000001
CR_1167,75,50000.0,12,Default,Nothing,0.0,0.0,Client_75,49,Engineer,Offenburg,True,0.03,0.8,1200.0
CR_1168,14,500.0,60,Default,Nothing,0.0,0.0,Client_14,70,Pensioner,Hardt,True,0.08,0.8,32.0
CR_1169,525,50000.0,12,Active,Nothing,0.0,0.0,Client_525,40,Sportsman,Frankfurt,True,0.08,0.8,3200.0
CR_1170,375,5000.0,6,Closed,Car,0.0,0.0,Client_375,47,IT Specialist,Offenburg,True,0.02,0.4,40.0
CR_1171,113,25000.0,60,Default,Nothing,0.0,0.0,Client_113,20,Director,Sulgen,True,0.01,0.8,200.0
CR_1172,818,10000.0,24,Active,Real Estate,5988.44,59.88439999999999,Client_818,69,Student,Hardt,True,0.25,0.2,500.0
CR_1173,786,10000.0,36,Default,Nothing,0.0,0.0,Client_786,75,Police worker,Baden-Baden,True,0.04,0.8,320.0
CR_1174,412,5000.0,60,Active,Deposit,6282.62,125.6524,Client_412,54,Security,Vs,True,0.09,0.2,90.0
CR_1175,255,25000.0,60,Default,Real Estate,24610.92,98.44368,Client_255,29,Student,Rottweil,True,0.25,0.2,1250.0
CR_1176,319,1000.0,12,Closed,Real Estate,610.94,61.094,Client_319,71,IT Specialist,Schramberg,True,0.02,0.2,4.0
CR_1177,571,5000.0,12,Closed,Real Estate,0.0,0.0,Client_571,70,Driver,Munich,True,0.12,0.2,120.0
CR_1178,783,25000.0,12,Closed,Deposit,30111.49,120.44596,Client_783,29,Director,Bratslaw,True,0.01,0.2,50.0
CR_1179,299,1000.0,24,Default,Car,805.22,80.522,Client_299,34,Police worker,Sulgen,True,0.04,0.4,16.0
CR_1180,846,1000.0,36,Closed,Real Estate,855.95,85.59500000000001,Client_846,74,Sportsman,Sulgen,True,0.08,0.2,16.0
CR_1181,335,10000.0,6,Default,Real Estate,8095.25,80.9525,Client_335,22,Engineer,Munich,True,0.03,0.2,60.0
CR_1182,690,500.0,60,Closed,Real Estate,734.26,146.852,Client_690,58,Manager,Dunningen,True,0.05,0.2,5.000000000000001
CR_1183,159,50000.0,6,Closed,Deposit,33531.81,67.06361999999999,Client_159,18,Driver,Berlin,True,0.12,0.2,1200.0
CR_1184,500,1000.0,36,Default,Deposit,1259.4,125.94,Client_500,69,Pensioner,Stuttgart,True,0.08,0.2,16.0
CR_1185,37,50000.0,60,Closed,Nothing,0.0,0.0,Client_37,25,Manager,Hamburg,True,0.05,0.8,2000.0000000000005
CR_1186,60,50000.0,36,Closed,Deposit,51470.4,102.9408,Client_60,69,Director,Tuttlingen,True,0.01,0.2,100.0
CR_1187,798,25000.0,24,Default,Car,12838.46,51.35384,Client_798,27,Director,Rottweil,True,0.01,0.4,100.0
CR_1188,462,50000.0,24,Closed,Deposit,37539.48,75.07896000000001,Client_462,73,Engineer,Frankfurt,True,0.03,0.2,300.0
CR_1189,649,5000.0,12,Active,Real Estate,0.0,0.0,Client_649,39,Director,Sulgen,True,0.01,0.2,10.0
CR_1190,529,5000.0,24,Default,Car,2593.35,51.867,Client_529,45,IT Specialist,Hamburg,True,0.02,0.4,40.0
CR_1191,898,500.0,24,Active,Real Estate,364.04,72.808,Client_898,69,Engineer,Rottweil,True,0.03,0.2,3.0
CR_1192,840,1000.0,60,Active,Deposit,673.16,67.316,Client_840,71,Engineer,Rottweil,True,0.03,0.2,6.0
CR_1193,244,1000.0,24,Active,Real Estate,839.93,83.993,Client_244,19,Driver,Frankfurt,True,0.12,0.2,24.0
CR_1194,303,500.0,36,Active,Car,528.72,105.744,Client_303,40,Unemployed,Sulgen,True,0.3,0.4,60.0
CR_1195,247,1000.0,36,Default,Nothing,0.0,0.0,Client_247,68,Security,Sulgen,True,0.09,0.8,72.0
CR_1196,457,50000.0,12,Default,Real Estate,39620.11,79.24022000000001,Client_457,37,Brewer,Frankfurt,True,0.04,0.2,400.0
CR_1197,738,25000.0,60,Active,Nothing,0.0,0.0,Client_738,74,Student,Baden-Baden,True,0.25,0.8,5000.0
CR_1198,339,500.0,12,Active,Nothing,0.0,0.0,Client_339,66,Teacher,Frankfurt,True,0.02,0.8,8.0
CR_1199,787,5000.0,60,Default,Deposit,0.0,0.0,Client_787,35,Seller,Hardt,True,0.06,0.2,60.0
CR_1200,472,1000.0,6,Default,Nothing,0.0,0.0,Client_472,24,Pensioner,Bratslaw,True,0.08,0.8,64.0
CR_1201,345,5000.0,24,Active,Nothing,0.0,0.0,Client_345,71,Pensioner,Dunningen,True,0.08,0.8,320.0
CR_1202,635,1000.0,60,Default,Car,1244.13,124.413,Client_635,71,Sportsman,Berlin,True,0.08,0.4,32.0
CR_1203,125,500.0,60,Closed,Deposit,458.42,91.684,Client_125,24,Brewer,Hardt,True,0.04,0.2,4.0
CR_1204,826,5000.0,6,Closed,Car,4345.58,86.91159999999999,Client_826,50,IT Specialist,Baden-Baden,True,0.02,0.4,40.0
CR_1205,21,5000.0,60,Closed,Deposit,6694.48,133.88959999999997,Client_21,65,Driver,Tuttlingen,True,0.12,0.2,120.0
CR_1206,296,5000.0,12,Active,Car,0.0,0.0,Client_296,32,Seller,Munich,True,0.06,0.4,120.0
CR_1207,352,5000.0,12,Active,Car,4488.29,89.7658,Client_352,58,Security,Tuttlingen,True,0.09,0.4,180.0
CR_1208,612,5000.0,36,Closed,Real Estate,0.0,0.0,Client_612,25,Teacher,Dunningen,True,0.02,0.2,20.0
CR_1209,426,25000.0,36,Closed,Real Estate,36490.3,145.96120000000002,Client_426,52,Seller,Berlin,True,0.06,0.2,300.0
CR_1210,213,25000.0,24,Active,Nothing,0.0,0.0,Client_213,58,Brewer,Dunningen,True,0.04,0.8,800.0
CR_1211,690,25000.0,36,Default,Car,16043.07,64.17228,Client_690,58,Manager,Dunningen,True,0.05,0.4,500.0000000000001
CR_1212,86,10000.0,24,Closed,Car,14871.56,148.7156,Client_86,28,Manager,Dunningen,True,0.05,0.4,200.00000000000003
CR_1213,100,25000.0,12,Closed,Car,30973.58,123.89432,Client_100,51,Manager,Schramberg,True,0.05,0.4,500.0000000000001
CR_1214,814,50000.0,36,Closed,Real Estate,67593.43,135.18685999999997,Client_814,36,IT Specialist,Rottweil,True,0.02,0.2,200.0
CR_1215,16,10000.0,24,Active,Real Estate,5076.38,50.7638,Client_16,64,Pensioner,Hardt,True,0.08,0.2,160.0
CR_1216,922,5000.0,24,Default,Deposit,0.0,0.0,Client_922,22,Manager,Dunningen,True,0.05,0.2,50.00000000000001
CR_1217,418,1000.0,12,Default,Deposit,1299.02,129.90200000000002,Client_418,26,Police worker,Hardt,True,0.04,0.2,8.0
CR_1218,860,10000.0,6,Closed,Nothing,0.0,0.0,Client_860,70,Police worker,Frankfurt,True,0.04,0.8,320.0
CR_1219,40,1000.0,60,Active,Car,1026.27,102.627,Client_40,58,Driver,Bratslaw,True,0.12,0.4,48.0
CR_1220,98,5000.0,6,Default,Deposit,3682.01,73.6402,Client_98,27,Sportsman,Hamburg,True,0.08,0.2,80.0
CR_1221,321,1000.0,36,Default,Nothing,0.0,0.0,Client_321,51,Director,Stuttgart,True,0.01,0.8,8.0
CR_1222,413,5000.0,6,Active,Real Estate,0.0,0.0,Client_413,38,Pensioner,Offenburg,True,0.08,0.2,80.0
CR_1223,830,5000.0,24,Active,Nothing,0.0,0.0,Client_830,67,Director,Dunningen,True,0.01,0.8,40.0
CR_1224,1000,1000.0,12,Active,Nothing,0.0,0.0,Client_1000,66,Director,Vs,True,0.01,0.8,8.0
CR_1225,349,50000.0,12,Active,Deposit,33558.01,67.11602,Client_349,40,Brewer,Stuttgart,True,0.04,0.2,400.0
CR_1226,155,500.0,60,Closed,Real Estate,527.26,105.45199999999998,Client_155,51,Manager,Baden-Baden,True,0.05,0.2,5.000000000000001
CR_1227,409,5000.0,12,Active,Car,6773.11,135.4622,Client_409,18,Brewer,Hamburg,True,0.04,0.4,80.0
CR_1228,14,50000.0,60,Closed,Real Estate,43611.2,87.2224,Client_14,70,Pensioner,Hardt,True,0.08,0.2,800.0
CR_1229,303,10000.0,24,Default,Real Estate,6314.29,63.1429,Client_303,40,Unemployed,Sulgen,True,0.3,0.2,600.0
CR_1230,588,1000.0,36,Active,Nothing,0.0,0.0,Client_588,41,Director,Hamburg,True,0.01,0.8,8.0
CR_1231,641,5000.0,6,Default,Real Estate,0.0,0.0,Client_641,73,Sportsman,Bratslaw,True,0.08,0.2,80.0
CR_1232,525,10000.0,24,Default,Car,6582.13,65.82130000000001,Client_525,40,Sportsman,Frankfurt,True,0.08,0.4,320.0
CR_1233,451,25000.0,36,Active,Real Estate,25205.29,100.82116,Client_451,33,Brewer,Tuttlingen,True,0.04,0.2,200.0
CR_1234,387,1000.0,24,Default,Nothing,0.0,0.0,Client_387,61,Police worker,Frankfurt,True,0.04,0.8,32.0
CR_1235,972,25000.0,6,Default,Real Estate,16628.86,66.51544,Client_972,62,Manager,Frankfurt,True,0.05,0.2,250.00000000000006
CR_1236,583,50000.0,36,Closed,Real Estate,41296.79,82.59358,Client_583,63,IT Specialist,Offenburg,True,0.02,0.2,200.0
CR_1237,290,5000.0,60,Closed,Car,6678.76,133.5752,Client_290,72,Sportsman,Offenburg,True,0.08,0.4,160.0
CR_1238,633,50000.0,6,Default,Real Estate,32808.59,65.61717999999999,Client_633,44,Driver,Bratslaw,True,0.12,0.2,1200.0
CR_1239,142,5000.0,12,Default,Real Estate,0.0,0.0,Client_142,46,Teacher,Dunningen,True,0.02,0.2,20.0
CR_1240,505,1000.0,60,Default,Deposit,1096.56,109.656,Client_505,38,Security,Dunningen,True,0.09,0.2,18.0
CR_1241,718,5000.0,60,Closed,Nothing,0.0,0.0,Client_718,57,Driver,Frankfurt,True,0.12,0.8,480.0
CR_1242,931,10000.0,6,Default,Deposit,13597.45,135.9745,Client_931,71,Sportsman,Sulgen,True,0.08,0.2,160.0
CR_1243,489,1000.0,12,Active,Real Estate,695.44,69.54400000000001,Client_489,22,Driver,Schramberg,True,0.12,0.2,24.0
CR_1244,30,50000.0,12,Closed,Real Estate,45913.94,91.82788,Client_30,50,Unemployed,Tuttlingen,True,0.3,0.2,3000.0
CR_1245,98,5000.0,36,Default,Real Estate,6092.34,121.84680000000002,Client_98,27,Sportsman,Hamburg,True,0.08,0.2,80.0
CR_1246,97,1000.0,12,Closed,Real Estate,1058.81,105.881,Client_97,63,Sportsman,Frankfurt,True,0.08,0.2,16.0
CR_1247,108,1000.0,12,Closed,Nothing,0.0,0.0,Client_108,16,Seller,Bratslaw,False,0.072,0.8,57.6
CR_1248,113,50000.0,6,Default,Deposit,72808.52,145.61704,Client_113,20,Director,Sulgen,True,0.01,0.2,100.0
CR_1249,29,500.0,36,Default,Real Estate,446.77,89.354,Client_29,32,IT Specialist,Offenburg,True,0.02,0.2,2.0
CR_1250,937,50000.0,36,Default,Nothing,0.0,0.0,Client_937,41,Security,Frankfurt,True,0.09,0.8,3599.9999999999995
CR_1251,352,50000.0,60,Active,Car,59863.67,119.72734,Client_352,58,Security,Tuttlingen,True,0.09,0.4,1799.9999999999998
CR_1252,94,500.0,60,Active,Nothing,0.0,0.0,Client_94,34,IT Specialist,Rottweil,True,0.02,0.8,8.0
CR_1253,366,1000.0,60,Active,Nothing,0.0,0.0,Client_366,48,Brewer,Schramberg,True,0.04,0.8,32.0
CR_1254,300,5000.0,60,Active,Real Estate,0.0,0.0,Client_300,37,Brewer,Baden-Baden,True,0.04,0.2,40.0
CR_1255,839,1000.0,24,Default,Nothing,0.0,0.0,Client_839,42,Student,Tuttlingen,True,0.25,0.8,200.0
CR_1256,324,5000.0,36,Active,Deposit,0.0,0.0,Client_324,51,Driver,Vs,True,0.12,0.2,120.0
CR_1257,572,500.0,36,Default,Car,392.71,78.542,Client_572,49,Sportsman,Hardt,True,0.08,0.4,16.0
CR_1258,476,1000.0,6,Default,Real Estate,1017.01,101.701,Client_476,47,IT Specialist,Berlin,True,0.02,0.2,4.0
CR_1259,537,500.0,12,Default,Deposit,355.97,71.194,Client_537,44,Seller,Munich,True,0.06,0.2,6.0
CR_1260,632,5000.0,24,Default,Deposit,0.0,0.0,Client_632,54,Seller,Munich,True,0.06,0.2,60.0
CR_1261,275,10000.0,24,Active,Nothing,0.0,0.0,Client_275,69,Pensioner,Dunningen,True,0.08,0.8,640.0
CR_1262,84,5000.0,36,Active,Nothing,0.0,0.0,Client_84,59,Sportsman,Dunningen,True,0.08,0.8,320.0
CR_1263,28,5000.0,24,Closed,Deposit,0.0,0.0,Client_28,59,Brewer,Rottweil,True,0.04,0.2,40.0
CR_1264,251,25000.0,12,Closed,Real Estate,15807.15,63.2286,Client_251,54,Student,Stuttgart,True,0.25,0.2,1250.0
CR_1265,530,10000.0,36,Closed,Real Estate,12275.62,122.7562,Client_530,52,Police worker,Dunningen,True,0.04,0.2,80.0
CR_1266,257,5000.0,24,Default,Real Estate,3407.28,68.1456,Client_257,60,Unemployed,Baden-Baden,True,0.3,0.2,300.0
CR_1267,127,10000.0,36,Default,Nothing,0.0,0.0,Client_127,28,Teacher,Stuttgart,True,0.02,0.8,160.0
CR_1268,169,5000.0,60,Active,Car,0.0,0.0,Client_169,61,Manager,Munich,True,0.05,0.4,100.00000000000001
CR_1269,784,1000.0,12,Default,Real Estate,1447.82,144.78199999999998,Client_784,27,Unemployed,Hamburg,True,0.3,0.2,60.0
CR_1270,444,50000.0,60,Closed,Deposit,44963.66,89.92732000000001,Client_444,24,Seller,Rottweil,True,0.06,0.2,600.0
CR_1271,470,10000.0,12,Closed,Real Estate,10833.73,108.3373,Client_470,56,Driver,Dunningen,True,0.12,0.2,240.0
CR_1272,804,5000.0,24,Closed,Deposit,0.0,0.0,Client_804,37,Teacher,Dunningen,True,0.02,0.2,20.0
CR_1273,620,5000.0,36,Active,Car,0.0,0.0,Client_620,21,Director,Rottweil,True,0.01,0.4,20.0
CR_1274,264,1000.0,24,Closed,Real Estate,953.73,95.373,Client_264,70,Manager,Baden-Baden,True,0.05,0.2,10.000000000000002
CR_1275,66,50000.0,60,Closed,Real Estate,55014.53,110.02906,Client_66,30,Director,Dunningen,True,0.01,0.2,100.0
CR_1276,851,50000.0,12,Closed,Real Estate,45497.31,90.99462,Client_851,30,Security,Berlin,True,0.09,0.2,899.9999999999999
CR_1277,48,10000.0,12,Active,Car,14608.53,146.0853,Client_48,53,Driver,Berlin,True,0.12,0.4,480.0
CR_1278,287,5000.0,36,Closed,Nothing,0.0,0.0,Client_287,44,Teacher,Frankfurt,True,0.02,0.8,80.0
CR_1279,347,50000.0,24,Closed,Deposit,61126.67,122.25334,Client_347,69,Director,Baden-Baden,True,0.01,0.2,100.0
CR_1280,658,50000.0,12,Active,Real Estate,52408.54,104.81708,Client_658,46,Unemployed,Rottweil,True,0.3,0.2,3000.0
CR_1281,751,500.0,24,Default,Real Estate,253.83,50.766,Client_751,71,Driver,Dunningen,True,0.12,0.2,12.0
CR_1282,5,5000.0,24,Closed,Car,0.0,0.0,Client_5,18,Pensioner,Schramberg,True,0.08,0.4,160.0
CR_1283,397,5000.0,12,Active,Nothing,0.0,0.0,Client_397,57,Student,Tuttlingen,True,0.25,0.8,1000.0
CR_1284,322,10000.0,36,Default,Nothing,0.0,0.0,Client_322,63,Student,Bratslaw,True,0.25,0.8,2000.0
CR_1285,603,5000.0,24,Default,Deposit,2784.1,55.682,Client_603,39,Pensioner,Munich,True,0.08,0.2,80.0
CR_1286,506,25000.0,24,Active,Real Estate,24612.16,98.44864,Client_506,34,Manager,Offenburg,True,0.05,0.2,250.00000000000006
CR_1287,828,5000.0,6,Active,Real Estate,0.0,0.0,Client_828,53,Sportsman,Frankfurt,True,0.08,0.2,80.0
CR_1288,326,50000.0,6,Default,Nothing,0.0,0.0,Client_326,75,Security,Sulgen,True,0.09,0.8,3599.9999999999995
CR_1289,472,5000.0,24,Closed,Deposit,2978.19,59.5638,Client_472,24,Pensioner,Bratslaw,True,0.08,0.2,80.0
CR_1290,670,5000.0,12,Closed,Deposit,0.0,0.0,Client_670,34,Seller,Frankfurt,True,0.06,0.2,60.0
CR_1291,767,500.0,6,Default,Real Estate,655.87,131.17399999999998,Client_767,75,Seller,Tuttlingen,True,0.06,0.2,6.0
CR_1292,290,10000.0,6,Closed,Deposit,7257.56,72.57560000000001,Client_290,72,Sportsman,Offenburg,True,0.08,0.2,160.0
CR_1293,762,5000.0,6,Default,Car,6183.96,123.6792,Client_762,74,Sportsman,Sulgen,True,0.08,0.4,160.0
CR_1294,145,500.0,60,Closed,Deposit,440.56,88.112,Client_145,59,Sportsman,Schramberg,True,0.08,0.2,8.0
CR_1295,788,10000.0,12,Default,Car,10037.93,100.3793,Client_788,16,Seller,Frankfurt,False,0.072,0.4,288.0
CR_1296,252,500.0,12,Default,Car,477.81,95.562,Client_252,37,Sportsman,Schramberg,True,0.08,0.4,16.0
CR_1297,496,5000.0,24,Closed,Nothing,0.0,0.0,Client_496,27,Brewer,Tuttlingen,True,0.04,0.8,160.0
CR_1298,945,5000.0,36,Default,Deposit,0.0,0.0,Client_945,49,Student,Frankfurt,True,0.25,0.2,250.0
CR_1299,399,25000.0,36,Active,Car,19804.42,79.21767999999999,Client_399,57,Sportsman,Baden-Baden,True,0.08,0.4,800.0
CR_1300,972,10000.0,6,Closed,Real Estate,6535.33,65.3533,Client_972,62,Manager,Frankfurt,True,0.05,0.2,100.00000000000001
CR_1301,571,500.0,36,Default,Nothing,0.0,0.0,Client_571,70,Driver,Munich,True,0.12,0.8,48.0
CR_1302,195,10000.0,60,Closed,Real Estate,14984.62,149.8462,Client_195,65,Brewer,Baden-Baden,True,0.04,0.2,80.0
CR_1303,520,1000.0,24,Closed,Deposit,1010.19,101.01900000000002,Client_520,50,Police worker,Hamburg,True,0.04,0.2,8.0
CR_1304,344,10000.0,60,Active,Deposit,7750.24,77.5024,Client_344,53,Unemployed,Vs,True,0.3,0.2,600.0
CR_1305,632,5000.0,6,Closed,Real Estate,4963.4,99.268,Client_632,54,Seller,Munich,True,0.06,0.2,60.0
CR_1306,861,1000.0,36,Active,Nothing,0.0,0.0,Client_861,41,Seller,Bratslaw,True,0.06,0.8,48.0
CR_1307,399,5000.0,36,Default,Car,5200.49,104.0098,Client_399,57,Sportsman,Baden-Baden,True,0.08,0.4,160.0
CR_1308,832,1000.0,12,Closed,Deposit,1103.94,110.39400000000002,Client_832,27,IT Specialist,Rottweil,True,0.02,0.2,4.0
CR_1309,873,1000.0,6,Default,Deposit,1165.87,116.587,Client_873,57,Student,Dunningen,True,0.25,0.2,50.0
CR_1310,386,50000.0,60,Default,Car,48998.99,97.99798,Client_386,67,Pensioner,Offenburg,True,0.08,0.4,1600.0
CR_1311,134,25000.0,6,Closed,Real Estate,33156.74,132.62696,Client_134,16,Director,Tuttlingen,False,0.012,0.2,60.00000000000001
CR_1312,264,500.0,12,Default,Nothing,0.0,0.0,Client_264,70,Manager,Baden-Baden,True,0.05,0.8,20.000000000000004
CR_1313,91,1000.0,12,Active,Deposit,1323.88,132.388,Client_91,37,IT Specialist,Vs,True,0.02,0.2,4.0
CR_1314,783,5000.0,60,Active,Real Estate,0.0,0.0,Client_783,29,Director,Bratslaw,True,0.01,0.2,10.0
CR_1315,258,50000.0,12,Active,Nothing,0.0,0.0,Client_258,64,Sportsman,Stuttgart,True,0.08,0.8,3200.0
CR_1316,920,25000.0,12,Default,Car,22482.04,89.92816,Client_920,57,Unemployed,Bratslaw,True,0.3,0.4,3000.0
CR_1317,225,5000.0,6,Closed,Real Estate,4990.44,99.8088,Client_225,51,Unemployed,Munich,True,0.3,0.2,300.0
CR_1318,214,50000.0,24,Default,Car,28887.82,57.77564,Client_214,27,Seller,Sulgen,True,0.06,0.4,1200.0
CR_1319,81,500.0,60,Active,Deposit,331.8,66.36,Client_81,22,Driver,Hardt,True,0.12,0.2,12.0
CR_1320,347,10000.0,36,Closed,Deposit,9517.54,95.1754,Client_347,69,Director,Baden-Baden,True,0.01,0.2,20.0
CR_1321,62,5000.0,24,Active,Car,7370.23,147.4046,Client_62,64,Sportsman,Tuttlingen,True,0.08,0.4,160.0
CR_1322,724,5000.0,36,Active,Real Estate,3770.23,75.4046,Client_724,49,Student,Vs,True,0.25,0.2,250.0
CR_1323,497,25000.0,12,Active,Real Estate,30926.46,123.70584,Client_497,44,Student,Sulgen,True,0.25,0.2,1250.0
CR_1324,115,1000.0,24,Closed,Car,936.59,93.659,Client_115,49,Teacher,Offenburg,True,0.02,0.4,8.0
CR_1325,976,50000.0,6,Closed,Real Estate,57204.78,114.40956,Client_976,68,Teacher,Vs,True,0.02,0.2,200.0
CR_1326,700,10000.0,6,Default,Deposit,10113.67,101.1367,Client_700,38,Manager,Rottweil,True,0.05,0.2,100.00000000000001
CR_1327,531,500.0,24,Closed,Car,662.87,132.57399999999998,Client_531,41,Unemployed,Frankfurt,True,0.3,0.4,60.0
CR_1328,147,50000.0,6,Default,Car,43267.71,86.53542,Client_147,42,Manager,Munich,True,0.05,0.4,1000.0000000000002
CR_1329,896,5000.0,36,Closed,Car,4954.46,99.0892,Client_896,18,IT Specialist,Bratslaw,True,0.02,0.4,40.0
CR_1330,565,50000.0,12,Closed,Real Estate,61387.44,122.77488,Client_565,29,Manager,Dunningen,True,0.05,0.2,500.0000000000001
CR_1331,894,25000.0,12,Default,Car,28560.16,114.24064,Client_894,50,Director,Munich,True,0.01,0.4,100.0
CR_1332,151,500.0,12,Closed,Nothing,0.0,0.0,Client_151,64,Driver,Sulgen,True,0.12,0.8,48.0
CR_1333,720,5000.0,24,Active,Real Estate,0.0,0.0,Client_720,43,Unemployed,Rottweil,True,0.3,0.2,300.0
CR_1334,908,10000.0,24,Default,Car,11577.35,115.7735,Client_908,63,Seller,Baden-Baden,True,0.06,0.4,240.0
CR_1335,825,25000.0,36,Closed,Nothing,0.0,0.0,Client_825,52,Pensioner,Frankfurt,True,0.08,0.8,1600.0
CR_1336,317,10000.0,60,Default,Car,12739.06,127.3906,Client_317,74,Security,Hardt,True,0.09,0.4,360.0
CR_1337,928,5000.0,60,Default,Deposit,0.0,0.0,Client_928,40,Student,Baden-Baden,True,0.25,0.2,250.0
CR_1338,875,500.0,6,Active,Car,376.07,75.214,Client_875,58,IT Specialist,Sulgen,True,0.02,0.4,4.0
CR_1339,161,500.0,36,Default,Car,348.5,69.69999999999999,Client_161,16,Sportsman,Berlin,False,0.096,0.4,19.200000000000003
CR_1340,158,5000.0,60,Closed,Nothing,0.0,0.0,Client_158,53,Student,Frankfurt,True,0.25,0.8,1000.0
CR_1341,560,10000.0,36,Closed,Real Estate,11283.58,112.8358,Client_560,27,Manager,Offenburg,True,0.05,0.2,100.00000000000001
CR_1342,416,500.0,60,Default,Nothing,0.0,0.0,Client_416,37,Pensioner,Dunningen,True,0.08,0.8,32.0
CR_1343,807,10000.0,6,Active,Nothing,0.0,0.0,Client_807,75,Student,Berlin,True,0.25,0.8,2000.0
CR_1344,676,5000.0,60,Default,Car,7432.2,148.644,Client_676,74,Pensioner,Schramberg,True,0.08,0.4,160.0
CR_1345,157,5000.0,24,Active,Car,0.0,0.0,Client_157,75,Director,Vs,True,0.01,0.4,20.0
CR_1346,989,5000.0,60,Active,Real Estate,4124.27,82.48540000000001,Client_989,53,Driver,Baden-Baden,True,0.12,0.2,120.0
CR_1347,945,1000.0,60,Default,Car,564.14,56.414,Client_945,49,Student,Frankfurt,True,0.25,0.4,100.0
CR_1348,272,10000.0,36,Closed,Nothing,0.0,0.0,Client_272,72,Police worker,Stuttgart,True,0.04,0.8,320.0
CR_1349,193,5000.0,36,Default,Real Estate,6089.36,121.78719999999998,Client_193,55,Police worker,Schramberg,True,0.04,0.2,40.0
CR_1350,29,50000.0,60,Closed,Deposit,72227.35,144.4547,Client_29,32,IT Specialist,Offenburg,True,0.02,0.2,200.0
CR_1351,124,5000.0,24,Active,Nothing,0.0,0.0,Client_124,48,Sportsman,Baden-Baden,True,0.08,0.8,320.0
CR_1352,73,10000.0,6,Closed,Deposit,10815.43,108.1543,Client_73,36,Brewer,Baden-Baden,True,0.04,0.2,80.0
CR_1353,823,5000.0,60,Closed,Nothing,0.0,0.0,Client_823,43,Unemployed,Frankfurt,True,0.3,0.8,1200.0
CR_1354,301,500.0,12,Active,Nothing,0.0,0.0,Client_301,69,Sportsman,Rottweil,True,0.08,0.8,32.0
CR_1355,883,500.0,24,Closed,Deposit,743.69,148.73800000000003,Client_883,69,Sportsman,Stuttgart,True,0.08,0.2,8.0
CR_1356,446,5000.0,36,Closed,Car,0.0,0.0,Client_446,16,Brewer,Tuttlingen,False,0.048,0.4,96.00000000000001
CR_1357,375,500.0,12,Closed,Nothing,0.0,0.0,Client_375,47,IT Specialist,Offenburg,True,0.02,0.8,8.0
CR_1358,336,25000.0,6,Active,Deposit,30585.32,122.34128,Client_336,63,Brewer,Vs,True,0.04,0.2,200.0
CR_1359,371,25000.0,60,Default,Real Estate,20862.79,83.45116,Client_371,61,Police worker,Frankfurt,True,0.04,0.2,200.0
CR_1360,253,5000.0,24,Default,Deposit,0.0,0.0,Client_253,22,Sportsman,Frankfurt,True,0.08,0.2,80.0
CR_1361,170,500.0,24,Default,Real Estate,491.46,98.292,Client_170,71,Brewer,Sulgen,True,0.04,0.2,4.0
CR_1362,30,5000.0,12,Active,Deposit,0.0,0.0,Client_30,50,Unemployed,Tuttlingen,True,0.3,0.2,300.0
CR_1363,138,5000.0,6,Default,Deposit,5322.11,106.4422,Client_138,37,Driver,Offenburg,True,0.12,0.2,120.0
CR_1364,890,1000.0,60,Default,Nothing,0.0,0.0,Client_890,75,Engineer,Schramberg,True,0.03,0.8,24.0
CR_1365,742,5000.0,6,Default,Deposit,5073.48,101.4696,Client_742,43,Seller,Sulgen,True,0.06,0.2,60.0
CR_1366,247,25000.0,60,Closed,Nothing,0.0,0.0,Client_247,68,Security,Sulgen,True,0.09,0.8,1799.9999999999998
CR_1367,896,5000.0,12,Active,Nothing,0.0,0.0,Client_896,18,IT Specialist,Bratslaw,True,0.02,0.8,80.0
CR_1368,935,50000.0,24,Active,Nothing,0.0,0.0,Client_935,27,Pensioner,Dunningen,True,0.08,0.8,3200.0
CR_1369,246,25000.0,12,Closed,Car,21486.29,85.94516,Client_246,28,Sportsman,Dunningen,True,0.08,0.4,800.0
CR_1370,745,1000.0,6,Closed,Deposit,1177.12,117.712,Client_745,26,Director,Hardt,True,0.01,0.2,2.0
CR_1371,419,10000.0,6,Active,Car,10420.55,104.2055,Client_419,60,Manager,Offenburg,True,0.05,0.4,200.00000000000003
CR_1372,370,50000.0,24,Default,Real Estate,53147.03,106.29406,Client_370,34,Student,Frankfurt,True,0.25,0.2,2500.0
CR_1373,168,25000.0,60,Active,Real Estate,33347.94,133.39176,Client_168,54,Manager,Bratslaw,True,0.05,0.2,250.00000000000006
CR_1374,828,50000.0,36,Closed,Real Estate,64937.25,129.8745,Client_828,53,Sportsman,Frankfurt,True,0.08,0.2,800.0
CR_1375,620,500.0,12,Default,Car,726.32,145.264,Client_620,21,Director,Rottweil,True,0.01,0.4,2.0
CR_1376,885,50000.0,12,Closed,Deposit,30273.18,60.54636,Client_885,19,Pensioner,Berlin,True,0.08,0.2,800.0
CR_1377,924,50000.0,24,Closed,Car,46042.05,92.0841,Client_924,74,Manager,Tuttlingen,True,0.05,0.4,1000.0000000000002
CR_1378,142,5000.0,60,Closed,Deposit,7481.92,149.6384,Client_142,46,Teacher,Dunningen,True,0.02,0.2,20.0
CR_1379,546,1000.0,24,Default,Nothing,0.0,0.0,Client_546,56,Manager,Baden-Baden,True,0.05,0.8,40.00000000000001
CR_1380,407,500.0,36,Active,Car,318.15,63.63,Client_407,21,Police worker,Bratslaw,True,0.04,0.4,8.0
CR_1381,606,500.0,36,Closed,Nothing,0.0,0.0,Client_606,58,Seller,Offenburg,True,0.06,0.8,24.0
CR_1382,46,1000.0,24,Default,Deposit,1326.08,132.608,Client_46,30,Teacher,Dunningen,True,0.02,0.2,4.0
CR_1383,768,5000.0,24,Closed,Deposit,2707.23,54.1446,Client_768,44,Driver,Hamburg,True,0.12,0.2,120.0
CR_1384,847,5000.0,60,Default,Deposit,5879.09,117.5818,Client_847,23,Teacher,Hardt,True,0.02,0.2,20.0
CR_1385,545,5000.0,6,Closed,Car,2950.46,59.00920000000001,Client_545,59,Driver,Dunningen,True,0.12,0.4,240.0
CR_1386,168,25000.0,24,Closed,Car,31400.88,125.60352000000002,Client_168,54,Manager,Bratslaw,True,0.05,0.4,500.0000000000001
CR_1387,823,25000.0,60,Default,Deposit,35337.97,141.35188,Client_823,43,Unemployed,Frankfurt,True,0.3,0.2,1500.0
CR_1388,511,25000.0,60,Active,Car,27689.51,110.75804,Client_511,46,Director,Munich,True,0.01,0.4,100.0
CR_1389,602,1000.0,36,Active,Real Estate,1182.62,118.26199999999996,Client_602,26,Police worker,Frankfurt,True,0.04,0.2,8.0
CR_1390,955,10000.0,6,Default,Deposit,9740.89,97.4089,Client_955,54,Student,Hamburg,True,0.25,0.2,500.0
CR_1391,721,10000.0,6,Closed,Car,9781.89,97.8189,Client_721,17,Student,Sulgen,False,0.3,0.4,1200.0
CR_1392,829,5000.0,36,Default,Real Estate,7397.69,147.9538,Client_829,56,IT Specialist,Bratslaw,True,0.02,0.2,20.0
CR_1393,494,500.0,24,Default,Deposit,413.3,82.66,Client_494,20,IT Specialist,Sulgen,True,0.02,0.2,2.0
CR_1394,613,5000.0,6,Default,Nothing,0.0,0.0,Client_613,47,Director,Tuttlingen,True,0.01,0.8,40.0
CR_1395,918,1000.0,24,Active,Deposit,1285.0,128.5,Client_918,47,IT Specialist,Hardt,True,0.02,0.2,4.0
CR_1396,579,25000.0,60,Default,Deposit,26782.81,107.13124,Client_579,56,Engineer,Hamburg,True,0.03,0.2,150.0
CR_1397,21,5000.0,6,Active,Nothing,0.0,0.0,Client_21,65,Driver,Tuttlingen,True,0.12,0.8,480.0
CR_1398,834,50000.0,24,Active,Real Estate,25589.0,51.178,Client_834,49,Pensioner,Rottweil,True,0.08,0.2,800.0
CR_1399,336,1000.0,60,Active,Car,1195.13,119.513,Client_336,63,Brewer,Vs,True,0.04,0.4,16.0
CR_1400,442,5000.0,36,Default,Car,0.0,0.0,Client_442,58,Engineer,Baden-Baden,True,0.03,0.4,60.0
CR_1401,849,25000.0,36,Active,Real Estate,17536.21,70.14484,Client_849,44,Brewer,Rottweil,True,0.04,0.2,200.0
CR_1402,927,5000.0,6,Active,Car,0.0,0.0,Client_927,20,Engineer,Sulgen,True,0.03,0.4,60.0
CR_1403,652,5000.0,12,Active,Nothing,0.0,0.0,Client_652,59,Seller,Offenburg,True,0.06,0.8,240.0
CR_1404,379,10000.0,24,Active,Real Estate,5109.44,51.09439999999999,Client_379,25,Security,Frankfurt,True,0.09,0.2,180.0
CR_1405,96,50000.0,36,Default,Nothing,0.0,0.0,Client_96,31,Driver,Vs,True,0.12,0.8,4800.0
CR_1406,677,5000.0,60,Active,Deposit,3247.49,64.9498,Client_677,30,Director,Rottweil,True,0.01,0.2,10.0
CR_1407,609,25000.0,60,Default,Nothing,0.0,0.0,Client_609,35,Pensioner,Dunningen,True,0.08,0.8,1600.0
CR_1408,516,1000.0,6,Default,Real Estate,766.06,76.606,Client_516,68,Pensioner,Berlin,True,0.08,0.2,16.0
CR_1409,139,5000.0,24,Closed,Deposit,0.0,0.0,Client_139,34,IT Specialist,Hardt,True,0.02,0.2,20.0
CR_1410,188,5000.0,36,Closed,Nothing,0.0,0.0,Client_188,41,IT Specialist,Hardt,True,0.02,0.8,80.0
CR_1411,29,25000.0,60,Default,Real Estate,31470.32,125.88128,Client_29,32,IT Specialist,Offenburg,True,0.02,0.2,100.0
CR_1412,890,500.0,60,Closed,Nothing,0.0,0.0,Client_890,75,Engineer,Schramberg,True,0.03,0.8,12.0
CR_1413,56,1000.0,36,Closed,Real Estate,1043.82,104.382,Client_56,54,Director,Frankfurt,True,0.01,0.2,2.0
CR_1414,610,50000.0,6,Closed,Nothing,0.0,0.0,Client_610,67,Security,Frankfurt,True,0.09,0.8,3599.9999999999995
CR_1415,977,5000.0,6,Active,Nothing,0.0,0.0,Client_977,65,IT Specialist,Sulgen,True,0.02,0.8,80.0
CR_1416,662,5000.0,12,Default,Real Estate,0.0,0.0,Client_662,62,Security,Vs,True,0.09,0.2,90.0
CR_1417,934,25000.0,12,Active,Nothing,0.0,0.0,Client_934,50,Director,Munich,True,0.01,0.8,200.0
CR_1418,631,10000.0,12,Default,Car,13804.37,138.0437,Client_631,41,Director,Dunningen,True,0.01,0.4,40.0
CR_1419,756,10000.0,24,Active,Real Estate,7853.74,78.5374,Client_756,67,Brewer,Offenburg,True,0.04,0.2,80.0
CR_1420,28,5000.0,24,Default,Deposit,4363.22,87.26440000000001,Client_28,59,Brewer,Rottweil,True,0.04,0.2,40.0
CR_1421,536,5000.0,36,Active,Car,6507.65,130.153,Client_536,46,Police worker,Sulgen,True,0.04,0.4,80.0
CR_1422,821,5000.0,36,Default,Nothing,0.0,0.0,Client_821,34,Police worker,Berlin,True,0.04,0.8,160.0
CR_1423,743,25000.0,6,Closed,Real Estate,17437.8,69.7512,Client_743,36,Seller,Frankfurt,True,0.06,0.2,300.0
CR_1424,742,25000.0,24,Active,Real Estate,13852.36,55.40944,Client_742,43,Seller,Sulgen,True,0.06,0.2,300.0
CR_1425,382,25000.0,36,Closed,Nothing,0.0,0.0,Client_382,71,Seller,Hamburg,True,0.06,0.8,1200.0
CR_1426,631,25000.0,12,Closed,Car,32670.5,130.68200000000002,Client_631,41,Director,Dunningen,True,0.01,0.4,100.0
CR_1427,371,5000.0,60,Default,Car,0.0,0.0,Client_371,61,Police worker,Frankfurt,True,0.04,0.4,80.0
CR_1428,387,5000.0,6,Default,Nothing,0.0,0.0,Client_387,61,Police worker,Frankfurt,True,0.04,0.8,160.0
CR_1429,618,25000.0,6,Default,Real Estate,23462.23,93.84892,Client_618,42,Brewer,Frankfurt,True,0.04,0.2,200.0
CR_1430,296,1000.0,24,Active,Deposit,1275.0,127.5,Client_296,32,Seller,Munich,True,0.06,0.2,12.0
CR_1431,449,50000.0,6,Closed,Nothing,0.0,0.0,Client_449,34,Driver,Rottweil,True,0.12,0.8,4800.0
CR_1432,893,5000.0,6,Active,Deposit,0.0,0.0,Client_893,39,Sportsman,Stuttgart,True,0.08,0.2,80.0
CR_1433,188,1000.0,12,Default,Deposit,600.34,60.034,Client_188,41,IT Specialist,Hardt,True,0.02,0.2,4.0
CR_1434,168,1000.0,24,Closed,Deposit,524.6,52.46000000000001,Client_168,54,Manager,Bratslaw,True,0.05,0.2,10.000000000000002
CR_1435,280,25000.0,24,Default,Nothing,0.0,0.0,Client_280,44,Unemployed,Frankfurt,True,0.3,0.8,6000.0
CR_1436,941,5000.0,36,Default,Deposit,6657.9,133.158,Client_941,36,Student,Tuttlingen,True,0.25,0.2,250.0
CR_1437,583,50000.0,60,Active,Car,58669.65,117.3393,Client_583,63,IT Specialist,Offenburg,True,0.02,0.4,400.0
CR_1438,409,25000.0,36,Closed,Real Estate,23876.31,95.50524,Client_409,18,Brewer,Hamburg,True,0.04,0.2,200.0
CR_1439,461,5000.0,6,Default,Deposit,0.0,0.0,Client_461,23,Manager,Schramberg,True,0.05,0.2,50.00000000000001
CR_1440,615,5000.0,36,Active,Real Estate,0.0,0.0,Client_615,36,Police worker,Rottweil,True,0.04,0.2,40.0
CR_1441,86,5000.0,6,Closed,Deposit,0.0,0.0,Client_86,28,Manager,Dunningen,True,0.05,0.2,50.00000000000001
CR_1442,213,5000.0,12,Active,Car,5769.89,115.39780000000002,Client_213,58,Brewer,Dunningen,True,0.04,0.4,80.0
CR_1443,84,500.0,60,Active,Deposit,534.36,106.872,Client_84,59,Sportsman,Dunningen,True,0.08,0.2,8.0
CR_1444,711,5000.0,60,Default,Nothing,0.0,0.0,Client_711,69,Student,Hardt,True,0.25,0.8,1000.0
CR_1445,508,50000.0,36,Active,Deposit,50133.95,100.26789999999998,Client_508,54,Police worker,Bratslaw,True,0.04,0.2,400.0
CR_1446,28,25000.0,6,Default,Real Estate,34636.46,138.54584,Client_28,59,Brewer,Rottweil,True,0.04,0.2,200.0
CR_1447,387,500.0,60,Default,Real Estate,553.15,110.63,Client_387,61,Police worker,Frankfurt,True,0.04,0.2,4.0
CR_1448,201,10000.0,60,Active,Nothing,0.0,0.0,Client_201,52,Manager,Bratslaw,True,0.05,0.8,400.00000000000006
CR_1449,60,5000.0,6,Default,Car,2875.26,57.5052,Client_60,69,Director,Tuttlingen,True,0.01,0.4,20.0
CR_1450,18,25000.0,36,Closed,Car,22157.67,88.63068,Client_18,68,Teacher,Stuttgart,True,0.02,0.4,200.0
CR_1451,981,25000.0,60,Active,Nothing,0.0,0.0,Client_981,53,Police worker,Bratslaw,True,0.04,0.8,800.0
CR_1452,169,500.0,36,Active,Nothing,0.0,0.0,Client_169,61,Manager,Munich,True,0.05,0.8,20.000000000000004
CR_1453,12,50000.0,60,Active,Real Estate,56025.62,112.05124,Client_12,30,Security,Frankfurt,True,0.09,0.2,899.9999999999999
CR_1454,359,500.0,12,Active,Nothing,0.0,0.0,Client_359,69,Pensioner,Berlin,True,0.08,0.8,32.0
CR_1455,882,50000.0,12,Default,Real Estate,37709.83,75.41966,Client_882,66,Pensioner,Baden-Baden,True,0.08,0.2,800.0
CR_1456,287,5000.0,36,Closed,Car,4909.95,98.199,Client_287,44,Teacher,Frankfurt,True,0.02,0.4,40.0
CR_1457,653,50000.0,6,Active,Car,35019.31,70.03862,Client_653,69,Unemployed,Baden-Baden,True,0.3,0.4,6000.0
CR_1458,527,500.0,36,Closed,Car,558.96,111.792,Client_527,25,Student,Frankfurt,True,0.25,0.4,50.0
CR_1459,379,1000.0,12,Closed,Car,955.09,95.509,Client_379,25,Security,Frankfurt,True,0.09,0.4,36.0
CR_1460,724,10000.0,12,Closed,Real Estate,11168.96,111.68959999999998,Client_724,49,Student,Vs,True,0.25,0.2,500.0
CR_1461,305,10000.0,24,Closed,Real Estate,12564.8,125.64799999999998,Client_305,54,Sportsman,Munich,True,0.08,0.2,160.0
CR_1462,155,5000.0,12,Active,Deposit,0.0,0.0,Client_155,51,Manager,Baden-Baden,True,0.05,0.2,50.00000000000001
CR_1463,87,1000.0,12,Closed,Nothing,0.0,0.0,Client_87,58,Police worker,Sulgen,True,0.04,0.8,32.0
CR_1464,217,1000.0,24,Closed,Car,854.65,85.465,Client_217,25,Sportsman,Dunningen,True,0.08,0.4,32.0
CR_1465,812,1000.0,12,Closed,Deposit,574.85,57.485,Client_812,59,Pensioner,Dunningen,True,0.08,0.2,16.0
CR_1466,622,10000.0,60,Closed,Nothing,0.0,0.0,Client_622,59,Manager,Baden-Baden,True,0.05,0.8,400.00000000000006
CR_1467,254,1000.0,6,Default,Deposit,1491.84,149.18399999999997,Client_254,58,Manager,Sulgen,True,0.05,0.2,10.000000000000002
CR_1468,211,5000.0,36,Closed,Nothing,0.0,0.0,Client_211,31,Police worker,Frankfurt,True,0.04,0.8,160.0
CR_1469,71,25000.0,36,Active,Deposit,16574.53,66.29812,Client_71,32,Sportsman,Schramberg,True,0.08,0.2,400.0
CR_1470,111,50000.0,24,Closed,Nothing,0.0,0.0,Client_111,66,Police worker,Sulgen,True,0.04,0.8,1600.0
CR_1471,383,1000.0,12,Default,Real Estate,1100.33,110.033,Client_383,49,Seller,Munich,True,0.06,0.2,12.0
CR_1472,780,1000.0,6,Active,Real Estate,1340.06,134.006,Client_780,72,Brewer,Frankfurt,True,0.04,0.2,8.0
CR_1473,330,5000.0,6,Closed,Deposit,0.0,0.0,Client_330,50,Sportsman,Dunningen,True,0.08,0.2,80.0
CR_1474,617,10000.0,6,Closed,Deposit,10846.02,108.4602,Client_617,50,Student,Rottweil,True,0.25,0.2,500.0
CR_1475,554,10000.0,36,Active,Real Estate,9263.09,92.6309,Client_554,17,Pensioner,Dunningen,False,0.096,0.2,192.00000000000003
CR_1476,728,5000.0,12,Active,Car,2919.21,58.3842,Client_728,51,Engineer,Hamburg,True,0.03,0.4,60.0
CR_1477,91,10000.0,36,Closed,Nothing,0.0,0.0,Client_91,37,IT Specialist,Vs,True,0.02,0.8,160.0
CR_1478,209,25000.0,24,Closed,Car,20022.88,80.09152,Client_209,38,Sportsman,Munich,True,0.08,0.4,800.0
CR_1479,561,1000.0,36,Active,Real Estate,1003.94,100.394,Client_561,16,Student,Munich,False,0.3,0.2,60.0
CR_1480,256,5000.0,12,Default,Deposit,0.0,0.0,Client_256,67,Driver,Hardt,True,0.12,0.2,120.0
CR_1481,589,5000.0,6,Active,Deposit,3452.13,69.0426,Client_589,30,Brewer,Dunningen,True,0.04,0.2,40.0
CR_1482,510,50000.0,24,Default,Deposit,36135.36,72.27072,Client_510,48,Manager,Dunningen,True,0.05,0.2,500.0000000000001
CR_1483,558,25000.0,36,Closed,Real Estate,28075.66,112.30264,Client_558,45,Police worker,Stuttgart,True,0.04,0.2,200.0
CR_1484,639,10000.0,60,Active,Nothing,0.0,0.0,Client_639,69,Unemployed,Frankfurt,True,0.3,0.8,2400.0
CR_1485,784,5000.0,60,Default,Deposit,0.0,0.0,Client_784,27,Unemployed,Hamburg,True,0.3,0.2,300.0
CR_1486,472,5000.0,24,Active,Nothing,0.0,0.0,Client_472,24,Pensioner,Bratslaw,True,0.08,0.8,320.0
CR_1487,574,1000.0,24,Default,Deposit,795.58,79.558,Client_574,58,Sportsman,Tuttlingen,True,0.08,0.2,16.0
CR_1488,593,1000.0,36,Closed,Deposit,732.8,73.28,Client_593,73,Director,Stuttgart,True,0.01,0.2,2.0
CR_1489,374,1000.0,6,Closed,Nothing,0.0,0.0,Client_374,65,Driver,Frankfurt,True,0.12,0.8,96.0
CR_1490,908,5000.0,12,Default,Real Estate,0.0,0.0,Client_908,63,Seller,Baden-Baden,True,0.06,0.2,60.0
CR_1491,588,500.0,24,Closed,Car,503.62,100.724,Client_588,41,Director,Hamburg,True,0.01,0.4,2.0
CR_1492,363,50000.0,60,Closed,Car,49619.96,99.23992,Client_363,73,Pensioner,Schramberg,True,0.08,0.4,1600.0
CR_1493,455,10000.0,24,Default,Real Estate,13795.71,137.9571,Client_455,34,Director,Stuttgart,True,0.01,0.2,20.0
CR_1494,405,500.0,24,Closed,Car,423.33,84.666,Client_405,56,Unemployed,Vs,True,0.3,0.4,60.0
CR_1495,392,10000.0,36,Default,Nothing,0.0,0.0,Client_392,41,Manager,Offenburg,True,0.05,0.8,400.00000000000006
CR_1496,64,5000.0,60,Closed,Deposit,0.0,0.0,Client_64,70,Brewer,Offenburg,True,0.04,0.2,40.0
CR_1497,925,10000.0,60,Active,Car,7919.92,79.1992,Client_925,61,Unemployed,Hardt,True,0.3,0.4,1200.0
CR_1498,585,5000.0,36,Default,Real Estate,6614.67,132.29340000000002,Client_585,39,Brewer,Offenburg,True,0.04,0.2,40.0
CR_1499,887,25000.0,12,Default,Nothing,0.0,0.0,Client_887,21,Director,Frankfurt,True,0.01,0.8,200.0
CR_1500,47,5000.0,60,Default,Deposit,0.0,0.0,Client_47,45,Unemployed,Frankfurt,True,0.3,0.2,300.0
